-2.2e0 -1.8e0 5.5737982e-3 5.5737982e-3
-2.155556e0 -1.8e0 6.7644278e-3 6.7644278e-3
-2.111112e0 -1.8e0 8.1767725e-3 8.1767725e-3
-2.0666681e0 -1.8e0 9.8450739e-3 9.8450739e-3
-2.0222241e0 -1.8e0 1.18070755e-2 1.18070755e-2
-1.97778e0 -1.8e0 1.41044046e-2 1.41044046e-2
-1.933336e0 -1.8e0 1.67820941e-2 1.67820941e-2
-1.888892e0 -1.8e0 1.9889209e-2 1.9889209e-2
-1.8444481e0 -1.8e0 2.3478442e-2 2.3478442e-2
-1.8000041e0 -1.8e0 2.760727e-2 2.760727e-2
-1.75556e0 -1.8e0 3.2333148e-2 3.2333148e-2
-1.711116e0 -1.8e0 3.7719086e-2 3.7719086e-2
-1.666672e0 -1.8e0 4.3829077e-2 4.3829077e-2
-1.6222281e0 -1.8e0 5.0727008e-2 5.0727008e-2
-1.5777841e0 -1.8e0 5.848039e-2 5.848039e-2
-1.53334e0 -1.8e0 6.7152475e-2 6.7152475e-2
-1.488896e0 -1.8e0 7.680553e-2 7.680553e-2
-1.444452e0 -1.8e0 8.750072e-2 8.750072e-2
-1.4000081e0 -1.8e0 9.9291962e-2 9.9291962e-2
-1.3555641e0 -1.8e0 1.12230176e-1 1.12230176e-1
-1.31112e0 -1.8e0 1.26351288e-1 1.26351288e-1
-1.266676e0 -1.8e0 1.41688504e-1 1.41688504e-1
-1.222232e0 -1.8e0 1.58261078e-1 1.58261078e-1
-1.177788e0 -1.8e0 1.7607626e-1 1.7607626e-1
-1.133344e0 -1.8e0 1.9511856e-1 1.9511856e-1
-1.0889e0 -1.8e0 2.1537158e-1 2.1537158e-1
-1.044456e0 -1.8e0 2.3679465e-1 2.3679465e-1
-1.000012e0 -1.8e0 2.5932019e-1 2.5932019e-1
-9.55568e-1 -1.8e0 2.8286664e-1 2.8286664e-1
-9.11124e-1 -1.8e0 3.0733539e-1 3.0733539e-1
-8.6668e-1 -1.8e0 3.326012e-1 3.326012e-1
-8.22236e-1 -1.8e0 3.5853113e-1 3.5853113e-1
-7.77792e-1 -1.8e0 3.8495956e-1 3.8495956e-1
-7.33348e-1 -1.8e0 4.1170001e-1 4.1170001e-1
-6.88904e-1 -1.8e0 4.3856323e-1 4.3856323e-1
-6.4446e-1 -1.8e0 4.653328e-1 4.653328e-1
-6.00016e-1 -1.8e0 4.9179666e-1 4.9179666e-1
-5.55572e-1 -1.8e0 5.177189e-1 5.177189e-1
-5.11128e-1 -1.8e0 5.4285672e-1 5.4285672e-1
-4.66684e-1 -1.8e0 5.6696677e-1 5.6696677e-1
-4.2224e-1 -1.8e0 5.8981311e-1 5.8981311e-1
-3.77796e-1 -1.8e0 6.1115982e-1 6.1115982e-1
-3.33352e-1 -1.8e0 6.30788e-1 6.30788e-1
-2.88908e-1 -1.8e0 6.4847818e-1 6.4847818e-1
-2.44464e-1 -1.8e0 6.6403235e-1 6.6403235e-1
-2.0002e-1 -1.8e0 6.7727692e-1 6.7727692e-1
-1.55576e-1 -1.8e0 6.8806851e-1 6.8806851e-1
-1.11132e-1 -1.8e0 6.9627557e-1 6.9627557e-1
-6.6688e-2 -1.8e0 7.0179868e-1 7.0179868e-1
-2.2244e-2 -1.8e0 7.0457959e-1 7.0457959e-1
2.22e-2 -1.8e0 7.0457959e-1 7.0457959e-1
6.6644e-2 -1.8e0 7.0179868e-1 7.0179868e-1
1.11088e-1 -1.8e0 6.9628244e-1 6.9628244e-1
1.55532e-1 -1.8e0 6.8807922e-1 6.8807922e-1
1.99976e-1 -1.8e0 6.7729532e-1 6.7729532e-1
2.4442e-1 -1.8e0 6.640469e-1 6.640469e-1
2.88864e-1 -1.8e0 6.4849521e-1 6.4849521e-1
3.33308e-1 -1.8e0 6.3080887e-1 6.3080887e-1
3.77752e-1 -1.8e0 6.1118893e-1 6.1118893e-1
4.22196e-1 -1.8e0 5.8983948e-1 5.8983948e-1
4.6664e-1 -1.8e0 5.6699396e-1 5.6699396e-1
5.11084e-1 -1.8e0 5.4287814e-1 5.4287814e-1
5.55528e-1 -1.8e0 5.1774252e-1 5.1774252e-1
5.999721e-1 -1.8e0 4.918277e-1 4.918277e-1
6.44416e-1 -1.8e0 4.653663e-1 4.653663e-1
6.8886e-1 -1.8e0 4.3859125e-1 4.3859125e-1
7.33304e-1 -1.8e0 4.1172198e-1 4.1172198e-1
7.77748e-1 -1.8e0 3.8498099e-1 3.8498099e-1
8.221921e-1 -1.8e0 3.5855777e-1 3.5855777e-1
8.66636e-1 -1.8e0 3.3262839e-1 3.3262839e-1
9.1108e-1 -1.8e0 3.0735901e-1 3.0735901e-1
9.55524e-1 -1.8e0 2.8288861e-1 2.8288861e-1
9.99968e-1 -1.8e0 2.5934628e-1 2.5934628e-1
1.0444121e0 -1.8e0 2.36818e-1 2.36818e-1
1.088856e0 -1.8e0 2.1539355e-1 2.1539355e-1
1.1333e0 -1.8e0 1.9513806e-1 1.9513806e-1
1.177744e0 -1.8e0 1.76094772e-1 1.76094772e-1
1.222188e0 -1.8e0 1.58276898e-1 1.58276898e-1
1.2666321e0 -1.8e0 1.4170361e-1 1.4170361e-1
1.311076e0 -1.8e0 1.26365378e-1 1.26365378e-1
1.35552e0 -1.8e0 1.12242096e-1 1.12242096e-1
1.399964e0 -1.8e0 9.9306216e-2 9.9306216e-2
1.444408e0 -1.8e0 8.7512585e-2 8.7512585e-2
1.4888521e0 -1.8e0 7.6815747e-2 7.6815747e-2
1.533296e0 -1.8e0 6.716099e-2 6.716099e-2
1.57774e0 -1.8e0 5.848819e-2 5.848819e-2
1.622184e0 -1.8e0 5.0734781e-2 5.0734781e-2
1.666628e0 -1.8e0 4.3834872e-2 4.3834872e-2
1.7110721e0 -1.8e0 3.7724524e-2 3.7724524e-2
1.755516e0 -1.8e0 3.2337955e-2 3.2337955e-2
1.79996e0 -1.8e0 2.761117e-2 2.761117e-2
1.844404e0 -1.8e0 2.3482343e-2 2.3482343e-2
1.888848e0 -1.8e0 1.9892532e-2 1.9892532e-2
1.9332921e0 -1.8e0 1.678486e-2 1.678486e-2
1.977736e0 -1.8e0 1.41066705e-2 1.41066705e-2
2.02218e0 -1.8e0 1.18092535e-2 1.18092535e-2
2.066624e0 -1.8e0 9.8468427e-3 9.8468427e-3
2.111068e0 -1.8e0 8.1782529e-3 8.1782529e-3
2.1555121e0 -1.8e0 6.7656253e-3 6.7656253e-3
2.199956e0 -1.8e0 5.5749463e-3 5.5749463e-3

-2.2e0 -1.7636372e0 6.2169246e-3 6.2169246e-3
-2.155556e0 -1.7636372e0 7.5446925e-3 7.5446925e-3
-2.111112e0 -1.7636372e0 9.1201033e-3 9.1201033e-3
-2.0666681e0 -1.7636372e0 1.0980851e-2 1.0980851e-2
-2.0222241e0 -1.7636372e0 1.31692773e-2 1.31692773e-2
-1.97778e0 -1.7636372e0 1.57312842e-2 1.57312842e-2
-1.933336e0 -1.7636372e0 1.8717676e-2 1.8717676e-2
-1.888892e0 -1.7636372e0 2.2183296e-2 2.2183296e-2
-1.8444481e0 -1.7636372e0 2.6187164e-2 2.6187164e-2
-1.8000041e0 -1.7636372e0 3.0791898e-2 3.0791898e-2
-1.75556e0 -1.7636372e0 3.6063351e-2 3.6063351e-2
-1.711116e0 -1.7636372e0 4.2070659e-2 4.2070659e-2
-1.666672e0 -1.7636372e0 4.8884756e-2 4.8884756e-2
-1.6222281e0 -1.7636372e0 5.6579515e-2 5.6579515e-2
-1.5777841e0 -1.7636372e0 6.5226303e-2 6.5226303e-2
-1.53334e0 -1.7636372e0 7.489891e-2 7.489891e-2
-1.488896e0 -1.7636372e0 8.5665744e-2 8.5665744e-2
-1.444452e0 -1.7636372e0 9.7595723e-2 9.7595723e-2
-1.4000081e0 -1.7636372e0 1.10747433e-1 1.10747433e-1
-1.3555641e0 -1.7636372e0 1.2517631e-1 1.2517631e-1
-1.31112e0 -1.7636372e0 1.40925735e-1 1.40925735e-1
-1.266676e0 -1.7636372e0 1.58031715e-1 1.58031715e-1
-1.222232e0 -1.7636372e0 1.7651572e-1 1.7651572e-1
-1.177788e0 -1.7636372e0 1.9638246e-1 1.9638246e-1
-1.133344e0 -1.7636372e0 2.1763028e-1 2.1763028e-1
-1.0889e0 -1.7636372e0 2.4022311e-1 2.4022311e-1
-1.044456e0 -1.7636372e0 2.6410875e-1 2.6410875e-1
-1.000012e0 -1.7636372e0 2.8923416e-1 2.8923416e-1
-9.55568e-1 -1.7636372e0 3.1549791e-1 3.1549791e-1
-9.11124e-1 -1.7636372e0 3.4278537e-1 3.4278537e-1
-8.6668e-1 -1.7636372e0 3.7097621e-1 3.7097621e-1
-8.22236e-1 -1.7636372e0 3.9989339e-1 3.9989339e-1
-7.77792e-1 -1.7636372e0 4.2936061e-1 4.2936061e-1
-7.33348e-1 -1.7636372e0 4.591933e-1 4.591933e-1
-6.88904e-1 -1.7636372e0 4.8915112e-1 4.8915112e-1
-6.4446e-1 -1.7636372e0 5.1902148e-1 5.1902148e-1
-6.00016e-1 -1.7636372e0 5.4853716e-1 5.4853716e-1
-5.55572e-1 -1.7636372e0 5.7745003e-1 5.7745003e-1
-5.11128e-1 -1.7636372e0 6.0547295e-1 6.0547295e-1
-4.66684e-1 -1.7636372e0 6.3237422e-1 6.3237422e-1
-4.2224e-1 -1.7636372e0 6.5785997e-1 6.5785997e-1
-3.77796e-1 -1.7636372e0 6.8166891e-1 6.8166891e-1
-3.33352e-1 -1.7636372e0 7.0355371e-1 7.0355371e-1
-2.88908e-1 -1.7636372e0 7.2329182e-1 7.2329182e-1
-2.44464e-1 -1.7636372e0 7.406327e-1 7.406327e-1
-2.0002e-1 -1.7636372e0 7.5541544e-1 7.5541544e-1
-1.55576e-1 -1.7636372e0 7.674495e-1 7.674495e-1
-1.11132e-1 -1.7636372e0 7.7659814e-1 7.7659814e-1
-6.6688e-2 -1.7636372e0 7.8275537e-1 7.8275537e-1
-2.2244e-2 -1.7636372e0 7.8585577e-1 7.8585577e-1
2.22e-2 -1.7636372e0 7.8586815e-1 7.8586815e-1
6.6644e-2 -1.7636372e0 7.8276666e-1 7.8276666e-1
1.11088e-1 -1.7636372e0 7.7659814e-1 7.7659814e-1
1.55532e-1 -1.7636372e0 7.674624e-1 7.674624e-1
1.99976e-1 -1.7636372e0 7.5542809e-1 7.5542809e-1
2.4442e-1 -1.7636372e0 7.4065047e-1 7.4065047e-1
2.88864e-1 -1.7636372e0 7.2329774e-1 7.2329774e-1
3.33308e-1 -1.7636372e0 7.0357713e-1 7.0357713e-1
3.77752e-1 -1.7636372e0 6.8168936e-1 6.8168936e-1
4.22196e-1 -1.7636372e0 6.5788069e-1 6.5788069e-1
4.6664e-1 -1.7636372e0 6.3239413e-1 6.3239413e-1
5.11084e-1 -1.7636372e0 6.0549878e-1 6.0549878e-1
5.55528e-1 -1.7636372e0 5.7747397e-1 5.7747397e-1
5.999721e-1 -1.7636372e0 5.4856137e-1 5.4856137e-1
6.44416e-1 -1.7636372e0 5.190492e-1 5.190492e-1
6.8886e-1 -1.7636372e0 4.8918126e-1 4.8918126e-1
7.33304e-1 -1.7636372e0 4.5922345e-1 4.5922345e-1
7.77748e-1 -1.7636372e0 4.293956e-1 4.293956e-1
8.221921e-1 -1.7636372e0 3.9992325e-1 3.9992325e-1
8.66636e-1 -1.7636372e0 3.7100313e-1 3.7100313e-1
9.1108e-1 -1.7636372e0 3.4281981e-1 3.4281981e-1
9.55524e-1 -1.7636372e0 3.1552672e-1 3.1552672e-1
9.99968e-1 -1.7636372e0 2.8926215e-1 2.8926215e-1
1.0444121e0 -1.7636372e0 2.6413216e-1 2.6413216e-1
1.088856e0 -1.7636372e0 2.402433e-1 2.402433e-1
1.1333e0 -1.7636372e0 2.176529e-1 2.176529e-1
1.177744e0 -1.7636372e0 1.964048e-1 1.964048e-1
1.222188e0 -1.7636372e0 1.7653537e-1 1.7653537e-1
1.2666321e0 -1.7636372e0 1.58051279e-1 1.58051279e-1
1.311076e0 -1.7636372e0 1.4094277e-1 1.4094277e-1
1.35552e0 -1.7636372e0 1.25191408e-1 1.25191408e-1
1.399964e0 -1.7636372e0 1.10761319e-1 1.10761319e-1
1.444408e0 -1.7636372e0 9.7607968e-2 9.7607968e-2
1.4888521e0 -1.7636372e0 8.567823e-2 8.567823e-2
1.533296e0 -1.7636372e0 7.4909056e-2 7.4909056e-2
1.57774e0 -1.7636372e0 6.5235265e-2 6.5235265e-2
1.622184e0 -1.7636372e0 5.6587292e-2 5.6587292e-2
1.666628e0 -1.7636372e0 4.8892291e-2 4.8892291e-2
1.7110721e0 -1.7636372e0 4.2077118e-2 4.2077118e-2
1.755516e0 -1.7636372e0 3.6068735e-2 3.6068735e-2
1.79996e0 -1.7636372e0 3.0796823e-2 3.0796823e-2
1.844404e0 -1.7636372e0 2.6191605e-2 2.6191605e-2
1.888848e0 -1.7636372e0 2.2187038e-2 2.2187038e-2
1.9332921e0 -1.7636372e0 1.8720717e-2 1.8720717e-2
1.977736e0 -1.7636372e0 1.5734126e-2 1.5734126e-2
2.02218e0 -1.7636372e0 1.3171457e-2 1.3171457e-2
2.066624e0 -1.7636372e0 1.09828882e-2 1.09828882e-2
2.111068e0 -1.7636372e0 9.1215834e-3 9.1215834e-3
2.1555121e0 -1.7636372e0 7.5462022e-3 7.5462022e-3
2.199956e0 -1.7636372e0 6.2180629e-3 6.2180629e-3

-2.2e0 -1.7272743e0 6.9127945e-3 6.9127945e-3
-2.155556e0 -1.7272743e0 8.389224e-3 8.389224e-3
-2.111112e0 -1.7272743e0 1.01409875e-2 1.01409875e-2
-2.0666681e0 -1.7272743e0 1.22099785e-2 1.22099785e-2
-2.0222241e0 -1.7272743e0 1.46434033e-2 1.46434033e-2
-1.97778e0 -1.7272743e0 1.7492203e-2 1.7492203e-2
-1.933336e0 -1.7272743e0 2.0812965e-2 2.0812965e-2
-1.888892e0 -1.7272743e0 2.4666466e-2 2.4666466e-2
-1.8444481e0 -1.7272743e0 2.9118459e-2 2.9118459e-2
-1.8000041e0 -1.7272743e0 3.4238211e-2 3.4238211e-2
-1.75556e0 -1.7272743e0 4.0100467e-2 4.0100467e-2
-1.711116e0 -1.7272743e0 4.6779973e-2 4.6779973e-2
-1.666672e0 -1.7272743e0 5.4357669e-2 5.4357669e-2
-1.6222281e0 -1.7272743e0 6.2912808e-2 6.2912808e-2
-1.5777841e0 -1.7272743e0 7.252841e-2 7.252841e-2
-1.53334e0 -1.7272743e0 8.3282806e-2 8.3282806e-2
-1.488896e0 -1.7272743e0 9.5256042e-2 9.5256042e-2
-1.444452e0 -1.7272743e0 1.08520488e-1 1.08520488e-1
-1.4000081e0 -1.7272743e0 1.23144542e-1 1.23144542e-1
-1.3555641e0 -1.7272743e0 1.39187923e-1 1.39187923e-1
-1.31112e0 -1.7272743e0 1.56701553e-1 1.56701553e-1
-1.266676e0 -1.7272743e0 1.757222e-1 1.757222e-1
-1.222232e0 -1.7272743e0 1.9627469e-1 1.9627469e-1
-1.177788e0 -1.7272743e0 2.1836847e-1 2.1836847e-1
-1.133344e0 -1.7272743e0 2.4199092e-1 2.4199092e-1
-1.0889e0 -1.7272743e0 2.6711198e-1 2.6711198e-1
-1.044456e0 -1.7272743e0 2.9367761e-1 2.9367761e-1
-1.000012e0 -1.7272743e0 3.2161429e-1 3.2161429e-1
-9.55568e-1 -1.7272743e0 3.5082108e-1 3.5082108e-1
-9.11124e-1 -1.7272743e0 3.8116432e-1 3.8116432e-1
-8.6668e-1 -1.7272743e0 4.124999e-1 4.124999e-1
-8.22236e-1 -1.7272743e0 4.4465671e-1 4.4465671e-1
-7.77792e-1 -1.7272743e0 4.7742499e-1 4.7742499e-1
-7.33348e-1 -1.7272743e0 5.1059598e-1 5.1059598e-1
-6.88904e-1 -1.7272743e0 5.439093e-1 5.439093e-1
-6.4446e-1 -1.7272743e0 5.7712143e-1 5.7712143e-1
-6.00016e-1 -1.7272743e0 6.0994215e-1 6.0994215e-1
-5.55572e-1 -1.7272743e0 6.420821e-1 6.420821e-1
-5.11128e-1 -1.7272743e0 6.7325688e-1 6.7325688e-1
-4.66684e-1 -1.7272743e0 7.0316737e-1 7.0316737e-1
-4.2224e-1 -1.7272743e0 7.3149623e-1 7.3149623e-1
-3.77796e-1 -1.7272743e0 7.579712e-1 7.579712e-1
-3.33352e-1 -1.7272743e0 7.8230948e-1 7.8230948e-1
-2.88908e-1 -1.7272743e0 8.0425436e-1 8.0425436e-1
-2.44464e-1 -1.7272743e0 8.2354123e-1 8.2354123e-1
-2.0002e-1 -1.7272743e0 8.3996794e-1 8.3996794e-1
-1.55576e-1 -1.7272743e0 8.5335869e-1 8.5335869e-1
-1.11132e-1 -1.7272743e0 8.6353583e-1 8.6353583e-1
-6.6688e-2 -1.7272743e0 8.7038895e-1 8.7038895e-1
-2.2244e-2 -1.7272743e0 8.7383553e-1 8.7383553e-1
2.22e-2 -1.7272743e0 8.7383553e-1 8.7383553e-1
6.6644e-2 -1.7272743e0 8.7038895e-1 8.7038895e-1
1.11088e-1 -1.7272743e0 8.6353583e-1 8.6353583e-1
1.55532e-1 -1.7272743e0 8.5337871e-1 8.5337871e-1
1.99976e-1 -1.7272743e0 8.3998744e-1 8.3998744e-1
2.4442e-1 -1.7272743e0 8.2356575e-1 8.2356575e-1
2.88864e-1 -1.7272743e0 8.0427255e-1 8.0427255e-1
3.33308e-1 -1.7272743e0 7.8233347e-1 7.8233347e-1
3.77752e-1 -1.7272743e0 7.5799625e-1 7.5799625e-1
4.22196e-1 -1.7272743e0 7.3151996e-1 7.3151996e-1
4.6664e-1 -1.7272743e0 7.0318503e-1 7.0318503e-1
5.11084e-1 -1.7272743e0 6.7328561e-1 6.7328561e-1
5.55528e-1 -1.7272743e0 6.421169e-1 6.421169e-1
5.999721e-1 -1.7272743e0 6.099722e-1 6.099722e-1
6.44416e-1 -1.7272743e0 5.7715332e-1 5.7715332e-1
6.8886e-1 -1.7272743e0 5.4394437e-1 5.4394437e-1
7.33304e-1 -1.7272743e0 5.1062682e-1 5.1062682e-1
7.77748e-1 -1.7272743e0 4.7746188e-1 4.7746188e-1
8.221921e-1 -1.7272743e0 4.4468832e-1 4.4468832e-1
8.66636e-1 -1.7272743e0 4.1253468e-1 4.1253468e-1
9.1108e-1 -1.7272743e0 3.8119226e-1 3.8119226e-1
9.55524e-1 -1.7272743e0 3.5084612e-1 3.5084612e-1
9.99968e-1 -1.7272743e0 3.2164012e-1 3.2164012e-1
1.0444121e0 -1.7272743e0 2.937074e-1 2.937074e-1
1.088856e0 -1.7272743e0 2.6713518e-1 2.6713518e-1
1.1333e0 -1.7272743e0 2.4201596e-1 2.4201596e-1
1.177744e0 -1.7272743e0 2.1838824e-1 2.1838824e-1
1.222188e0 -1.7272743e0 1.9629471e-1 1.9629471e-1
1.2666321e0 -1.7272743e0 1.7574196e-1 1.7574196e-1
1.311076e0 -1.7272743e0 1.56720819e-1 1.56720819e-1
1.35552e0 -1.7272743e0 1.39204897e-1 1.39204897e-1
1.399964e0 -1.7272743e0 1.23160013e-1 1.23160013e-1
1.444408e0 -1.7272743e0 1.08535143e-1 1.08535143e-1
1.4888521e0 -1.7272743e0 9.5268219e-2 9.5268219e-2
1.533296e0 -1.7272743e0 8.3294351e-2 8.3294351e-2
1.57774e0 -1.7272743e0 7.253795e-2 7.253795e-2
1.622184e0 -1.7272743e0 6.2921611e-2 6.2921611e-2
1.666628e0 -1.7272743e0 5.4365338e-2 5.4365338e-2
1.7110721e0 -1.7272743e0 4.6786879e-2 4.6786879e-2
1.755516e0 -1.7272743e0 4.0106555e-2 4.0106555e-2
1.79996e0 -1.7272743e0 3.4244061e-2 3.4244061e-2
1.844404e0 -1.7272743e0 2.9123071e-2 2.9123071e-2
1.888848e0 -1.7272743e0 2.467063e-2 2.467063e-2
1.9332921e0 -1.7272743e0 2.0816577e-2 2.0816577e-2
1.977736e0 -1.7272743e0 1.7495049e-2 1.7495049e-2
2.02218e0 -1.7272743e0 1.46460362e-2 1.46460362e-2
2.066624e0 -1.7272743e0 1.22122293e-2 1.22122293e-2
2.111068e0 -1.7272743e0 1.01427876e-2 1.01427876e-2
2.1555121e0 -1.7272743e0 8.390895e-3 8.390895e-3
2.199956e0 -1.7272743e0 6.9141756e-3 6.9141756e-3

-2.2e0 -1.6909114e0 7.6628629e-3 7.6628629e-3
-2.155556e0 -1.6909114e0 9.299623e-3 9.299623e-3
-2.111112e0 -1.6909114e0 1.12413618e-2 1.12413618e-2
-2.0666681e0 -1.6909114e0 1.35350352e-2 1.35350352e-2
-2.0222241e0 -1.6909114e0 1.62322972e-2 1.62322972e-2
-1.97778e0 -1.6909114e0 1.9390167e-2 1.9390167e-2
-1.933336e0 -1.6909114e0 2.307157e-2 2.307157e-2
-1.888892e0 -1.6909114e0 2.7343434e-2 2.7343434e-2
-1.8444481e0 -1.6909114e0 3.2278262e-2 3.2278262e-2
-1.8000041e0 -1.6909114e0 3.7953716e-2 3.7953716e-2
-1.75556e0 -1.6909114e0 4.4450862e-2 4.4450862e-2
-1.711116e0 -1.6909114e0 5.1856342e-2 5.1856342e-2
-1.666672e0 -1.6909114e0 6.025566e-2 6.025566e-2
-1.6222281e0 -1.6909114e0 6.9739896e-2 6.9739896e-2
-1.5777841e0 -1.6909114e0 8.0397498e-2 8.0397498e-2
-1.53334e0 -1.6909114e0 9.2320392e-2 9.2320392e-2
-1.488896e0 -1.6909114e0 1.05593312e-1 1.05593312e-1
-1.444452e0 -1.6909114e0 1.20296783e-1 1.20296783e-1
-1.4000081e0 -1.6909114e0 1.36507591e-1 1.36507591e-1
-1.3555641e0 -1.6909114e0 1.5429212e-1 1.5429212e-1
-1.31112e0 -1.6909114e0 1.7370445e-1 1.7370445e-1
-1.266676e0 -1.6909114e0 1.9478795e-1 1.9478795e-1
-1.222232e0 -1.6909114e0 2.1757408e-1 2.1757408e-1
-1.177788e0 -1.6909114e0 2.4206361e-1 2.4206361e-1
-1.133344e0 -1.6909114e0 2.6824855e-1 2.6824855e-1
-1.0889e0 -1.6909114e0 2.9609534e-1 2.9609534e-1
-1.044456e0 -1.6909114e0 3.2554259e-1 3.2554259e-1
-1.000012e0 -1.6909114e0 3.565121e-1 3.565121e-1
-9.55568e-1 -1.6909114e0 3.8888133e-1 3.8888133e-1
-9.11124e-1 -1.6909114e0 4.2252284e-1 4.2252284e-1
-8.6668e-1 -1.6909114e0 4.5726244e-1 4.5726244e-1
-8.22236e-1 -1.6909114e0 4.9291103e-1 4.9291103e-1
-7.77792e-1 -1.6909114e0 5.2923792e-1 5.2923792e-1
-7.33348e-1 -1.6909114e0 5.6599284e-1 5.6599284e-1
-6.88904e-1 -1.6909114e0 6.0292943e-1 6.0292943e-1
-6.4446e-1 -1.6909114e0 6.3974113e-1 6.3974113e-1
-6.00016e-1 -1.6909114e0 6.7612195e-1 6.7612195e-1
-5.55572e-1 -1.6909114e0 7.1174911e-1 7.1174911e-1
-5.11128e-1 -1.6909114e0 7.4631068e-1 7.4631068e-1
-4.66684e-1 -1.6909114e0 7.7945241e-1 7.7945241e-1
-4.2224e-1 -1.6909114e0 8.108657e-1 8.108657e-1
-3.77796e-1 -1.6909114e0 8.4022446e-1 8.4022446e-1
-3.33352e-1 -1.6909114e0 8.6720175e-1 8.6720175e-1
-2.88908e-1 -1.6909114e0 8.9151532e-1 8.9151532e-1
-2.44464e-1 -1.6909114e0 9.1290817e-1 9.1290817e-1
-2.0002e-1 -1.6909114e0 9.3112491e-1 9.3112491e-1
-1.55576e-1 -1.6909114e0 9.4594928e-1 9.4594928e-1
-1.11132e-1 -1.6909114e0 9.5722804e-1 9.5722804e-1
-6.6688e-2 -1.6909114e0 9.64826e-1 9.64826e-1
-2.2244e-2 -1.6909114e0 9.6864537e-1 9.6864537e-1
2.22e-2 -1.6909114e0 9.6864537e-1 9.6864537e-1
6.6644e-2 -1.6909114e0 9.6483968e-1 9.6483968e-1
1.11088e-1 -1.6909114e0 9.5724689e-1 9.5724689e-1
1.55532e-1 -1.6909114e0 9.4595805e-1 9.4595805e-1
1.99976e-1 -1.6909114e0 9.3114272e-1 9.3114272e-1
2.4442e-1 -1.6909114e0 9.1292392e-1 9.1292392e-1
2.88864e-1 -1.6909114e0 8.9154189e-1 8.9154189e-1
3.33308e-1 -1.6909114e0 8.6722781e-1 8.6722781e-1
3.77752e-1 -1.6909114e0 8.4025026e-1 8.4025026e-1
4.22196e-1 -1.6909114e0 8.10899e-1 8.10899e-1
4.6664e-1 -1.6909114e0 7.7949446e-1 7.7949446e-1
5.11084e-1 -1.6909114e0 7.463432e-1 7.463432e-1
5.55528e-1 -1.6909114e0 7.1177827e-1 7.1177827e-1
5.999721e-1 -1.6909114e0 6.76164e-1 6.76164e-1
6.44416e-1 -1.6909114e0 6.3977261e-1 6.3977261e-1
6.8886e-1 -1.6909114e0 6.02972e-1 6.02972e-1
7.33304e-1 -1.6909114e0 5.6604161e-1 5.6604161e-1
7.77748e-1 -1.6909114e0 5.2926784e-1 5.2926784e-1
8.221921e-1 -1.6909114e0 4.9294225e-1 4.9294225e-1
8.66636e-1 -1.6909114e0 4.572965e-1 4.572965e-1
9.1108e-1 -1.6909114e0 4.225525e-1 4.225525e-1
9.55524e-1 -1.6909114e0 3.8892108e-1 3.8892108e-1
9.99968e-1 -1.6909114e0 3.5654228e-1 3.5654228e-1
1.0444121e0 -1.6909114e0 3.2557355e-1 3.2557355e-1
1.088856e0 -1.6909114e0 2.961263e-1 2.961263e-1
1.1333e0 -1.6909114e0 2.682759e-1 2.682759e-1
1.177744e0 -1.6909114e0 2.4208864e-1 2.4208864e-1
1.222188e0 -1.6909114e0 2.1759705e-1 2.1759705e-1
1.2666321e0 -1.6909114e0 1.9481143e-1 1.9481143e-1
1.311076e0 -1.6909114e0 1.7372173e-1 1.7372173e-1
1.35552e0 -1.6909114e0 1.54309021e-1 1.54309021e-1
1.399964e0 -1.6909114e0 1.36523795e-1 1.36523795e-1
1.444408e0 -1.6909114e0 1.20311748e-1 1.20311748e-1
1.4888521e0 -1.6909114e0 1.05605696e-1 1.05605696e-1
1.533296e0 -1.6909114e0 9.2333395e-2 9.2333395e-2
1.57774e0 -1.6909114e0 8.0408694e-2 8.0408694e-2
1.622184e0 -1.6909114e0 6.9749985e-2 6.9749985e-2
1.666628e0 -1.6909114e0 6.0264381e-2 6.0264381e-2
1.7110721e0 -1.6909114e0 5.1863385e-2 5.1863385e-2
1.755516e0 -1.6909114e0 4.4457698e-2 4.4457698e-2
1.79996e0 -1.6909114e0 3.7959392e-2 3.7959392e-2
1.844404e0 -1.6909114e0 3.2283319e-2 3.2283319e-2
1.888848e0 -1.6909114e0 2.734764e-2 2.734764e-2
1.9332921e0 -1.6909114e0 2.3075285e-2 2.3075285e-2
1.977736e0 -1.6909114e0 1.9393625e-2 1.9393625e-2
2.02218e0 -1.6909114e0 1.62352179e-2 1.62352179e-2
2.066624e0 -1.6909114e0 1.35374554e-2 1.35374554e-2
2.111068e0 -1.6909114e0 1.12433795e-2 1.12433795e-2
2.1555121e0 -1.6909114e0 9.3013052e-3 9.3013052e-3
2.199956e0 -1.6909114e0 7.6643181e-3 7.6643181e-3

-2.2e0 -1.6545485e0 8.4680469e-3 8.4680469e-3
-2.155556e0 -1.6545485e0 1.02767096e-2 1.02767096e-2
-2.111112e0 -1.6545485e0 1.24225685e-2 1.24225685e-2
-2.0666681e0 -1.6545485e0 1.49569899e-2 1.49569899e-2
-2.0222241e0 -1.6545485e0 1.7937471e-2 1.7937471e-2
-1.97778e0 -1.6545485e0 2.1427661e-2 2.1427661e-2
-1.933336e0 -1.6545485e0 2.5495792e-2 2.5495792e-2
-1.888892e0 -1.6545485e0 3.0216391e-2 3.0216391e-2
-1.8444481e0 -1.6545485e0 3.5669969e-2 3.5669969e-2
-1.8000041e0 -1.6545485e0 4.194148e-2 4.194148e-2
-1.75556e0 -1.6545485e0 4.912219e-2 4.912219e-2
-1.711116e0 -1.6545485e0 5.730445e-2 5.730445e-2
-1.666672e0 -1.6545485e0 6.658758e-2 6.658758e-2
-1.6222281e0 -1.6545485e0 7.7066833e-2 7.7066833e-2
-1.5777841e0 -1.6545485e0 8.8846101e-2 8.8846101e-2
-1.53334e0 -1.6545485e0 1.02019778e-1 1.02019778e-1
-1.488896e0 -1.6545485e0 1.16686906e-1 1.16686906e-1
-1.444452e0 -1.6545485e0 1.32935924e-1 1.32935924e-1
-1.4000081e0 -1.6545485e0 1.50849841e-1 1.50849841e-1
-1.3555641e0 -1.6545485e0 1.7049908e-1 1.7049908e-1
-1.31112e0 -1.6545485e0 1.9195349e-1 1.9195349e-1
-1.266676e0 -1.6545485e0 2.1525542e-1 2.1525542e-1
-1.222232e0 -1.6545485e0 2.4043518e-1 2.4043518e-1
-1.177788e0 -1.6545485e0 2.6749857e-1 2.6749857e-1
-1.133344e0 -1.6545485e0 2.964345e-1 2.964345e-1
-1.0889e0 -1.6545485e0 3.2720708e-1 3.2720708e-1
-1.044456e0 -1.6545485e0 3.59754e-1 3.59754e-1
-1.000012e0 -1.6545485e0 3.9397601e-1 3.9397601e-1
-9.55568e-1 -1.6545485e0 4.2974815e-1 4.2974815e-1
-9.11124e-1 -1.6545485e0 4.6691945e-1 4.6691945e-1
-8.6668e-1 -1.6545485e0 5.0530939e-1 5.0530939e-1
-8.22236e-1 -1.6545485e0 5.446996e-1 5.446996e-1
-7.77792e-1 -1.6545485e0 5.8484668e-1 5.8484668e-1
-7.33348e-1 -1.6545485e0 6.2547421e-1 6.2547421e-1
-6.88904e-1 -1.6545485e0 6.6628453e-1 6.6628453e-1
-6.4446e-1 -1.6545485e0 7.0695952e-1 7.0695952e-1
-6.00016e-1 -1.6545485e0 7.4716594e-1 7.4716594e-1
-5.55572e-1 -1.6545485e0 7.8654404e-1 7.8654404e-1
-5.11128e-1 -1.6545485e0 8.2473352e-1 8.2473352e-1
-4.66684e-1 -1.6545485e0 8.6136606e-1 8.6136606e-1
-4.2224e-1 -1.6545485e0 8.9606801e-1 8.9606801e-1
-3.77796e-1 -1.6545485e0 9.2850232e-1 9.2850232e-1
-3.33352e-1 -1.6545485e0 9.5833044e-1 9.5833044e-1
-2.88908e-1 -1.6545485e0 9.8519768e-1 9.8519768e-1
-2.44464e-1 -1.6545485e0 1.00883336e0 1.00883336e0
-2.0002e-1 -1.6545485e0 1.028954e0 1.028954e0
-1.55576e-1 -1.6545485e0 1.04534698e0 1.04534698e0
-1.11132e-1 -1.6545485e0 1.0578225e0 1.0578225e0
-6.6688e-2 -1.6545485e0 1.06621593e0 1.06621593e0
-2.2244e-2 -1.6545485e0 1.07042879e0 1.07042879e0
2.22e-2 -1.6545485e0 1.07042879e0 1.07042879e0
6.6644e-2 -1.6545485e0 1.06621593e0 1.06621593e0
1.11088e-1 -1.6545485e0 1.0578225e0 1.0578225e0
1.55532e-1 -1.6545485e0 1.0453687e0 1.0453687e0
1.99976e-1 -1.6545485e0 1.0289714e0 1.0289714e0
2.4442e-1 -1.6545485e0 1.00885356e0 1.00885356e0
2.88864e-1 -1.6545485e0 9.8522267e-1 9.8522267e-1
3.33308e-1 -1.6545485e0 9.5835846e-1 9.5835846e-1
3.77752e-1 -1.6545485e0 9.2853261e-1 9.2853261e-1
4.22196e-1 -1.6545485e0 8.9610461e-1 8.9610461e-1
4.6664e-1 -1.6545485e0 8.6140266e-1 8.6140266e-1
5.11084e-1 -1.6545485e0 8.2477063e-1 8.2477063e-1
5.55528e-1 -1.6545485e0 7.8658316e-1 7.8658316e-1
5.999721e-1 -1.6545485e0 7.472028e-1 7.472028e-1
6.44416e-1 -1.6545485e0 7.07008e-1 7.07008e-1
6.8886e-1 -1.6545485e0 6.663277e-1 6.663277e-1
7.33304e-1 -1.6545485e0 6.2551183e-1 6.2551183e-1
7.77748e-1 -1.6545485e0 5.8488431e-1 5.8488431e-1
8.221921e-1 -1.6545485e0 5.4473721e-1 5.4473721e-1
8.66636e-1 -1.6545485e0 5.0535231e-1 5.0535231e-1
9.1108e-1 -1.6545485e0 4.6695682e-1 4.6695682e-1
9.55524e-1 -1.6545485e0 4.297777e-1 4.297777e-1
9.99968e-1 -1.6545485e0 3.9400453e-1 3.9400453e-1
1.0444121e0 -1.6545485e0 3.5978732e-1 3.5978732e-1
1.088856e0 -1.6545485e0 3.2723889e-1 3.2723889e-1
1.1333e0 -1.6545485e0 2.9646454e-1 2.9646454e-1
1.177744e0 -1.6545485e0 2.675266e-1 2.675266e-1
1.222188e0 -1.6545485e0 2.4045714e-1 2.4045714e-1
1.2666321e0 -1.6545485e0 2.152794e-1 2.152794e-1
1.311076e0 -1.6545485e0 1.9197646e-1 1.9197646e-1
1.35552e0 -1.6545485e0 1.705203e-1 1.705203e-1
1.399964e0 -1.6545485e0 1.50867892e-1 1.50867892e-1
1.444408e0 -1.6545485e0 1.32953293e-1 1.32953293e-1
1.4888521e0 -1.6545485e0 1.16702054e-1 1.16702054e-1
1.533296e0 -1.6545485e0 1.02034497e-1 1.02034497e-1
1.57774e0 -1.6545485e0 8.8858446e-2 8.8858446e-2
1.622184e0 -1.6545485e0 7.7078093e-2 7.7078093e-2
1.666628e0 -1.6545485e0 6.6596289e-2 6.6596289e-2
1.7110721e0 -1.6545485e0 5.7313159e-2 5.7313159e-2
1.755516e0 -1.6545485e0 4.9129536e-2 4.9129536e-2
1.79996e0 -1.6545485e0 4.1948573e-2 4.1948573e-2
1.844404e0 -1.6545485e0 3.5675699e-2 3.5675699e-2
1.888848e0 -1.6545485e0 3.0221162e-2 3.0221162e-2
1.9332921e0 -1.6545485e0 2.5499957e-2 2.5499957e-2
1.977736e0 -1.6545485e0 2.1431271e-2 2.1431271e-2
2.02218e0 -1.6545485e0 1.7940855e-2 1.7940855e-2
2.066624e0 -1.6545485e0 1.49597418e-2 1.49597418e-2
2.111068e0 -1.6545485e0 1.24248332e-2 1.24248332e-2
2.1555121e0 -1.6545485e0 1.02787318e-2 1.02787318e-2
2.199956e0 -1.6545485e0 8.469746e-3 8.469746e-3

-2.2e0 -1.6181856e0 9.328591e-3 9.328591e-3
-2.155556e0 -1.6181856e0 1.1321167e-2 1.1321167e-2
-2.111112e0 -1.6181856e0 1.36849657e-2 1.36849657e-2
-2.0666681e0 -1.6181856e0 1.6476695e-2 1.6476695e-2
-2.0222241e0 -1.6181856e0 1.9760498e-2 1.9760498e-2
-1.97778e0 -1.6181856e0 2.3604997e-2 2.3604997e-2
-1.933336e0 -1.6181856e0 2.8086613e-2 2.8086613e-2
-1.888892e0 -1.6181856e0 3.3287296e-2 3.3287296e-2
-1.8444481e0 -1.6181856e0 3.9295094e-2 3.9295094e-2
-1.8000041e0 -1.6181856e0 4.6203989e-2 4.6203989e-2
-1.75556e0 -1.6181856e0 5.4114e-2 5.4114e-2
-1.711116e0 -1.6181856e0 6.3127946e-2 6.3127946e-2
-1.666672e0 -1.6181856e0 7.3353583e-2 7.3353583e-2
-1.6222281e0 -1.6181856e0 8.4898808e-2 8.4898808e-2
-1.5777841e0 -1.6181856e0 9.7874242e-2 9.7874242e-2
-1.53334e0 -1.6181856e0 1.1238843e-1 1.1238843e-1
-1.488896e0 -1.6181856e0 1.28543887e-1 1.28543887e-1
-1.444452e0 -1.6181856e0 1.46444348e-1 1.46444348e-1
-1.4000081e0 -1.6181856e0 1.661771e-1 1.661771e-1
-1.3555641e0 -1.6181856e0 1.8782787e-1 1.8782787e-1
-1.31112e0 -1.6181856e0 2.1146336e-1 2.1146336e-1
-1.266676e0 -1.6181856e0 2.3713023e-1 2.3713023e-1
-1.222232e0 -1.6181856e0 2.6486452e-1 2.6486452e-1
-1.177788e0 -1.6181856e0 2.9468475e-1 2.9468475e-1
-1.133344e0 -1.6181856e0 3.2656425e-1 3.2656425e-1
-1.0889e0 -1.6181856e0 3.6046057e-1 3.6046057e-1
-1.044456e0 -1.6181856e0 3.9630801e-1 3.9630801e-1
-1.000012e0 -1.6181856e0 4.3400706e-1 4.3400706e-1
-9.55568e-1 -1.6181856e0 4.73417e-1 4.73417e-1
-9.11124e-1 -1.6181856e0 5.1436844e-1 5.1436844e-1
-8.6668e-1 -1.6181856e0 5.5666136e-1 5.5666136e-1
-8.22236e-1 -1.6181856e0 6.0004787e-1 6.0004787e-1
-7.77792e-1 -1.6181856e0 6.4428304e-1 6.4428304e-1
-7.33348e-1 -1.6181856e0 6.8903104e-1 6.8903104e-1
-6.88904e-1 -1.6181856e0 7.3399608e-1 7.3399608e-1
-6.4446e-1 -1.6181856e0 7.788026e-1 7.788026e-1
-6.00016e-1 -1.6181856e0 8.230943e-1 8.230943e-1
-5.55572e-1 -1.6181856e0 8.6647809e-1 8.6647809e-1
-5.11128e-1 -1.6181856e0 9.0854262e-1 9.0854262e-1
-4.66684e-1 -1.6181856e0 9.4889676e-1 9.4889676e-1
-4.2224e-1 -1.6181856e0 9.8713261e-1 9.8713261e-1
-3.77796e-1 -1.6181856e0 1.02286499e0 1.02286499e0
-3.33352e-1 -1.6181856e0 1.05571463e0 1.05571463e0
-2.88908e-1 -1.6181856e0 1.08531165e0 1.08531165e0
-2.44464e-1 -1.6181856e0 1.11135777e0 1.11135777e0
-2.0002e-1 -1.6181856e0 1.13352017e0 1.13352017e0
-1.55576e-1 -1.6181856e0 1.1515766e0 1.1515766e0
-1.11132e-1 -1.6181856e0 1.16531104e0 1.16531104e0
-6.6688e-2 -1.6181856e0 1.17455728e0 1.17455728e0
-2.2244e-2 -1.6181856e0 1.17921213e0 1.17921213e0
2.22e-2 -1.6181856e0 1.17921213e0 1.17921213e0
6.6644e-2 -1.6181856e0 1.17455728e0 1.17455728e0
1.11088e-1 -1.6181856e0 1.16533301e0 1.16533301e0
1.55532e-1 -1.6181856e0 1.15159093e0 1.15159093e0
1.99976e-1 -1.6181856e0 1.13355103e0 1.13355103e0
2.4442e-1 -1.6181856e0 1.11137259e0 1.11137259e0
2.88864e-1 -1.6181856e0 1.08534473e0 1.08534473e0
3.33308e-1 -1.6181856e0 1.05575116e0 1.05575116e0
3.77752e-1 -1.6181856e0 1.0229045e0 1.0229045e0
4.22196e-1 -1.6181856e0 9.8716989e-1 9.8716989e-1
4.6664e-1 -1.6181856e0 9.4893726e-1 9.4893726e-1
5.11084e-1 -1.6181856e0 9.0858212e-1 9.0858212e-1
5.55528e-1 -1.6181856e0 8.6651167e-1 8.6651167e-1
5.999721e-1 -1.6181856e0 8.2314047e-1 8.2314047e-1
6.44416e-1 -1.6181856e0 7.788453e-1 7.788453e-1
6.8886e-1 -1.6181856e0 7.3404076e-1 7.3404076e-1
7.33304e-1 -1.6181856e0 6.890735e-1 6.890735e-1
7.77748e-1 -1.6181856e0 6.4432327e-1 6.4432327e-1
8.221921e-1 -1.6181856e0 6.0009528e-1 6.0009528e-1
8.66636e-1 -1.6181856e0 5.5669963e-1 5.5669963e-1
9.1108e-1 -1.6181856e0 5.1440918e-1 5.1440918e-1
9.55524e-1 -1.6181856e0 4.7345503e-1 4.7345503e-1
9.99968e-1 -1.6181856e0 4.3404707e-1 4.3404707e-1
1.0444121e0 -1.6181856e0 3.9634851e-1 3.9634851e-1
1.088856e0 -1.6181856e0 3.6049193e-1 3.6049193e-1
1.1333e0 -1.6181856e0 3.2659464e-1 3.2659464e-1
1.177744e0 -1.6181856e0 2.947134e-1 2.947134e-1
1.222188e0 -1.6181856e0 2.6489786e-1 2.6489786e-1
1.2666321e0 -1.6181856e0 2.371564e-1 2.371564e-1
1.311076e0 -1.6181856e0 2.1148485e-1 2.1148485e-1
1.35552e0 -1.6181856e0 1.8784837e-1 1.8784837e-1
1.399964e0 -1.6181856e0 1.6619856e-1 1.6619856e-1
1.444408e0 -1.6181856e0 1.46464891e-1 1.46464891e-1
1.4888521e0 -1.6181856e0 1.28562233e-1 1.28562233e-1
1.533296e0 -1.6181856e0 1.12402257e-1 1.12402257e-1
1.57774e0 -1.6181856e0 9.7887897e-2 9.7887897e-2
1.622184e0 -1.6181856e0 8.4911943e-2 8.4911943e-2
1.666628e0 -1.6181856e0 7.3363754e-2 7.3363754e-2
1.7110721e0 -1.6181856e0 6.3137848e-2 6.3137848e-2
1.755516e0 -1.6181856e0 5.41221e-2 5.41221e-2
1.79996e0 -1.6181856e0 4.6211174e-2 4.6211174e-2
1.844404e0 -1.6181856e0 3.9301219e-2 3.9301219e-2
1.888848e0 -1.6181856e0 3.3292728e-2 3.3292728e-2
1.9332921e0 -1.6181856e0 2.8091476e-2 2.8091476e-2
1.977736e0 -1.6181856e0 2.3609023e-2 2.3609023e-2
2.02218e0 -1.6181856e0 1.9764203e-2 1.9764203e-2
2.066624e0 -1.6181856e0 1.6479707e-2 1.6479707e-2
2.111068e0 -1.6181856e0 1.3687462e-2 1.3687462e-2
2.1555121e0 -1.6181856e0 1.13231992e-2 1.13231992e-2
2.199956e0 -1.6181856e0 9.3303787e-3 9.3303787e-3

-2.2e0 -1.5818227e0 1.02443407e-2 1.02443407e-2
-2.155556e0 -1.5818227e0 1.24324283e-2 1.24324283e-2
-2.111112e0 -1.5818227e0 1.50282523e-2 1.50282523e-2
-2.0666681e0 -1.5818227e0 1.8094046e-2 1.8094046e-2
-2.0222241e0 -1.5818227e0 2.1700261e-2 2.1700261e-2
-1.97778e0 -1.5818227e0 2.5921985e-2 2.5921985e-2
-1.933336e0 -1.5818227e0 3.0843698e-2 3.0843698e-2
-1.888892e0 -1.5818227e0 3.655485e-2 3.655485e-2
-1.8444481e0 -1.5818227e0 4.3152083e-2 4.3152083e-2
-1.8000041e0 -1.5818227e0 5.0739404e-2 5.0739404e-2
-1.75556e0 -1.5818227e0 5.9425836e-2 5.9425836e-2
-1.711116e0 -1.5818227e0 6.9324945e-2 6.9324945e-2
-1.666672e0 -1.5818227e0 8.0554083e-2 8.0554083e-2
-1.6222281e0 -1.5818227e0 9.3232918e-2 9.3232918e-2
-1.5777841e0 -1.5818227e0 1.07481892e-1 1.07481892e-1
-1.53334e0 -1.5818227e0 1.23421353e-1 1.23421353e-1
-1.488896e0 -1.5818227e0 1.4116216e-1 1.4116216e-1
-1.444452e0 -1.5818227e0 1.6081793e-1 1.6081793e-1
-1.4000081e0 -1.5818227e0 1.8248785e-1 1.8248785e-1
-1.3555641e0 -1.5818227e0 2.0626613e-1 2.0626613e-1
-1.31112e0 -1.5818227e0 2.3221959e-1 2.3221959e-1
-1.266676e0 -1.5818227e0 2.604093e-1 2.604093e-1
-1.222232e0 -1.5818227e0 2.9086281e-1 2.9086281e-1
-1.177788e0 -1.5818227e0 3.2360834e-1 3.2360834e-1
-1.133344e0 -1.5818227e0 3.5861981e-1 3.5861981e-1
-1.0889e0 -1.5818227e0 3.9584486e-1 3.9584486e-1
-1.044456e0 -1.5818227e0 4.3521375e-1 4.3521375e-1
-1.000012e0 -1.5818227e0 4.7661275e-1 4.7661275e-1
-9.55568e-1 -1.5818227e0 5.1989009e-1 5.1989009e-1
-9.11124e-1 -1.5818227e0 5.6485939e-1 5.6485939e-1
-8.6668e-1 -1.5818227e0 6.1130128e-1 6.1130128e-1
-8.22236e-1 -1.5818227e0 6.5894952e-1 6.5894952e-1
-7.77792e-1 -1.5818227e0 7.0752414e-1 7.0752414e-1
-7.33348e-1 -1.5818227e0 7.5666571e-1 7.5666571e-1
-6.88904e-1 -1.5818227e0 8.060518e-1 8.060518e-1
-6.4446e-1 -1.5818227e0 8.5525131e-1 8.5525131e-1
-6.00016e-1 -1.5818227e0 9.0388916e-1 9.0388916e-1
-5.55572e-1 -1.5818227e0 9.5152654e-1 9.5152654e-1
-5.11128e-1 -1.5818227e0 9.9772223e-1 9.9772223e-1
-4.66684e-1 -1.5818227e0 1.04203961e0 1.04203961e0
-4.2224e-1 -1.5818227e0 1.08403262e0 1.08403262e0
-3.77796e-1 -1.5818227e0 1.12326465e0 1.12326465e0
-3.33352e-1 -1.5818227e0 1.15934851e0 1.15934851e0
-2.88908e-1 -1.5818227e0 1.19184592e0 1.19184592e0
-2.44464e-1 -1.5818227e0 1.22044814e0 1.22044814e0
-2.0002e-1 -1.5818227e0 1.2447842e0 1.2447842e0
-1.55576e-1 -1.5818227e0 1.26461755e0 1.26461755e0
-1.11132e-1 -1.5818227e0 1.27969743e0 1.27969743e0
-6.6688e-2 -1.5818227e0 1.28985367e0 1.28985367e0
-2.2244e-2 -1.5818227e0 1.29496075e0 1.29496075e0
2.22e-2 -1.5818227e0 1.29496075e0 1.29496075e0
6.6644e-2 -1.5818227e0 1.28985367e0 1.28985367e0
1.11088e-1 -1.5818227e0 1.27971916e0 1.27971916e0
1.55532e-1 -1.5818227e0 1.26463493e0 1.26463493e0
1.99976e-1 -1.5818227e0 1.24482402e0 1.24482402e0
2.4442e-1 -1.5818227e0 1.22046117e0 1.22046117e0
2.88864e-1 -1.5818227e0 1.19188043e0 1.19188043e0
3.33308e-1 -1.5818227e0 1.15938182e0 1.15938182e0
3.77752e-1 -1.5818227e0 1.1233134e0 1.1233134e0
4.22196e-1 -1.5818227e0 1.08407245e0 1.08407245e0
4.6664e-1 -1.5818227e0 1.04208861e0 1.04208861e0
5.11084e-1 -1.5818227e0 9.9777364e-1 9.9777364e-1
5.55528e-1 -1.5818227e0 9.5157239e-1 9.5157239e-1
5.999721e-1 -1.5818227e0 9.039466e-1 9.039466e-1
6.44416e-1 -1.5818227e0 8.5529669e-1 8.5529669e-1
6.8886e-1 -1.5818227e0 8.0609741e-1 8.0609741e-1
7.33304e-1 -1.5818227e0 7.5671085e-1 7.5671085e-1
7.77748e-1 -1.5818227e0 7.0756854e-1 7.0756854e-1
8.221921e-1 -1.5818227e0 6.5900287e-1 6.5900287e-1
8.66636e-1 -1.5818227e0 6.1134401e-1 6.1134401e-1
9.1108e-1 -1.5818227e0 5.6490211e-1 5.6490211e-1
9.55524e-1 -1.5818227e0 5.1992677e-1 5.1992677e-1
9.99968e-1 -1.5818227e0 4.7665355e-1 4.7665355e-1
1.0444121e0 -1.5818227e0 4.3525381e-1 4.3525381e-1
1.088856e0 -1.5818227e0 3.9587721e-1 3.9587721e-1
1.1333e0 -1.5818227e0 3.5865216e-1 3.5865216e-1
1.177744e0 -1.5818227e0 3.2364381e-1 3.2364381e-1
1.222188e0 -1.5818227e0 2.9090022e-1 2.9090022e-1
1.2666321e0 -1.5818227e0 2.6043465e-1 2.6043465e-1
1.311076e0 -1.5818227e0 2.3224203e-1 2.3224203e-1
1.35552e0 -1.5818227e0 2.0628954e-1 2.0628954e-1
1.399964e0 -1.5818227e0 1.8251175e-1 1.8251175e-1
1.444408e0 -1.5818227e0 1.6084015e-1 1.6084015e-1
1.4888521e0 -1.5818227e0 1.41181613e-1 1.41181613e-1
1.533296e0 -1.5818227e0 1.2343569e-1 1.2343569e-1
1.57774e0 -1.5818227e0 1.0749722e-1 1.0749722e-1
1.622184e0 -1.5818227e0 9.3247182e-2 9.3247182e-2
1.666628e0 -1.5818227e0 8.0566754e-2 8.0566754e-2
1.7110721e0 -1.5818227e0 6.933542e-2 6.933542e-2
1.755516e0 -1.5818227e0 5.9434863e-2 5.9434863e-2
1.79996e0 -1.5818227e0 5.0747055e-2 5.0747055e-2
1.844404e0 -1.5818227e0 4.315889e-2 4.315889e-2
1.888848e0 -1.5818227e0 3.6560811e-2 3.6560811e-2
1.9332921e0 -1.5818227e0 3.0848814e-2 3.0848814e-2
1.977736e0 -1.5818227e0 2.5926595e-2 2.5926595e-2
2.02218e0 -1.5818227e0 2.170417e-2 2.170417e-2
2.066624e0 -1.5818227e0 1.8097449e-2 1.8097449e-2
2.111068e0 -1.5818227e0 1.50310811e-2 1.50310811e-2
2.1555121e0 -1.5818227e0 1.24346875e-2 1.24346875e-2
2.199956e0 -1.5818227e0 1.02462837e-2 1.02462837e-2

-2.2e0 -1.5454597e0 1.12143074e-2 1.12143074e-2
-2.155556e0 -1.5454597e0 1.36094386e-2 1.36094386e-2
-2.111112e0 -1.5454597e0 1.6450851e-2 1.6450851e-2
-2.0666681e0 -1.5454597e0 1.9807394e-2 1.9807394e-2
-2.0222241e0 -1.5454597e0 2.3754993e-2 2.3754993e-2
-1.97778e0 -1.5454597e0 2.8376443e-2 2.8376443e-2
-1.933336e0 -1.5454597e0 3.3763524e-2 3.3763524e-2
-1.888892e0 -1.5454597e0 4.0015422e-2 4.0015422e-2
-1.8444481e0 -1.5454597e0 4.7237593e-2 4.7237593e-2
-1.8000041e0 -1.5454597e0 5.5543233e-2 5.5543233e-2
-1.75556e0 -1.5454597e0 6.5052419e-2 6.5052419e-2
-1.711116e0 -1.5454597e0 7.5888577e-2 7.5888577e-2
-1.666672e0 -1.5454597e0 8.8180276e-2 8.8180276e-2
-1.6222281e0 -1.5454597e0 1.02060426e-1 1.02060426e-1
-1.5777841e0 -1.5454597e0 1.17657568e-1 1.17657568e-1
-1.53334e0 -1.5454597e0 1.35105554e-1 1.35105554e-1
-1.488896e0 -1.5454597e0 1.54528517e-1 1.54528517e-1
-1.444452e0 -1.5454597e0 1.7604404e-1 1.7604404e-1
-1.4000081e0 -1.5454597e0 1.997676e-1 1.997676e-1
-1.3555641e0 -1.5454597e0 2.2579369e-1 2.2579369e-1
-1.31112e0 -1.5454597e0 2.5420413e-1 2.5420413e-1
-1.266676e0 -1.5454597e0 2.8506026e-1 2.8506026e-1
-1.222232e0 -1.5454597e0 3.1840826e-1 3.1840826e-1
-1.177788e0 -1.5454597e0 3.5425099e-1 3.5425099e-1
-1.133344e0 -1.5454597e0 3.9257195e-1 3.9257195e-1
-1.0889e0 -1.5454597e0 4.3331923e-1 4.3331923e-1
-1.044456e0 -1.5454597e0 4.7641527e-1 4.7641527e-1
-1.000012e0 -1.5454597e0 5.2173201e-1 5.2173201e-1
-9.55568e-1 -1.5454597e0 5.6910649e-1 5.6910649e-1
-9.11124e-1 -1.5454597e0 6.1833664e-1 6.1833664e-1
-8.6668e-1 -1.5454597e0 6.6918307e-1 6.6918307e-1
-8.22236e-1 -1.5454597e0 7.2134985e-1 7.2134985e-1
-7.77792e-1 -1.5454597e0 7.7450638e-1 7.7450638e-1
-7.33348e-1 -1.5454597e0 8.2831493e-1 8.2831493e-1
-6.88904e-1 -1.5454597e0 8.8235883e-1 8.8235883e-1
-6.4446e-1 -1.5454597e0 9.362294e-1 9.362294e-1
-6.00016e-1 -1.5454597e0 9.8947223e-1 9.8947223e-1
-5.55572e-1 -1.5454597e0 1.04162439e0 1.04162439e0
-5.11128e-1 -1.5454597e0 1.0922013e0 1.0922013e0
-4.66684e-1 -1.5454597e0 1.1407096e0 1.1407096e0
-4.2224e-1 -1.5454597e0 1.18666304e0 1.18666304e0
-3.77796e-1 -1.5454597e0 1.2296209e0 1.2296209e0
-3.33352e-1 -1.5454597e0 1.26910182e0 1.26910182e0
-2.88908e-1 -1.5454597e0 1.30469484e0 1.30469484e0
-2.44464e-1 -1.5454597e0 1.3359891e0 1.3359891e0
-2.0002e-1 -1.5454597e0 1.36264624e0 1.36264624e0
-1.55576e-1 -1.5454597e0 1.38436441e0 1.38436441e0
-1.11132e-1 -1.5454597e0 1.40087663e0 1.40087663e0
-6.6688e-2 -1.5454597e0 1.41199147e0 1.41199147e0
-2.2244e-2 -1.5454597e0 1.41757187e0 1.41757187e0
2.22e-2 -1.5454597e0 1.41757187e0 1.41757187e0
6.6644e-2 -1.5454597e0 1.41199147e0 1.41199147e0
1.11088e-1 -1.5454597e0 1.40087663e0 1.40087663e0
1.55532e-1 -1.5454597e0 1.38438492e0 1.38438492e0
1.99976e-1 -1.5454597e0 1.362671e0 1.362671e0
2.4442e-1 -1.5454597e0 1.33602684e0 1.33602684e0
2.88864e-1 -1.5454597e0 1.30473256e0 1.30473256e0
3.33308e-1 -1.5454597e0 1.26914262e0 1.26914262e0
3.77752e-1 -1.5454597e0 1.2296605e0 1.2296605e0
4.22196e-1 -1.5454597e0 1.18670667e0 1.18670667e0
4.6664e-1 -1.5454597e0 1.14074097e0 1.14074097e0
5.11084e-1 -1.5454597e0 1.09224232e0 1.09224232e0
5.55528e-1 -1.5454597e0 1.04167322e0 1.04167322e0
5.999721e-1 -1.5454597e0 9.8951797e-1 9.8951797e-1
6.44416e-1 -1.5454597e0 9.3628482e-1 9.3628482e-1
6.8886e-1 -1.5454597e0 8.824119e-1 8.824119e-1
7.33304e-1 -1.5454597e0 8.283661e-1 8.283661e-1
7.77748e-1 -1.5454597e0 7.7456297e-1 7.7456297e-1
8.221921e-1 -1.5454597e0 7.2139702e-1 7.2139702e-1
8.66636e-1 -1.5454597e0 6.6923401e-1 6.6923401e-1
9.1108e-1 -1.5454597e0 6.1839252e-1 6.1839252e-1
9.55524e-1 -1.5454597e0 5.6915625e-1 5.6915625e-1
9.99968e-1 -1.5454597e0 5.2177776e-1 5.2177776e-1
1.0444121e0 -1.5454597e0 4.7646645e-1 4.7646645e-1
1.088856e0 -1.5454597e0 4.333605e-1 4.333605e-1
1.1333e0 -1.5454597e0 3.9261015e-1 3.9261015e-1
1.177744e0 -1.5454597e0 3.5428307e-1 3.5428307e-1
1.222188e0 -1.5454597e0 3.1843869e-1 3.1843869e-1
1.2666321e0 -1.5454597e0 2.8509705e-1 2.8509705e-1
1.311076e0 -1.5454597e0 2.5423549e-1 2.5423549e-1
1.35552e0 -1.5454597e0 2.2582103e-1 2.2582103e-1
1.399964e0 -1.5454597e0 1.997907e-1 1.997907e-1
1.444408e0 -1.5454597e0 1.7606479e-1 1.7606479e-1
1.4888521e0 -1.5454597e0 1.54545425e-1 1.54545425e-1
1.533296e0 -1.5454597e0 1.35123947e-1 1.35123947e-1
1.57774e0 -1.5454597e0 1.17675726e-1 1.17675726e-1
1.622184e0 -1.5454597e0 1.02074457e-1 1.02074457e-1
1.666628e0 -1.5454597e0 8.8193837e-2 8.8193837e-2
1.7110721e0 -1.5454597e0 7.5900345e-2 7.5900345e-2
1.755516e0 -1.5454597e0 6.5062558e-2 6.5062558e-2
1.79996e0 -1.5454597e0 5.5552736e-2 5.5552736e-2
1.844404e0 -1.5454597e0 4.7245258e-2 4.7245258e-2
1.888848e0 -1.5454597e0 4.0021765e-2 4.0021765e-2
1.9332921e0 -1.5454597e0 3.3769867e-2 3.3769867e-2
1.977736e0 -1.5454597e0 2.8381679e-2 2.8381679e-2
2.02218e0 -1.5454597e0 2.3758908e-2 2.3758908e-2
2.066624e0 -1.5454597e0 1.9811003e-2 1.9811003e-2
2.111068e0 -1.5454597e0 1.6453798e-2 1.6453798e-2
2.1555121e0 -1.5454597e0 1.361216e-2 1.361216e-2
2.199956e0 -1.5454597e0 1.12163708e-2 1.12163708e-2

-2.2e0 -1.5090968e0 1.22368549e-2 1.22368549e-2
-2.155556e0 -1.5090968e0 1.48503638e-2 1.48503638e-2
-2.111112e0 -1.5090968e0 1.7950972e-2 1.7950972e-2
-2.0666681e0 -1.5090968e0 2.1613416e-2 2.1613416e-2
-2.0222241e0 -1.5090968e0 2.5920984e-2 2.5920984e-2
-1.97778e0 -1.5090968e0 3.0963988e-2 3.0963988e-2
-1.933336e0 -1.5090968e0 3.684248e-2 3.684248e-2
-1.888892e0 -1.5090968e0 4.3663814e-2 4.3663814e-2
-1.8444481e0 -1.5090968e0 5.1544528e-2 5.1544528e-2
-1.8000041e0 -1.5090968e0 6.0607793e-2 6.0607793e-2
-1.75556e0 -1.5090968e0 7.0983873e-2 7.0983873e-2
-1.711116e0 -1.5090968e0 8.2808328e-2 8.2808328e-2
-1.666672e0 -1.5090968e0 9.6220679e-2 9.6220679e-2
-1.6222281e0 -1.5090968e0 1.11366502e-1 1.11366502e-1
-1.5777841e0 -1.5090968e0 1.28386078e-1 1.28386078e-1
-1.53334e0 -1.5090968e0 1.474248e-1 1.474248e-1
-1.488896e0 -1.5090968e0 1.6861494e-1 1.6861494e-1
-1.444452e0 -1.5090968e0 1.9209558e-1 1.9209558e-1
-1.4000081e0 -1.5090968e0 2.1798207e-1 2.1798207e-1
-1.3555641e0 -1.5090968e0 2.4638103e-1 2.4638103e-1
-1.31112e0 -1.5090968e0 2.7738274e-1 2.7738274e-1
-1.266676e0 -1.5090968e0 3.1105028e-1 3.1105028e-1
-1.222232e0 -1.5090968e0 3.4743892e-1 3.4743892e-1
-1.177788e0 -1.5090968e0 3.8655603e-1 3.8655603e-1
-1.133344e0 -1.5090968e0 4.2836179e-1 4.2836179e-1
-1.0889e0 -1.5090968e0 4.7283336e-1 4.7283336e-1
-1.044456e0 -1.5090968e0 5.1986577e-1 5.1986577e-1
-1.000012e0 -1.5090968e0 5.6930565e-1 5.6930565e-1
-9.55568e-1 -1.5090968e0 6.2100034e-1 6.2100034e-1
-9.11124e-1 -1.5090968e0 6.7471426e-1 6.7471426e-1
-8.6668e-1 -1.5090968e0 7.3020012e-1 7.3020012e-1
-8.22236e-1 -1.5090968e0 7.871155e-1 7.871155e-1
-7.77792e-1 -1.5090968e0 8.451251e-1 8.451251e-1
-7.33348e-1 -1.5090968e0 9.0384003e-1 9.0384003e-1
-6.88904e-1 -1.5090968e0 9.6280872e-1 9.6280872e-1
-6.4446e-1 -1.5090968e0 1.0215918e0 1.0215918e0
-6.00016e-1 -1.5090968e0 1.07969928e0 1.07969928e0
-5.55572e-1 -1.5090968e0 1.13660268e0 1.13660268e0
-5.11128e-1 -1.5090968e0 1.19178134e0 1.19178134e0
-4.66684e-1 -1.5090968e0 1.24471674e0 1.24471674e0
-4.2224e-1 -1.5090968e0 1.29488219e0 1.29488219e0
-3.77796e-1 -1.5090968e0 1.34173914e0 1.34173914e0
-3.33352e-1 -1.5090968e0 1.3848116e0 1.3848116e0
-2.88908e-1 -1.5090968e0 1.42366275e0 1.42366275e0
-2.44464e-1 -1.5090968e0 1.45779727e0 1.45779727e0
-2.0002e-1 -1.5090968e0 1.4868928e0 1.4868928e0
-1.55576e-1 -1.5090968e0 1.5107574e0 1.5107574e0
-1.11132e-1 -1.5090968e0 1.5273576e0 1.5273576e0
-6.6688e-2 -1.5090968e0 1.5409389e0 1.5409389e0
-2.2244e-2 -1.5090968e0 1.5471263e0 1.5471263e0
2.22e-2 -1.5090968e0 1.5471263e0 1.5471263e0
6.6644e-2 -1.5090968e0 1.5409389e0 1.5409389e0
1.11088e-1 -1.5090968e0 1.5273576e0 1.5273576e0
1.55532e-1 -1.5090968e0 1.5107574e0 1.5107574e0
1.99976e-1 -1.5090968e0 1.48691261e0 1.48691261e0
2.4442e-1 -1.5090968e0 1.45784587e0 1.45784587e0
2.88864e-1 -1.5090968e0 1.42370949e0 1.42370949e0
3.33308e-1 -1.5090968e0 1.38484982e0 1.38484982e0
3.77752e-1 -1.5090968e0 1.34178012e0 1.34178012e0
4.22196e-1 -1.5090968e0 1.29491927e0 1.29491927e0
4.6664e-1 -1.5090968e0 1.24475357e0 1.24475357e0
5.11084e-1 -1.5090968e0 1.19183891e0 1.19183891e0
5.55528e-1 -1.5090968e0 1.13664734e0 1.13664734e0
5.999721e-1 -1.5090968e0 1.07974396e0 1.07974396e0
6.44416e-1 -1.5090968e0 1.0216572e0 1.0216572e0
6.8886e-1 -1.5090968e0 9.6286812e-1 9.6286812e-1
7.33304e-1 -1.5090968e0 9.0389438e-1 9.0389438e-1
7.77748e-1 -1.5090968e0 8.4519302e-1 8.4519302e-1
8.221921e-1 -1.5090968e0 7.8717606e-1 7.8717606e-1
8.66636e-1 -1.5090968e0 7.3025423e-1 7.3025423e-1
9.1108e-1 -1.5090968e0 6.7477576e-1 6.7477576e-1
9.55524e-1 -1.5090968e0 6.2105608e-1 6.2105608e-1
9.99968e-1 -1.5090968e0 5.6936137e-1 5.6936137e-1
1.0444121e0 -1.5090968e0 5.1990285e-1 5.1990285e-1
1.088856e0 -1.5090968e0 4.728778e-1 4.728778e-1
1.1333e0 -1.5090968e0 4.2841014e-1 4.2841014e-1
1.177744e0 -1.5090968e0 3.8658827e-1 3.8658827e-1
1.222188e0 -1.5090968e0 3.4747762e-1 3.4747762e-1
1.2666321e0 -1.5090968e0 3.1108989e-1 3.1108989e-1
1.311076e0 -1.5090968e0 2.7741475e-1 2.7741475e-1
1.35552e0 -1.5090968e0 2.4641212e-1 2.4641212e-1
1.399964e0 -1.5090968e0 2.180097e-1 2.180097e-1
1.444408e0 -1.5090968e0 1.9211745e-1 1.9211745e-1
1.4888521e0 -1.5090968e0 1.6863867e-1 1.6863867e-1
1.533296e0 -1.5090968e0 1.47444487e-1 1.47444487e-1
1.57774e0 -1.5090968e0 1.28405467e-1 1.28405467e-1
1.622184e0 -1.5090968e0 1.11381723e-1 1.11381723e-1
1.666628e0 -1.5090968e0 9.6235486e-2 9.6235486e-2
1.7110721e0 -1.5090968e0 8.2821315e-2 8.2821315e-2
1.755516e0 -1.5090968e0 7.0994626e-2 7.0994626e-2
1.79996e0 -1.5090968e0 6.061797e-2 6.061797e-2
1.844404e0 -1.5090968e0 5.1553693e-2 5.1553693e-2
1.888848e0 -1.5090968e0 4.3671321e-2 4.3671321e-2
1.9332921e0 -1.5090968e0 3.6848836e-2 3.6848836e-2
1.977736e0 -1.5090968e0 3.0969446e-2 3.0969446e-2
2.02218e0 -1.5090968e0 2.5925336e-2 2.5925336e-2
2.066624e0 -1.5090968e0 2.1617491e-2 2.1617491e-2
2.111068e0 -1.5090968e0 1.7954494e-2 1.7954494e-2
2.1555121e0 -1.5090968e0 1.48532698e-2 1.48532698e-2
2.199956e0 -1.5090968e0 1.22390515e-2 1.22390515e-2

-2.2e0 -1.4727339e0 1.33096408e-2 1.33096408e-2
-2.155556e0 -1.4727339e0 1.6152097e-2 1.6152097e-2
-2.111112e0 -1.4727339e0 1.9524648e-2 1.9524648e-2
-2.0666681e0 -1.4727339e0 2.3508261e-2 2.3508261e-2
-2.0222241e0 -1.4727339e0 2.819341e-2 2.819341e-2
-1.97778e0 -1.4727339e0 3.3678365e-2 3.3678365e-2
-1.933336e0 -1.4727339e0 4.0072272e-2 4.0072272e-2
-1.888892e0 -1.4727339e0 4.7491785e-2 4.7491785e-2
-1.8444481e0 -1.4727339e0 5.6063557e-2 5.6063557e-2
-1.8000041e0 -1.4727339e0 6.5920961e-2 6.5920961e-2
-1.75556e0 -1.4727339e0 7.7207323e-2 7.7207323e-2
-1.711116e0 -1.4727339e0 9.0068039e-2 9.0068039e-2
-1.666672e0 -1.4727339e0 1.04656546e-1 1.04656546e-1
-1.6222281e0 -1.4727339e0 1.21129747e-1 1.21129747e-1
-1.5777841e0 -1.4727339e0 1.39641441e-1 1.39641441e-1
-1.53334e0 -1.4727339e0 1.6034679e-1 1.6034679e-1
-1.488896e0 -1.4727339e0 1.8339804e-1 1.8339804e-1
-1.444452e0 -1.4727339e0 2.089365e-1 2.089365e-1
-1.4000081e0 -1.4727339e0 2.3709229e-1 2.3709229e-1
-1.3555641e0 -1.4727339e0 2.6798317e-1 2.6798317e-1
-1.31112e0 -1.4727339e0 3.0169923e-1 3.0169923e-1
-1.266676e0 -1.4727339e0 3.3833241e-1 3.3833241e-1
-1.222232e0 -1.4727339e0 3.778998e-1 3.778998e-1
-1.177788e0 -1.4727339e0 4.2043123e-1 4.2043123e-1
-1.133344e0 -1.4727339e0 4.6591978e-1 4.6591978e-1
-1.0889e0 -1.4727339e0 5.1428993e-1 5.1428993e-1
-1.044456e0 -1.4727339e0 5.654271e-1 5.654271e-1
-1.000012e0 -1.4727339e0 6.1921527e-1 6.1921527e-1
-9.55568e-1 -1.4727339e0 6.7544461e-1 6.7544461e-1
-9.11124e-1 -1.4727339e0 7.3387015e-1 7.3387015e-1
-8.6668e-1 -1.4727339e0 7.9421729e-1 7.9421729e-1
-8.22236e-1 -1.4727339e0 8.5612173e-1 8.5612173e-1
-7.77792e-1 -1.4727339e0 9.192208e-1 9.192208e-1
-7.33348e-1 -1.4727339e0 9.8307986e-1 9.8307986e-1
-6.88904e-1 -1.4727339e0 1.04722052e0 1.04722052e0
-6.4446e-1 -1.4727339e0 1.11115735e0 1.11115735e0
-6.00016e-1 -1.4727339e0 1.17435957e0 1.17435957e0
-5.55572e-1 -1.4727339e0 1.23624852e0 1.23624852e0
-5.11128e-1 -1.4727339e0 1.29626508e0 1.29626508e0
-4.66684e-1 -1.4727339e0 1.35384229e0 1.35384229e0
-4.2224e-1 -1.4727339e0 1.40840195e0 1.40840195e0
-3.77796e-1 -1.4727339e0 1.45936943e0 1.45936943e0
-3.33352e-1 -1.4727339e0 1.5054288e0 1.5054288e0
-2.88908e-1 -1.4727339e0 1.548137e0 1.548137e0
-2.44464e-1 -1.4727339e0 1.5849553e0 1.5849553e0
-2.0002e-1 -1.4727339e0 1.6173557e0 1.6173557e0
-1.55576e-1 -1.4727339e0 1.6422458e0 1.6422458e0
-1.11132e-1 -1.4727339e0 1.6630124e0 1.6630124e0
-6.6688e-2 -1.4727339e0 1.6747922e0 1.6747922e0
-2.2244e-2 -1.4727339e0 1.6820103e0 1.6820103e0
2.22e-2 -1.4727339e0 1.6820103e0 1.6820103e0
6.6644e-2 -1.4727339e0 1.6747922e0 1.6747922e0
1.11088e-1 -1.4727339e0 1.6630124e0 1.6630124e0
1.55532e-1 -1.4727339e0 1.6422458e0 1.6422458e0
1.99976e-1 -1.4727339e0 1.6173557e0 1.6173557e0
2.4442e-1 -1.4727339e0 1.5849553e0 1.5849553e0
2.88864e-1 -1.4727339e0 1.548137e0 1.548137e0
3.33308e-1 -1.4727339e0 1.5054288e0 1.5054288e0
3.77752e-1 -1.4727339e0 1.45941527e0 1.45941527e0
4.22196e-1 -1.4727339e0 1.40844397e0 1.40844397e0
4.6664e-1 -1.4727339e0 1.3538787e0 1.3538787e0
5.11084e-1 -1.4727339e0 1.29633339e0 1.29633339e0
5.55528e-1 -1.4727339e0 1.23629884e0 1.23629884e0
5.999721e-1 -1.4727339e0 1.17440675e0 1.17440675e0
6.44416e-1 -1.4727339e0 1.11122388e0 1.11122388e0
6.8886e-1 -1.4727339e0 1.04728008e0 1.04728008e0
7.33304e-1 -1.4727339e0 9.831365e-1 9.831365e-1
7.77748e-1 -1.4727339e0 9.1928957e-1 9.1928957e-1
8.221921e-1 -1.4727339e0 8.5618982e-1 8.5618982e-1
8.66636e-1 -1.4727339e0 7.9427144e-1 7.9427144e-1
9.1108e-1 -1.4727339e0 7.3393419e-1 7.3393419e-1
9.55524e-1 -1.4727339e0 6.7550641e-1 6.7550641e-1
9.99968e-1 -1.4727339e0 6.1927191e-1 6.1927191e-1
1.0444121e0 -1.4727339e0 5.6549136e-1 5.6549136e-1
1.088856e0 -1.4727339e0 5.1433443e-1 5.1433443e-1
1.1333e0 -1.4727339e0 4.659681e-1 4.659681e-1
1.177744e0 -1.4727339e0 4.2048067e-1 4.2048067e-1
1.222188e0 -1.4727339e0 3.7794046e-1 3.7794046e-1
1.2666321e0 -1.4727339e0 3.3836478e-1 3.3836478e-1
1.311076e0 -1.4727339e0 3.0173698e-1 3.0173698e-1
1.35552e0 -1.4727339e0 2.680162e-1 2.680162e-1
1.399964e0 -1.4727339e0 2.371215e-1 2.371215e-1
1.444408e0 -1.4727339e0 2.0896324e-1 2.0896324e-1
1.4888521e0 -1.4727339e0 1.8342366e-1 1.8342366e-1
1.533296e0 -1.4727339e0 1.6036769e-1 1.6036769e-1
1.57774e0 -1.4727339e0 1.3966052e-1 1.3966052e-1
1.622184e0 -1.4727339e0 1.21146152e-1 1.21146152e-1
1.666628e0 -1.4727339e0 1.04672322e-1 1.04672322e-1
1.7110721e0 -1.4727339e0 9.0081679e-2 9.0081679e-2
1.755516e0 -1.4727339e0 7.7219772e-2 7.7219772e-2
1.79996e0 -1.4727339e0 6.5932018e-2 6.5932018e-2
1.844404e0 -1.4727339e0 5.6073064e-2 5.6073064e-2
1.888848e0 -1.4727339e0 4.75001e-2 4.75001e-2
1.9332921e0 -1.4727339e0 4.0079665e-2 4.0079665e-2
1.977736e0 -1.4727339e0 3.3684702e-2 3.3684702e-2
2.02218e0 -1.4727339e0 2.819815e-2 2.819815e-2
2.066624e0 -1.4727339e0 2.3512598e-2 2.3512598e-2
2.111068e0 -1.4727339e0 1.9527905e-2 1.9527905e-2
2.1555121e0 -1.4727339e0 1.6155197e-2 1.6155197e-2
2.199956e0 -1.4727339e0 1.33122139e-2 1.33122139e-2

-2.2e0 -1.436371e0 1.4429196e-2 1.4429196e-2
-2.155556e0 -1.436371e0 1.7510963e-2 1.7510963e-2
-2.111112e0 -1.436371e0 2.116738e-2 2.116738e-2
-2.0666681e0 -1.436371e0 2.5486443e-2 2.5486443e-2
-2.0222241e0 -1.436371e0 3.0565334e-2 3.0565334e-2
-1.97778e0 -1.436371e0 3.6512149e-2 3.6512149e-2
-1.933336e0 -1.436371e0 4.3443883e-2 4.3443883e-2
-1.888892e0 -1.436371e0 5.1488072e-2 5.1488072e-2
-1.8444481e0 -1.436371e0 6.0781548e-2 6.0781548e-2
-1.8000041e0 -1.436371e0 7.146758e-2 7.146758e-2
-1.75556e0 -1.436371e0 8.370231e-2 8.370231e-2
-1.711116e0 -1.436371e0 9.7646631e-2 9.7646631e-2
-1.666672e0 -1.436371e0 1.13462425e-1 1.13462425e-1
-1.6222281e0 -1.436371e0 1.31321896e-1 1.31321896e-1
-1.5777841e0 -1.436371e0 1.5138725e-1 1.5138725e-1
-1.53334e0 -1.436371e0 1.73838e-1 1.73838e-1
-1.488896e0 -1.436371e0 1.9883136e-1 1.9883136e-1
-1.444452e0 -1.436371e0 2.2651727e-1 2.2651727e-1
-1.4000081e0 -1.436371e0 2.57043e-1 2.57043e-1
-1.3555641e0 -1.436371e0 2.9053195e-1 2.9053195e-1
-1.31112e0 -1.436371e0 3.2708713e-1 3.2708713e-1
-1.266676e0 -1.436371e0 3.6679225e-1 3.6679225e-1
-1.222232e0 -1.436371e0 4.096973e-1 4.096973e-1
-1.177788e0 -1.436371e0 4.5581345e-1 4.5581345e-1
-1.133344e0 -1.436371e0 5.0512294e-1 5.0512294e-1
-1.0889e0 -1.436371e0 5.5755104e-1 5.5755104e-1
-1.044456e0 -1.436371e0 6.1300899e-1 6.1300899e-1
-1.000012e0 -1.436371e0 6.7131729e-1 6.7131729e-1
-9.55568e-1 -1.436371e0 7.3227692e-1 7.3227692e-1
-9.11124e-1 -1.436371e0 7.9561938e-1 7.9561938e-1
-8.6668e-1 -1.436371e0 8.6103326e-1 8.6103326e-1
-8.22236e-1 -1.436371e0 9.2816391e-1 9.2816391e-1
-7.77792e-1 -1.436371e0 9.9656204e-1 9.9656204e-1
-7.33348e-1 -1.436371e0 1.06577835e0 1.06577835e0
-6.88904e-1 -1.436371e0 1.13533832e0 1.13533832e0
-6.4446e-1 -1.436371e0 1.2046594e0 1.2046594e0
-6.00016e-1 -1.436371e0 1.27314891e0 1.27314891e0
-5.55572e-1 -1.436371e0 1.34024976e0 1.34024976e0
-5.11128e-1 -1.436371e0 1.4053123e0 1.4053123e0
-4.66684e-1 -1.436371e0 1.466678e0 1.466678e0
-4.2224e-1 -1.436371e0 1.52715e0 1.52715e0
-3.77796e-1 -1.436371e0 1.5817305e0 1.5817305e0
-3.33352e-1 -1.436371e0 1.6320044e0 1.6320044e0
-2.88908e-1 -1.436371e0 1.6779694e0 1.6779694e0
-2.44464e-1 -1.436371e0 1.7180429e0 1.7180429e0
-2.0002e-1 -1.436371e0 1.752659e0 1.752659e0
-1.55576e-1 -1.436371e0 1.781386e0 1.781386e0
-1.11132e-1 -1.436371e0 1.8016397e0 1.8016397e0
-6.6688e-2 -1.436371e0 1.8158597e0 1.8158597e0
-2.2244e-2 -1.436371e0 1.823042e0 1.823042e0
2.22e-2 -1.436371e0 1.823042e0 1.823042e0
6.6644e-2 -1.436371e0 1.8158597e0 1.8158597e0
1.11088e-1 -1.436371e0 1.8016397e0 1.8016397e0
1.55532e-1 -1.436371e0 1.781386e0 1.781386e0
1.99976e-1 -1.436371e0 1.752659e0 1.752659e0
2.4442e-1 -1.436371e0 1.7180429e0 1.7180429e0
2.88864e-1 -1.436371e0 1.6779694e0 1.6779694e0
3.33308e-1 -1.436371e0 1.6320044e0 1.6320044e0
3.77752e-1 -1.436371e0 1.5817305e0 1.5817305e0
4.22196e-1 -1.436371e0 1.52715e0 1.52715e0
4.6664e-1 -1.436371e0 1.466678e0 1.466678e0
5.11084e-1 -1.436371e0 1.40538243e0 1.40538243e0
5.55528e-1 -1.436371e0 1.34033633e0 1.34033633e0
5.999721e-1 -1.436371e0 1.27322388e0 1.27322388e0
6.44416e-1 -1.436371e0 1.20470782e0 1.20470782e0
6.8886e-1 -1.436371e0 1.13540868e0 1.13540868e0
7.33304e-1 -1.436371e0 1.06586821e0 1.06586821e0
7.77748e-1 -1.436371e0 9.9663678e-1 9.9663678e-1
8.221921e-1 -1.436371e0 9.2821739e-1 9.2821739e-1
8.66636e-1 -1.436371e0 8.6109288e-1 8.6109288e-1
9.1108e-1 -1.436371e0 7.9567725e-1 7.9567725e-1
9.55524e-1 -1.436371e0 7.3234245e-1 7.3234245e-1
9.99968e-1 -1.436371e0 6.7137471e-1 6.7137471e-1
1.0444121e0 -1.436371e0 6.1306467e-1 6.1306467e-1
1.088856e0 -1.436371e0 5.5760869e-1 5.5760869e-1
1.1333e0 -1.436371e0 5.0516896e-1 5.0516896e-1
1.177744e0 -1.436371e0 4.558564e-1 4.558564e-1
1.222188e0 -1.436371e0 4.0973718e-1 4.0973718e-1
1.2666321e0 -1.436371e0 3.6683542e-1 3.6683542e-1
1.311076e0 -1.436371e0 3.2713008e-1 3.2713008e-1
1.35552e0 -1.436371e0 2.9056592e-1 2.9056592e-1
1.399964e0 -1.436371e0 2.5707413e-1 2.5707413e-1
1.444408e0 -1.436371e0 2.2654489e-1 2.2654489e-1
1.4888521e0 -1.436371e0 1.9885526e-1 1.9885526e-1
1.533296e0 -1.436371e0 1.7386407e-1 1.7386407e-1
1.57774e0 -1.436371e0 1.5140895e-1 1.5140895e-1
1.622184e0 -1.436371e0 1.31340219e-1 1.31340219e-1
1.666628e0 -1.436371e0 1.13479543e-1 1.13479543e-1
1.7110721e0 -1.436371e0 9.7661119e-2 9.7661119e-2
1.755516e0 -1.436371e0 8.3717104e-2 8.3717104e-2
1.79996e0 -1.436371e0 7.147878e-2 7.147878e-2
1.844404e0 -1.436371e0 6.0791301e-2 6.0791301e-2
1.888848e0 -1.436371e0 5.1496577e-2 5.1496577e-2
1.9332921e0 -1.436371e0 4.3451445e-2 4.3451445e-2
1.977736e0 -1.436371e0 3.651868e-2 3.651868e-2
2.02218e0 -1.436371e0 3.0570857e-2 3.0570857e-2
2.066624e0 -1.436371e0 2.5490935e-2 2.5490935e-2
2.111068e0 -1.436371e0 2.1171083e-2 2.1171083e-2
2.1555121e0 -1.436371e0 1.7514339e-2 1.7514339e-2
2.199956e0 -1.436371e0 1.4431827e-2 1.4431827e-2

-2.2e0 -1.4000082e0 1.559196e-2 1.559196e-2
-2.155556e0 -1.4000082e0 1.8921913e-2 1.8921913e-2
-2.111112e0 -1.4000082e0 2.2873149e-2 2.2873149e-2
-2.0666681e0 -1.4000082e0 2.754007e-2 2.754007e-2
-2.0222241e0 -1.4000082e0 3.3028502e-2 3.3028502e-2
-1.97778e0 -1.4000082e0 3.9454553e-2 3.9454553e-2
-1.933336e0 -1.4000082e0 4.6945009e-2 4.6945009e-2
-1.888892e0 -1.4000082e0 5.5636652e-2 5.5636652e-2
-1.8444481e0 -1.4000082e0 6.5678207e-2 6.5678207e-2
-1.8000041e0 -1.4000082e0 7.7226604e-2 7.7226604e-2
-1.75556e0 -1.4000082e0 9.0448149e-2 9.0448149e-2
-1.711116e0 -1.4000082e0 1.05514786e-1 1.05514786e-1
-1.666672e0 -1.4000082e0 1.22604744e-1 1.22604744e-1
-1.6222281e0 -1.4000082e0 1.4190244e-1 1.4190244e-1
-1.5777841e0 -1.4000082e0 1.635853e-1 1.635853e-1
-1.53334e0 -1.4000082e0 1.8784575e-1 1.8784575e-1
-1.488896e0 -1.4000082e0 2.1484998e-1 2.1484998e-1
-1.444452e0 -1.4000082e0 2.4476912e-1 2.4476912e-1
-1.4000081e0 -1.4000082e0 2.777542e-1 2.777542e-1
-1.3555641e0 -1.4000082e0 3.1394022e-1 3.1394022e-1
-1.31112e0 -1.4000082e0 3.5344147e-1 3.5344147e-1
-1.266676e0 -1.4000082e0 3.9634511e-1 3.9634511e-1
-1.222232e0 -1.4000082e0 4.4270691e-1 4.4270691e-1
-1.177788e0 -1.4000082e0 4.9254778e-1 4.9254778e-1
-1.133344e0 -1.4000082e0 5.4582266e-1 5.4582266e-1
-1.0889e0 -1.4000082e0 6.0248735e-1 6.0248735e-1
-1.044456e0 -1.4000082e0 6.6239975e-1 6.6239975e-1
-1.000012e0 -1.4000082e0 7.2541228e-1 7.2541228e-1
-9.55568e-1 -1.4000082e0 7.9127966e-1 7.9127966e-1
-9.11124e-1 -1.4000082e0 8.5972743e-1 8.5972743e-1
-8.6668e-1 -1.4000082e0 9.304238e-1 9.304238e-1
-8.22236e-1 -1.4000082e0 1.00294495e0 1.00294495e0
-7.77792e-1 -1.4000082e0 1.07685849e0 1.07685849e0
-7.33348e-1 -1.4000082e0 1.1516714e0 1.1516714e0
-6.88904e-1 -1.4000082e0 1.22681094e0 1.22681094e0
-6.4446e-1 -1.4000082e0 1.3017189e0 1.3017189e0
-6.00016e-1 -1.4000082e0 1.37576021e0 1.37576021e0
-5.55572e-1 -1.4000082e0 1.4478871e0 1.4478871e0
-5.11128e-1 -1.4000082e0 1.5177487e0 1.5177487e0
-4.66684e-1 -1.4000082e0 1.5850894e0 1.5850894e0
-4.2224e-1 -1.4000082e0 1.6493497e0 1.6493497e0
-3.77796e-1 -1.4000082e0 1.7096901e0 1.7096901e0
-3.33352e-1 -1.4000082e0 1.7642903e0 1.7642903e0
-2.88908e-1 -1.4000082e0 1.8132892e0 1.8132892e0
-2.44464e-1 -1.4000082e0 1.8568301e0 1.8568301e0
-2.0002e-1 -1.4000082e0 1.8946309e0 1.8946309e0
-1.55576e-1 -1.4000082e0 1.923891e0 1.923891e0
-1.11132e-1 -1.4000082e0 1.9478297e0 1.9478297e0
-6.6688e-2 -1.4000082e0 1.96323e0 1.96323e0
-2.2244e-2 -1.4000082e0 1.9702304e0 1.9702304e0
2.22e-2 -1.4000082e0 1.9702304e0 1.9702304e0
6.6644e-2 -1.4000082e0 1.96323e0 1.96323e0
1.11088e-1 -1.4000082e0 1.9478297e0 1.9478297e0
1.55532e-1 -1.4000082e0 1.923891e0 1.923891e0
1.99976e-1 -1.4000082e0 1.8946309e0 1.8946309e0
2.4442e-1 -1.4000082e0 1.8568301e0 1.8568301e0
2.88864e-1 -1.4000082e0 1.8132892e0 1.8132892e0
3.33308e-1 -1.4000082e0 1.7642903e0 1.7642903e0
3.77752e-1 -1.4000082e0 1.7096901e0 1.7096901e0
4.22196e-1 -1.4000082e0 1.6493497e0 1.6493497e0
4.6664e-1 -1.4000082e0 1.5850894e0 1.5850894e0
5.11084e-1 -1.4000082e0 1.5177487e0 1.5177487e0
5.55528e-1 -1.4000082e0 1.4478871e0 1.4478871e0
5.999721e-1 -1.4000082e0 1.37581126e0 1.37581126e0
6.44416e-1 -1.4000082e0 1.30179901e0 1.30179901e0
6.8886e-1 -1.4000082e0 1.22688678e0 1.22688678e0
7.33304e-1 -1.4000082e0 1.15174574e0 1.15174574e0
7.77748e-1 -1.4000082e0 1.07694159e0 1.07694159e0
8.221921e-1 -1.4000082e0 1.00302911e0 1.00302911e0
8.66636e-1 -1.4000082e0 9.3049045e-1 9.3049045e-1
9.1108e-1 -1.4000082e0 8.5980519e-1 8.5980519e-1
9.55524e-1 -1.4000082e0 7.9135016e-1 7.9135016e-1
9.99968e-1 -1.4000082e0 7.2547572e-1 7.2547572e-1
1.0444121e0 -1.4000082e0 6.6245508e-1 6.6245508e-1
1.088856e0 -1.4000082e0 6.0254759e-1 6.0254759e-1
1.1333e0 -1.4000082e0 5.4588226e-1 5.4588226e-1
1.177744e0 -1.4000082e0 4.9259264e-1 4.9259264e-1
1.222188e0 -1.4000082e0 4.4275647e-1 4.4275647e-1
1.2666321e0 -1.4000082e0 3.9639296e-1 3.9639296e-1
1.311076e0 -1.4000082e0 3.5348355e-1 3.5348355e-1
1.35552e0 -1.4000082e0 3.139776e-1 3.139776e-1
1.399964e0 -1.4000082e0 2.7778773e-1 2.7778773e-1
1.444408e0 -1.4000082e0 2.4479924e-1 2.4479924e-1
1.4888521e0 -1.4000082e0 2.148801e-1 2.148801e-1
1.533296e0 -1.4000082e0 1.8786967e-1 1.8786967e-1
1.57774e0 -1.4000082e0 1.6361221e-1 1.6361221e-1
1.622184e0 -1.4000082e0 1.4192017e-1 1.4192017e-1
1.666628e0 -1.4000082e0 1.22623927e-1 1.22623927e-1
1.7110721e0 -1.4000082e0 1.05530743e-1 1.05530743e-1
1.755516e0 -1.4000082e0 9.0462099e-2 9.0462099e-2
1.79996e0 -1.4000082e0 7.7239827e-2 7.7239827e-2
1.844404e0 -1.4000082e0 6.5689487e-2 6.5689487e-2
1.888848e0 -1.4000082e0 5.5646051e-2 5.5646051e-2
1.9332921e0 -1.4000082e0 4.6953383e-2 4.6953383e-2
1.977736e0 -1.4000082e0 3.946156e-2 3.946156e-2
2.02218e0 -1.4000082e0 3.303397e-2 3.303397e-2
2.066624e0 -1.4000082e0 2.7544919e-2 2.7544919e-2
2.111068e0 -1.4000082e0 2.2877272e-2 2.2877272e-2
2.1555121e0 -1.4000082e0 1.8925673e-2 1.8925673e-2
2.199956e0 -1.4000082e0 1.559478e-2 1.559478e-2

-2.2e0 -1.3636453e0 1.679247e-2 1.679247e-2
-2.155556e0 -1.3636453e0 2.0379094e-2 2.0379094e-2
-2.111112e0 -1.3636453e0 2.4634474e-2 2.4634474e-2
-2.0666681e0 -1.3636453e0 2.9660547e-2 2.9660547e-2
-2.0222241e0 -1.3636453e0 3.5570982e-2 3.5570982e-2
-1.97778e0 -1.3636453e0 4.2491898e-2 4.2491898e-2
-1.933336e0 -1.3636453e0 5.0559415e-2 5.0559415e-2
-1.888892e0 -1.3636453e0 5.9920477e-2 5.9920477e-2
-1.8444481e0 -1.3636453e0 7.0735762e-2 7.0735762e-2
-1.8000041e0 -1.3636453e0 8.3172975e-2 8.3172975e-2
-1.75556e0 -1.3636453e0 9.7411586e-2 9.7411586e-2
-1.711116e0 -1.3636453e0 1.13639006e-1 1.13639006e-1
-1.666672e0 -1.3636453e0 1.32045209e-1 1.32045209e-1
-1.6222281e0 -1.3636453e0 1.5282692e-1 1.5282692e-1
-1.5777841e0 -1.3636453e0 1.7618344e-1 1.7618344e-1
-1.53334e0 -1.3636453e0 2.0231131e-1 2.0231131e-1
-1.488896e0 -1.3636453e0 2.3139262e-1 2.3139262e-1
-1.444452e0 -1.3636453e0 2.6361629e-1 2.6361629e-1
-1.4000081e0 -1.3636453e0 2.9913962e-1 2.9913962e-1
-1.3555641e0 -1.3636453e0 3.3811264e-1 3.3811264e-1
-1.31112e0 -1.3636453e0 3.8065958e-1 3.8065958e-1
-1.266676e0 -1.3636453e0 4.2686324e-1 4.2686324e-1
-1.222232e0 -1.3636453e0 4.7679874e-1 4.7679874e-1
-1.177788e0 -1.3636453e0 5.3046193e-1 5.3046193e-1
-1.133344e0 -1.3636453e0 5.8784903e-1 5.8784903e-1
-1.0889e0 -1.3636453e0 6.4886311e-1 6.4886311e-1
-1.044456e0 -1.3636453e0 7.1340097e-1 7.1340097e-1
-1.000012e0 -1.3636453e0 7.8126804e-1 7.8126804e-1
-9.55568e-1 -1.3636453e0 8.5221149e-1 8.5221149e-1
-9.11124e-1 -1.3636453e0 9.2592528e-1 9.2592528e-1
-8.6668e-1 -1.3636453e0 1.00204608e0 1.00204608e0
-8.22236e-1 -1.3636453e0 1.08017441e0 1.08017441e0
-7.77792e-1 -1.3636453e0 1.1597755e0 1.1597755e0
-7.33348e-1 -1.3636453e0 1.24035141e0 1.24035141e0
-6.88904e-1 -1.3636453e0 1.32127586e0 1.32127586e0
-6.4446e-1 -1.3636453e0 1.4019652e0 1.4019652e0
-6.00016e-1 -1.3636453e0 1.4810547e0 1.4810547e0
-5.55572e-1 -1.3636453e0 1.5589209e0 1.5589209e0
-5.11128e-1 -1.3636453e0 1.6352847e0 1.6352847e0
-4.66684e-1 -1.3636453e0 1.707693e0 1.707693e0
-4.2224e-1 -1.3636453e0 1.7772403e0 1.7772403e0
-3.77796e-1 -1.3636453e0 1.8413318e0 1.8413318e0
-3.33352e-1 -1.3636453e0 1.8999677e0 1.8999677e0
-2.88908e-1 -1.3636453e0 1.9530145e0 1.9530145e0
-2.44464e-1 -1.3636453e0 2.0008781e0 2.0008781e0
-2.0002e-1 -1.3636453e0 2.040423e0 2.040423e0
-1.55576e-1 -1.3636453e0 2.0730139e0 2.0730139e0
-1.11132e-1 -1.3636453e0 2.0975606e0 2.0975606e0
-6.6688e-2 -1.3636453e0 2.114061e0 2.114061e0
-2.2244e-2 -1.3636453e0 2.1221053e0 2.1221053e0
2.22e-2 -1.3636453e0 2.1221053e0 2.1221053e0
6.6644e-2 -1.3636453e0 2.114061e0 2.114061e0
1.11088e-1 -1.3636453e0 2.0975606e0 2.0975606e0
1.55532e-1 -1.3636453e0 2.0730139e0 2.0730139e0
1.99976e-1 -1.3636453e0 2.040423e0 2.040423e0
2.4442e-1 -1.3636453e0 2.0008781e0 2.0008781e0
2.88864e-1 -1.3636453e0 1.9530145e0 1.9530145e0
3.33308e-1 -1.3636453e0 1.8999677e0 1.8999677e0
3.77752e-1 -1.3636453e0 1.8413318e0 1.8413318e0
4.22196e-1 -1.3636453e0 1.7772403e0 1.7772403e0
4.6664e-1 -1.3636453e0 1.707693e0 1.707693e0
5.11084e-1 -1.3636453e0 1.6352847e0 1.6352847e0
5.55528e-1 -1.3636453e0 1.5589209e0 1.5589209e0
5.999721e-1 -1.3636453e0 1.4810547e0 1.4810547e0
6.44416e-1 -1.3636453e0 1.4019652e0 1.4019652e0
6.8886e-1 -1.3636453e0 1.32136118e0 1.32136118e0
7.33304e-1 -1.3636453e0 1.24043027e0 1.24043027e0
7.77748e-1 -1.3636453e0 1.15987183e0 1.15987183e0
8.221921e-1 -1.3636453e0 1.08024329e0 1.08024329e0
8.66636e-1 -1.3636453e0 1.00212723e0 1.00212723e0
9.1108e-1 -1.3636453e0 9.2600975e-1 9.2600975e-1
9.55524e-1 -1.3636453e0 8.5228578e-1 8.5228578e-1
9.99968e-1 -1.3636453e0 7.813367e-1 7.813367e-1
1.0444121e0 -1.3636453e0 7.1346506e-1 7.1346506e-1
1.088856e0 -1.3636453e0 6.4893365e-1 6.4893365e-1
1.1333e0 -1.3636453e0 5.879154e-1 5.879154e-1
1.177744e0 -1.3636453e0 5.305206e-1 5.305206e-1
1.222188e0 -1.3636453e0 4.7685118e-1 4.7685118e-1
1.2666321e0 -1.3636453e0 4.2691547e-1 4.2691547e-1
1.311076e0 -1.3636453e0 3.8070161e-1 3.8070161e-1
1.35552e0 -1.3636453e0 3.3815697e-1 3.3815697e-1
1.399964e0 -1.3636453e0 2.9917749e-1 2.9917749e-1
1.444408e0 -1.3636453e0 2.6364833e-1 2.6364833e-1
1.4888521e0 -1.3636453e0 2.3142508e-1 2.3142508e-1
1.533296e0 -1.3636453e0 2.0233586e-1 2.0233586e-1
1.57774e0 -1.3636453e0 1.762057e-1 1.762057e-1
1.622184e0 -1.3636453e0 1.5284773e-1 1.5284773e-1
1.666628e0 -1.3636453e0 1.32065974e-1 1.32065974e-1
1.7110721e0 -1.3636453e0 1.13656317e-1 1.13656317e-1
1.755516e0 -1.3636453e0 9.7427441e-2 9.7427441e-2
1.79996e0 -1.3636453e0 8.3186479e-2 8.3186479e-2
1.844404e0 -1.3636453e0 7.0747559e-2 7.0747559e-2
1.888848e0 -1.3636453e0 5.9930965e-2 5.9930965e-2
1.9332921e0 -1.3636453e0 5.056778e-2 5.056778e-2
1.977736e0 -1.3636453e0 4.2499971e-2 4.2499971e-2
2.02218e0 -1.3636453e0 3.5577621e-2 3.5577621e-2
2.066624e0 -1.3636453e0 2.9665956e-2 2.9665956e-2
2.111068e0 -1.3636453e0 2.4638553e-2 2.4638553e-2
2.1555121e0 -1.3636453e0 2.038286e-2 2.038286e-2
2.199956e0 -1.3636453e0 1.6795592e-2 1.6795592e-2

-2.2e0 -1.3272824e0 1.802446e-2 1.802446e-2
-2.155556e0 -1.3272824e0 2.1874747e-2 2.1874747e-2
-2.111112e0 -1.3272824e0 2.6442242e-2 2.6442242e-2
-2.0666681e0 -1.3272824e0 3.1837044e-2 3.1837044e-2
-2.0222241e0 -1.3272824e0 3.8181837e-2 3.8181837e-2
-1.97778e0 -1.3272824e0 4.5610721e-2 4.5610721e-2
-1.933336e0 -1.3272824e0 5.4269733e-2 5.4269733e-2
-1.888892e0 -1.3272824e0 6.4319014e-2 6.4319014e-2
-1.8444481e0 -1.3272824e0 7.592727e-2 7.592727e-2
-1.8000041e0 -1.3272824e0 8.9277362e-2 8.9277362e-2
-1.75556e0 -1.3272824e0 1.04560616e-1 1.04560616e-1
-1.711116e0 -1.3272824e0 1.2197958e-1 1.2197958e-1
-1.666672e0 -1.3272824e0 1.4173343e-1 1.4173343e-1
-1.6222281e0 -1.3272824e0 1.6404465e-1 1.6404465e-1
-1.5777841e0 -1.3272824e0 1.8911388e-1 1.8911388e-1
-1.53334e0 -1.3272824e0 2.1715703e-1 2.1715703e-1
-1.488896e0 -1.3272824e0 2.4837822e-1 2.4837822e-1
-1.444452e0 -1.3272824e0 2.8296442e-1 2.8296442e-1
-1.4000081e0 -1.3272824e0 3.2109645e-1 3.2109645e-1
-1.3555641e0 -1.3272824e0 3.6292967e-1 3.6292967e-1
-1.31112e0 -1.3272824e0 4.0859592e-1 4.0859592e-1
-1.266676e0 -1.3272824e0 4.5819405e-1 4.5819405e-1
-1.222232e0 -1.3272824e0 5.1179187e-1 5.1179187e-1
-1.177788e0 -1.3272824e0 5.6940137e-1 5.6940137e-1
-1.133344e0 -1.3272824e0 6.3099881e-1 6.3099881e-1
-1.0889e0 -1.3272824e0 6.9649127e-1 6.9649127e-1
-1.044456e0 -1.3272824e0 7.6577078e-1 7.6577078e-1
-1.000012e0 -1.3272824e0 8.386083e-1 8.386083e-1
-9.55568e-1 -1.3272824e0 9.1475107e-1 9.1475107e-1
-9.11124e-1 -1.3272824e0 9.938896e-1 9.938896e-1
-8.6668e-1 -1.3272824e0 1.07559761e0 1.07559761e0
-8.22236e-1 -1.3272824e0 1.15945605e0 1.15945605e0
-7.77792e-1 -1.3272824e0 1.24490657e0 1.24490657e0
-7.33348e-1 -1.3272824e0 1.331398e0 1.331398e0
-6.88904e-1 -1.3272824e0 1.4176706e0 1.4176706e0
-6.4446e-1 -1.3272824e0 1.5039432e0 1.5039432e0
-6.00016e-1 -1.3272824e0 1.5904831e0 1.5904831e0
-5.55572e-1 -1.3272824e0 1.6741025e0 1.6741025e0
-5.11128e-1 -1.3272824e0 1.7549332e0 1.7549332e0
-4.66684e-1 -1.3272824e0 1.8332423e0 1.8332423e0
-4.2224e-1 -1.3272824e0 1.9075699e0 1.9075699e0
-3.77796e-1 -1.3272824e0 1.9767227e0 1.9767227e0
-3.33352e-1 -1.3272824e0 2.0391052e0 2.0391052e0
-2.88908e-1 -1.3272824e0 2.0976376e0 2.0976376e0
-2.44464e-1 -1.3272824e0 2.1479414e0 2.1479414e0
-2.0002e-1 -1.3272824e0 2.190547e0 2.190547e0
-1.55576e-1 -1.3272824e0 2.224924e0 2.224924e0
-1.11132e-1 -1.3272824e0 2.2514693e0 2.2514693e0
-6.6688e-2 -1.3272824e0 2.2701848e0 2.2701848e0
-2.2244e-2 -1.3272824e0 2.2780145e0 2.2780145e0
2.22e-2 -1.3272824e0 2.2780145e0 2.2780145e0
6.6644e-2 -1.3272824e0 2.2701848e0 2.2701848e0
1.11088e-1 -1.3272824e0 2.2514693e0 2.2514693e0
1.55532e-1 -1.3272824e0 2.224924e0 2.224924e0
1.99976e-1 -1.3272824e0 2.190547e0 2.190547e0
2.4442e-1 -1.3272824e0 2.1479414e0 2.1479414e0
2.88864e-1 -1.3272824e0 2.0976376e0 2.0976376e0
3.33308e-1 -1.3272824e0 2.0404318e0 2.0404318e0
3.77752e-1 -1.3272824e0 1.9767227e0 1.9767227e0
4.22196e-1 -1.3272824e0 1.9075699e0 1.9075699e0
4.6664e-1 -1.3272824e0 1.8332423e0 1.8332423e0
5.11084e-1 -1.3272824e0 1.7549332e0 1.7549332e0
5.55528e-1 -1.3272824e0 1.6741025e0 1.6741025e0
5.999721e-1 -1.3272824e0 1.5904831e0 1.5904831e0
6.44416e-1 -1.3272824e0 1.5039432e0 1.5039432e0
6.8886e-1 -1.3272824e0 1.4176706e0 1.4176706e0
7.33304e-1 -1.3272824e0 1.331398e0 1.331398e0
7.77748e-1 -1.3272824e0 1.2449809e0 1.2449809e0
8.221921e-1 -1.3272824e0 1.1595233e0 1.1595233e0
8.66636e-1 -1.3272824e0 1.07567781e0 1.07567781e0
9.1108e-1 -1.3272824e0 9.9395786e-1 9.9395786e-1
9.55524e-1 -1.3272824e0 9.1483815e-1 9.1483815e-1
9.99968e-1 -1.3272824e0 8.3868344e-1 8.3868344e-1
1.0444121e0 -1.3272824e0 7.6583984e-1 7.6583984e-1
1.088856e0 -1.3272824e0 6.965664e-1 6.965664e-1
1.1333e0 -1.3272824e0 6.3105391e-1 6.3105391e-1
1.177744e0 -1.3272824e0 5.6945564e-1 5.6945564e-1
1.222188e0 -1.3272824e0 5.1184412e-1 5.1184412e-1
1.2666321e0 -1.3272824e0 4.5824245e-1 4.5824245e-1
1.311076e0 -1.3272824e0 4.0863966e-1 4.0863966e-1
1.35552e0 -1.3272824e0 3.6296997e-1 3.6296997e-1
1.399964e0 -1.3272824e0 3.2113614e-1 3.2113614e-1
1.444408e0 -1.3272824e0 2.8299904e-1 2.8299904e-1
1.4888521e0 -1.3272824e0 2.484084e-1 2.484084e-1
1.533296e0 -1.3272824e0 2.1718741e-1 2.1718741e-1
1.57774e0 -1.3272824e0 1.8914061e-1 1.8914061e-1
1.622184e0 -1.3272824e0 1.6406773e-1 1.6406773e-1
1.666628e0 -1.3272824e0 1.4175531e-1 1.4175531e-1
1.7110721e0 -1.3272824e0 1.2199625e-1 1.2199625e-1
1.755516e0 -1.3272824e0 1.04576697e-1 1.04576697e-1
1.79996e0 -1.3272824e0 8.9291437e-2 8.9291437e-2
1.844404e0 -1.3272824e0 7.5938916e-2 7.5938916e-2
1.888848e0 -1.3272824e0 6.4329526e-2 6.4329526e-2
1.9332921e0 -1.3272824e0 5.4279353e-2 5.4279353e-2
1.977736e0 -1.3272824e0 4.5618822e-2 4.5618822e-2
2.02218e0 -1.3272824e0 3.8189088e-2 3.8189088e-2
2.066624e0 -1.3272824e0 3.1842836e-2 3.1842836e-2
2.111068e0 -1.3272824e0 2.6446921e-2 2.6446921e-2
2.1555121e0 -1.3272824e0 2.1878696e-2 2.1878696e-2
2.199956e0 -1.3272824e0 1.8028247e-2 1.8028247e-2

-2.2e0 -1.2909195e0 1.9282065e-2 1.9282065e-2
-2.155556e0 -1.2909195e0 2.3400456e-2 2.3400456e-2
-2.111112e0 -1.2909195e0 2.828671e-2 2.828671e-2
-2.0666681e0 -1.2909195e0 3.4058125e-2 3.4058125e-2
-2.0222241e0 -1.2909195e0 4.0845775e-2 4.0845775e-2
-1.97778e0 -1.2909195e0 4.8791698e-2 4.8791698e-2
-1.933336e0 -1.2909195e0 5.8055388e-2 5.8055388e-2
-1.888892e0 -1.2909195e0 6.8804515e-2 6.8804515e-2
-1.8444481e0 -1.2909195e0 8.122284e-2 8.122284e-2
-1.8000041e0 -1.2909195e0 9.5504286e-2 9.5504286e-2
-1.75556e0 -1.2909195e0 1.11855151e-1 1.11855151e-1
-1.711116e0 -1.2909195e0 1.3048576e-1 1.3048576e-1
-1.666672e0 -1.2909195e0 1.5162e-1 1.5162e-1
-1.6222281e0 -1.2909195e0 1.7548672e-1 1.7548672e-1
-1.5777841e0 -1.2909195e0 2.02304e-1 2.02304e-1
-1.53334e0 -1.2909195e0 2.3230286e-1 2.3230286e-1
-1.488896e0 -1.2909195e0 2.6570256e-1 2.6570256e-1
-1.444452e0 -1.2909195e0 3.026995e-1 3.026995e-1
-1.4000081e0 -1.2909195e0 3.4349516e-1 3.4349516e-1
-1.3555641e0 -1.2909195e0 3.8824734e-1 3.8824734e-1
-1.31112e0 -1.2909195e0 4.3709431e-1 4.3709431e-1
-1.266676e0 -1.2909195e0 4.9014993e-1 4.9014993e-1
-1.222232e0 -1.2909195e0 5.4748805e-1 5.4748805e-1
-1.177788e0 -1.2909195e0 6.0911914e-1 6.0911914e-1
-1.133344e0 -1.2909195e0 6.7500595e-1 6.7500595e-1
-1.0889e0 -1.2909195e0 7.4508408e-1 7.4508408e-1
-1.044456e0 -1.2909195e0 8.1917445e-1 8.1917445e-1
-1.000012e0 -1.2909195e0 8.9709705e-1 8.9709705e-1
-9.55568e-1 -1.2909195e0 9.7855719e-1 9.7855719e-1
-9.11124e-1 -1.2909195e0 1.06320406e0 1.06320406e0
-8.6668e-1 -1.2909195e0 1.15063658e0 1.15063658e0
-8.22236e-1 -1.2909195e0 1.24032335e0 1.24032335e0
-7.77792e-1 -1.2909195e0 1.3311957e0 1.3311957e0
-7.33348e-1 -1.2909195e0 1.424142e0 1.424142e0
-6.88904e-1 -1.2909195e0 1.5170883e0 1.5170883e0
-6.4446e-1 -1.2909195e0 1.6101648e0 1.6101648e0
-6.00016e-1 -1.2909195e0 1.7016908e0 1.7016908e0
-5.55572e-1 -1.2909195e0 1.7908926e0 1.7908926e0
-5.11128e-1 -1.2909195e0 1.877384e0 1.877384e0
-4.66684e-1 -1.2909195e0 1.961293e0 1.961293e0
-4.2224e-1 -1.2909195e0 2.0401692e0 2.0401692e0
-3.77796e-1 -1.2909195e0 2.1136226e0 2.1136226e0
-3.33352e-1 -1.2909195e0 2.1821712e0 2.1821712e0
-2.88908e-1 -1.2909195e0 2.2428426e0 2.2428426e0
-2.44464e-1 -1.2909195e0 2.2969328e0 2.2969328e0
-2.0002e-1 -1.2909195e0 2.343406e0 2.343406e0
-1.55576e-1 -1.2909195e0 2.3796817e0 2.3796817e0
-1.11132e-1 -1.2909195e0 2.4092422e0 2.4092422e0
-6.6688e-2 -1.2909195e0 2.427315e0 2.427315e0
-2.2244e-2 -1.2909195e0 2.4377727e0 2.4377727e0
2.22e-2 -1.2909195e0 2.4377727e0 2.4377727e0
6.6644e-2 -1.2909195e0 2.427315e0 2.427315e0
1.11088e-1 -1.2909195e0 2.4092422e0 2.4092422e0
1.55532e-1 -1.2909195e0 2.3808418e0 2.3808418e0
1.99976e-1 -1.2909195e0 2.343406e0 2.343406e0
2.4442e-1 -1.2909195e0 2.2969328e0 2.2969328e0
2.88864e-1 -1.2909195e0 2.2428426e0 2.2428426e0
3.33308e-1 -1.2909195e0 2.1821712e0 2.1821712e0
3.77752e-1 -1.2909195e0 2.1136226e0 2.1136226e0
4.22196e-1 -1.2909195e0 2.0401692e0 2.0401692e0
4.6664e-1 -1.2909195e0 1.961293e0 1.961293e0
5.11084e-1 -1.2909195e0 1.877384e0 1.877384e0
5.55528e-1 -1.2909195e0 1.7908926e0 1.7908926e0
5.999721e-1 -1.2909195e0 1.7016908e0 1.7016908e0
6.44416e-1 -1.2909195e0 1.6101648e0 1.6101648e0
6.8886e-1 -1.2909195e0 1.5170883e0 1.5170883e0
7.33304e-1 -1.2909195e0 1.424142e0 1.424142e0
7.77748e-1 -1.2909195e0 1.3311957e0 1.3311957e0
8.221921e-1 -1.2909195e0 1.24041928e0 1.24041928e0
8.66636e-1 -1.2909195e0 1.15071774e0 1.15071774e0
9.1108e-1 -1.2909195e0 1.06329703e0 1.06329703e0
9.55524e-1 -1.2909195e0 9.7864996e-1 9.7864996e-1
9.99968e-1 -1.2909195e0 8.9717781e-1 8.9717781e-1
1.0444121e0 -1.2909195e0 8.1926389e-1 8.1926389e-1
1.088856e0 -1.2909195e0 7.45154e-1 7.45154e-1
1.1333e0 -1.2909195e0 6.7507982e-1 6.7507982e-1
1.177744e0 -1.2909195e0 6.0917548e-1 6.0917548e-1
1.222188e0 -1.2909195e0 5.4754459e-1 5.4754459e-1
1.2666321e0 -1.2909195e0 4.902102e-1 4.902102e-1
1.311076e0 -1.2909195e0 4.3714513e-1 4.3714513e-1
1.35552e0 -1.2909195e0 3.8829343e-1 3.8829343e-1
1.399964e0 -1.2909195e0 3.4353496e-1 3.4353496e-1
1.444408e0 -1.2909195e0 3.027381e-1 3.027381e-1
1.4888521e0 -1.2909195e0 2.6573782e-1 2.6573782e-1
1.533296e0 -1.2909195e0 2.3233694e-1 2.3233694e-1
1.57774e0 -1.2909195e0 2.0233414e-1 2.0233414e-1
1.622184e0 -1.2909195e0 1.7551056e-1 1.7551056e-1
1.666628e0 -1.2909195e0 1.5164305e-1 1.5164305e-1
1.7110721e0 -1.2909195e0 1.3050586e-1 1.3050586e-1
1.755516e0 -1.2909195e0 1.11872466e-1 1.11872466e-1
1.79996e0 -1.2909195e0 9.5520143e-2 9.5520143e-2
1.844404e0 -1.2909195e0 8.123655e-2 8.123655e-2
1.888848e0 -1.2909195e0 6.8816512e-2 6.8816512e-2
1.9332921e0 -1.2909195e0 5.8066025e-2 5.8066025e-2
1.977736e0 -1.2909195e0 4.8801035e-2 4.8801035e-2
2.02218e0 -1.2909195e0 4.0852629e-2 4.0852629e-2
2.066624e0 -1.2909195e0 3.4064272e-2 3.4064272e-2
2.111068e0 -1.2909195e0 2.8292146e-2 2.8292146e-2
2.1555121e0 -1.2909195e0 2.3404927e-2 2.3404927e-2
2.199956e0 -1.2909195e0 1.9285611e-2 1.9285611e-2

-2.2e0 -1.2545566e0 2.0556319e-2 2.0556319e-2
-2.155556e0 -1.2545566e0 2.4946959e-2 2.4946959e-2
-2.111112e0 -1.2545566e0 3.0155963e-2 3.0155963e-2
-2.0666681e0 -1.2545566e0 3.6308641e-2 3.6308641e-2
-2.0222241e0 -1.2545566e0 4.3544603e-2 4.3544603e-2
-1.97778e0 -1.2545566e0 5.2016591e-2 5.2016591e-2
-1.933336e0 -1.2545566e0 6.1892316e-2 6.1892316e-2
-1.888892e0 -1.2545566e0 7.3352298e-2 7.3352298e-2
-1.8444481e0 -1.2545566e0 8.6589784e-2 8.6589784e-2
-1.8000041e0 -1.2545566e0 1.01815561e-1 1.01815561e-1
-1.75556e0 -1.2545566e0 1.1924686e-1 1.1924686e-1
-1.711116e0 -1.2545566e0 1.3910861e-1 1.3910861e-1
-1.666672e0 -1.2545566e0 1.6164069e-1 1.6164069e-1
-1.6222281e0 -1.2545566e0 1.8708176e-1 1.8708176e-1
-1.5777841e0 -1.2545566e0 2.1567451e-1 2.1567451e-1
-1.53334e0 -1.2545566e0 2.4765636e-1 2.4765636e-1
-1.488896e0 -1.2545566e0 2.8325911e-1 2.8325911e-1
-1.444452e0 -1.2545566e0 3.2270135e-1 3.2270135e-1
-1.4000081e0 -1.2545566e0 3.6619255e-1 3.6619255e-1
-1.3555641e0 -1.2545566e0 4.138977e-1 4.138977e-1
-1.31112e0 -1.2545566e0 4.6597664e-1 4.6597664e-1
-1.266676e0 -1.2545566e0 5.2254672e-1 5.2254672e-1
-1.222232e0 -1.2545566e0 5.8366614e-1 5.8366614e-1
-1.177788e0 -1.2545566e0 6.4937337e-1 6.4937337e-1
-1.133344e0 -1.2545566e0 7.1960889e-1 7.1960889e-1
-1.0889e0 -1.2545566e0 7.943187e-1 7.943187e-1
-1.044456e0 -1.2545566e0 8.733194e-1 8.733194e-1
-1.000012e0 -1.2545566e0 9.5637613e-1 9.5637613e-1
-9.55568e-1 -1.2545566e0 1.043232e0 1.043232e0
-9.11124e-1 -1.2545566e0 1.13347807e0 1.13347807e0
-8.6668e-1 -1.2545566e0 1.22666739e0 1.22666739e0
-8.22236e-1 -1.2545566e0 1.322554e0 1.322554e0
-7.77792e-1 -1.2545566e0 1.4190291e0 1.4190291e0
-7.33348e-1 -1.2545566e0 1.5182646e0 1.5182646e0
-6.88904e-1 -1.2545566e0 1.6173737e0 1.6173737e0
-6.4446e-1 -1.2545566e0 1.716609e0 1.716609e0
-6.00016e-1 -1.2545566e0 1.8132104e0 1.8132104e0
-5.55572e-1 -1.2545566e0 1.9096855e0 1.9096855e0
-5.11128e-1 -1.2545566e0 2.0013939e0 2.0013939e0
-4.66684e-1 -1.2545566e0 2.0904663e0 2.0904663e0
-4.2224e-1 -1.2545566e0 2.1746477e0 2.1746477e0
-3.77796e-1 -1.2545566e0 2.2536855e0 2.2536855e0
-3.33352e-1 -1.2545566e0 2.3264499e0 2.3264499e0
-2.88908e-1 -1.2545566e0 2.3916855e0 2.3916855e0
-2.44464e-1 -1.2545566e0 2.4493959e0 2.4493959e0
-2.0002e-1 -1.2545566e0 2.4983235e0 2.4983235e0
-1.55576e-1 -1.2545566e0 2.5372144e0 2.5372144e0
-1.11132e-1 -1.2545566e0 2.5673245e0 2.5673245e0
-6.6688e-2 -1.2545566e0 2.5886517e0 2.5886517e0
-2.2244e-2 -1.2545566e0 2.5986884e0 2.5986884e0
2.22e-2 -1.2545566e0 2.5986884e0 2.5986884e0
6.6644e-2 -1.2545566e0 2.5886517e0 2.5886517e0
1.11088e-1 -1.2545566e0 2.5673245e0 2.5673245e0
1.55532e-1 -1.2545566e0 2.5372144e0 2.5372144e0
1.99976e-1 -1.2545566e0 2.4983235e0 2.4983235e0
2.4442e-1 -1.2545566e0 2.4493959e0 2.4493959e0
2.88864e-1 -1.2545566e0 2.3916855e0 2.3916855e0
3.33308e-1 -1.2545566e0 2.3264499e0 2.3264499e0
3.77752e-1 -1.2545566e0 2.2536855e0 2.2536855e0
4.22196e-1 -1.2545566e0 2.1757771e0 2.1757771e0
4.6664e-1 -1.2545566e0 2.0904663e0 2.0904663e0
5.11084e-1 -1.2545566e0 2.0027742e0 2.0027742e0
5.55528e-1 -1.2545566e0 1.9096855e0 1.9096855e0
5.999721e-1 -1.2545566e0 1.8132104e0 1.8132104e0
6.44416e-1 -1.2545566e0 1.716609e0 1.716609e0
6.8886e-1 -1.2545566e0 1.6173737e0 1.6173737e0
7.33304e-1 -1.2545566e0 1.5182646e0 1.5182646e0
7.77748e-1 -1.2545566e0 1.4190291e0 1.4190291e0
8.221921e-1 -1.2545566e0 1.322554e0 1.322554e0
8.66636e-1 -1.2545566e0 1.22675775e0 1.22675775e0
9.1108e-1 -1.2545566e0 1.13355809e0 1.13355809e0
9.55524e-1 -1.2545566e0 1.04331833e0 1.04331833e0
9.99968e-1 -1.2545566e0 9.5646994e-1 9.5646994e-1
1.0444121e0 -1.2545566e0 8.7339961e-1 8.7339961e-1
1.088856e0 -1.2545566e0 7.943876e-1 7.943876e-1
1.1333e0 -1.2545566e0 7.1969215e-1 7.1969215e-1
1.177744e0 -1.2545566e0 6.494289e-1 6.494289e-1
1.222188e0 -1.2545566e0 5.8372989e-1 5.8372989e-1
1.2666321e0 -1.2545566e0 5.2260071e-1 5.2260071e-1
1.311076e0 -1.2545566e0 4.6603311e-1 4.6603311e-1
1.35552e0 -1.2545566e0 4.1394939e-1 4.1394939e-1
1.399964e0 -1.2545566e0 3.6623677e-1 3.6623677e-1
1.444408e0 -1.2545566e0 3.2274712e-1 3.2274712e-1
1.4888521e0 -1.2545566e0 2.8329585e-1 2.8329585e-1
1.533296e0 -1.2545566e0 2.476889e-1 2.476889e-1
1.57774e0 -1.2545566e0 2.1570457e-1 2.1570457e-1
1.622184e0 -1.2545566e0 1.8710703e-1 1.8710703e-1
1.666628e0 -1.2545566e0 1.6166425e-1 1.6166425e-1
1.7110721e0 -1.2545566e0 1.3912909e-1 1.3912909e-1
1.755516e0 -1.2545566e0 1.19265083e-1 1.19265083e-1
1.79996e0 -1.2545566e0 1.01831851e-1 1.01831851e-1
1.844404e0 -1.2545566e0 8.6604391e-2 8.6604391e-2
1.888848e0 -1.2545566e0 7.3363689e-2 7.3363689e-2
1.9332921e0 -1.2545566e0 6.1902844e-2 6.1902844e-2
1.977736e0 -1.2545566e0 5.2025397e-2 5.2025397e-2
2.02218e0 -1.2545566e0 4.3551686e-2 4.3551686e-2
2.066624e0 -1.2545566e0 3.6315092e-2 3.6315092e-2
2.111068e0 -1.2545566e0 3.0161707e-2 3.0161707e-2
2.1555121e0 -1.2545566e0 2.495161e-2 2.495161e-2
2.199956e0 -1.2545566e0 2.0560262e-2 2.0560262e-2

-2.2e0 -1.2181937e0 2.1838437e-2 2.1838437e-2
-2.155556e0 -1.2181937e0 2.6502725e-2 2.6502725e-2
-2.111112e0 -1.2181937e0 3.2036864e-2 3.2036864e-2
-2.0666681e0 -1.2181937e0 3.857322e-2 3.857322e-2
-2.0222241e0 -1.2181937e0 4.6260683e-2 4.6260683e-2
-1.97778e0 -1.2181937e0 5.5260638e-2 5.5260638e-2
-1.933336e0 -1.2181937e0 6.5752051e-2 6.5752051e-2
-1.888892e0 -1.2181937e0 7.7926881e-2 7.7926881e-2
-1.8444481e0 -1.2181937e0 9.199127e-2 9.199127e-2
-1.8000041e0 -1.2181937e0 1.08165416e-1 1.08165416e-1
-1.75556e0 -1.2181937e0 1.2668326e-1 1.2668326e-1
-1.711116e0 -1.2181937e0 1.4778323e-1 1.4778323e-1
-1.666672e0 -1.2181937e0 1.7172067e-1 1.7172067e-1
-1.6222281e0 -1.2181937e0 1.987486e-1 1.987486e-1
-1.5777841e0 -1.2181937e0 2.291233e-1 2.291233e-1
-1.53334e0 -1.2181937e0 2.6310281e-1 2.6310281e-1
-1.488896e0 -1.2181937e0 3.0092802e-1 3.0092802e-1
-1.444452e0 -1.2181937e0 3.428326e-1 3.428326e-1
-1.4000081e0 -1.2181937e0 3.8903029e-1 3.8903029e-1
-1.3555641e0 -1.2181937e0 4.3971422e-1 4.3971422e-1
-1.31112e0 -1.2181937e0 4.9504372e-1 4.9504372e-1
-1.266676e0 -1.2181937e0 5.551327e-1 5.551327e-1
-1.222232e0 -1.2181937e0 6.2007375e-1 6.2007375e-1
-1.177788e0 -1.2181937e0 6.8986539e-1 6.8986539e-1
-1.133344e0 -1.2181937e0 7.6449774e-1 7.6449774e-1
-1.0889e0 -1.2181937e0 8.4385947e-1 8.4385947e-1
-1.044456e0 -1.2181937e0 9.2778163e-1 9.2778163e-1
-1.000012e0 -1.2181937e0 1.0160285e0 1.0160285e0
-9.55568e-1 -1.2181937e0 1.10828688e0 1.10828688e0
-9.11124e-1 -1.2181937e0 1.20416234e0 1.20416234e0
-8.6668e-1 -1.2181937e0 1.302492e0 1.302492e0
-8.22236e-1 -1.2181937e0 1.4049426e0 1.4049426e0
-7.77792e-1 -1.2181937e0 1.5084879e0 1.5084879e0
-7.33348e-1 -1.2181937e0 1.6132526e0 1.6132526e0
-6.88904e-1 -1.2181937e0 1.7178964e0 1.7178964e0
-6.4446e-1 -1.2181937e0 1.8227818e0 1.8227818e0
-6.00016e-1 -1.2181937e0 1.926329e0 1.926329e0
-5.55572e-1 -1.2181937e0 2.0286568e0 2.0286568e0
-5.11128e-1 -1.2181937e0 2.1274529e0 2.1274529e0
-4.66684e-1 -1.2181937e0 2.2212523e0 2.2212523e0
-4.2224e-1 -1.2181937e0 2.3113992e0 2.3113992e0
-3.77796e-1 -1.2181937e0 2.3941147e0 2.3941147e0
-3.33352e-1 -1.2181937e0 2.4709824e0 2.4709824e0
-2.88908e-1 -1.2181937e0 2.5404202e0 2.5404202e0
-2.44464e-1 -1.2181937e0 2.6014507e0 2.6014507e0
-2.0002e-1 -1.2181937e0 2.6538339e0 2.6538339e0
-1.55576e-1 -1.2181937e0 2.6963487e0 2.6963487e0
-1.11132e-1 -1.2181937e0 2.7280211e0 2.7280211e0
-6.6688e-2 -1.2181937e0 2.7500703e0 2.7500703e0
-2.2244e-2 -1.2181937e0 2.7610336e0 2.7610336e0
2.22e-2 -1.2181937e0 2.7610336e0 2.7610336e0
6.6644e-2 -1.2181937e0 2.7500703e0 2.7500703e0
1.11088e-1 -1.2181937e0 2.7280211e0 2.7280211e0
1.55532e-1 -1.2181937e0 2.6963487e0 2.6963487e0
1.99976e-1 -1.2181937e0 2.6538339e0 2.6538339e0
2.4442e-1 -1.2181937e0 2.6014507e0 2.6014507e0
2.88864e-1 -1.2181937e0 2.5404202e0 2.5404202e0
3.33308e-1 -1.2181937e0 2.4709824e0 2.4709824e0
3.77752e-1 -1.2181937e0 2.3941147e0 2.3941147e0
4.22196e-1 -1.2181937e0 2.3113992e0 2.3113992e0
4.6664e-1 -1.2181937e0 2.2212523e0 2.2212523e0
5.11084e-1 -1.2181937e0 2.1274529e0 2.1274529e0
5.55528e-1 -1.2181937e0 2.0286568e0 2.0286568e0
5.999721e-1 -1.2181937e0 1.926329e0 1.926329e0
6.44416e-1 -1.2181937e0 1.8227818e0 1.8227818e0
6.8886e-1 -1.2181937e0 1.7178964e0 1.7178964e0
7.33304e-1 -1.2181937e0 1.6132526e0 1.6132526e0
7.77748e-1 -1.2181937e0 1.5084879e0 1.5084879e0
8.221921e-1 -1.2181937e0 1.4049426e0 1.4049426e0
8.66636e-1 -1.2181937e0 1.302492e0 1.302492e0
9.1108e-1 -1.2181937e0 1.20427034e0 1.20427034e0
9.55524e-1 -1.2181937e0 1.10839247e0 1.10839247e0
9.99968e-1 -1.2181937e0 1.01612367e0 1.01612367e0
1.0444121e0 -1.2181937e0 9.2786453e-1 9.2786453e-1
1.088856e0 -1.2181937e0 8.4393736e-1 8.4393736e-1
1.1333e0 -1.2181937e0 7.645786e-1 7.645786e-1
1.177744e0 -1.2181937e0 6.8993657e-1 6.8993657e-1
1.222188e0 -1.2181937e0 6.201377e-1 6.201377e-1
1.2666321e0 -1.2181937e0 5.5520222e-1 5.5520222e-1
1.311076e0 -1.2181937e0 4.9510487e-1 4.9510487e-1
1.35552e0 -1.2181937e0 4.3976999e-1 4.3976999e-1
1.399964e0 -1.2181937e0 3.8907918e-1 3.8907918e-1
1.444408e0 -1.2181937e0 3.428733e-1 3.428733e-1
1.4888521e0 -1.2181937e0 3.0096632e-1 3.0096632e-1
1.533296e0 -1.2181937e0 2.6313739e-1 2.6313739e-1
1.57774e0 -1.2181937e0 2.2915584e-1 2.2915584e-1
1.622184e0 -1.2181937e0 1.9877907e-1 1.9877907e-1
1.666628e0 -1.2181937e0 1.7174689e-1 1.7174689e-1
1.7110721e0 -1.2181937e0 1.4780702e-1 1.4780702e-1
1.755516e0 -1.2181937e0 1.2670203e-1 1.2670203e-1
1.79996e0 -1.2181937e0 1.08183539e-1 1.08183539e-1
1.844404e0 -1.2181937e0 9.2006848e-2 9.2006848e-2
1.888848e0 -1.2181937e0 7.7939706e-2 7.7939706e-2
1.9332921e0 -1.2181937e0 6.5763966e-2 6.5763966e-2
1.977736e0 -1.2181937e0 5.5270398e-2 5.5270398e-2
2.02218e0 -1.2181937e0 4.6268713e-2 4.6268713e-2
2.066624e0 -1.2181937e0 3.8580394e-2 3.8580394e-2
2.111068e0 -1.2181937e0 3.2042198e-2 3.2042198e-2
2.1555121e0 -1.2181937e0 2.6508319e-2 2.6508319e-2
2.199956e0 -1.2181937e0 2.184262e-2 2.184262e-2

-2.2e0 -1.1818307e0 2.3118529e-2 2.3118529e-2
-2.155556e0 -1.1818307e0 2.8056267e-2 2.8056267e-2
-2.111112e0 -1.1818307e0 3.3914896e-2 3.3914896e-2
-2.0666681e0 -1.1818307e0 4.0834422e-2 4.0834422e-2
-2.0222241e0 -1.1818307e0 4.8972226e-2 4.8972226e-2
-1.97778e0 -1.1818307e0 5.85004e-2 5.85004e-2
-1.933336e0 -1.1818307e0 6.96071e-2 6.96071e-2
-1.888892e0 -1.1818307e0 8.2495546e-2 8.2495546e-2
-1.8444481e0 -1.1818307e0 9.738304e-2 9.738304e-2
-1.8000041e0 -1.1818307e0 1.14507567e-1 1.14507567e-1
-1.75556e0 -1.1818307e0 1.3410727e-1 1.3410727e-1
-1.711116e0 -1.1818307e0 1.5644748e-1 1.5644748e-1
-1.666672e0 -1.1818307e0 1.8178825e-1 1.8178825e-1
-1.6222281e0 -1.1818307e0 2.1040262e-1 2.1040262e-1
-1.5777841e0 -1.1818307e0 2.4255675e-1 2.4255675e-1
-1.53334e0 -1.1818307e0 2.7852437e-1 2.7852437e-1
-1.488896e0 -1.1818307e0 3.1856392e-1 3.1856392e-1
-1.444452e0 -1.1818307e0 3.629246e-1 3.629246e-1
-1.4000081e0 -1.1818307e0 4.1183673e-1 4.1183673e-1
-1.3555641e0 -1.1818307e0 4.6548819e-1 4.6548819e-1
-1.31112e0 -1.1818307e0 5.2406058e-1 5.2406058e-1
-1.266676e0 -1.1818307e0 5.876814e-1 5.876814e-1
-1.222232e0 -1.1818307e0 6.5641772e-1 6.5641772e-1
-1.177788e0 -1.1818307e0 7.3031212e-1 7.3031212e-1
-1.133344e0 -1.1818307e0 8.0930507e-1 8.0930507e-1
-1.0889e0 -1.1818307e0 8.9332698e-1 8.9332698e-1
-1.044456e0 -1.1818307e0 9.8217659e-1 9.8217659e-1
-1.000012e0 -1.1818307e0 1.07560466e0 1.07560466e0
-9.55568e-1 -1.1818307e0 1.17327328e0 1.17327328e0
-9.11124e-1 -1.1818307e0 1.2742502e0 1.2742502e0
-8.6668e-1 -1.1818307e0 1.379316e0 1.379316e0
-8.22236e-1 -1.1818307e0 1.4869803e0 1.4869803e0
-7.77792e-1 -1.1818307e0 1.5970087e0 1.5970087e0
-7.33348e-1 -1.1818307e0 1.706801e0 1.706801e0
-6.88904e-1 -1.1818307e0 1.8191936e0 1.8191936e0
-6.4446e-1 -1.1818307e0 1.9302843e0 1.9302843e0
-6.00016e-1 -1.1818307e0 2.0403145e0 2.0403145e0
-5.55572e-1 -1.1818307e0 2.1477426e0 2.1477426e0
-5.11128e-1 -1.1818307e0 2.2518616e0 2.2518616e0
-4.66684e-1 -1.1818307e0 2.351135e0 2.351135e0
-4.2224e-1 -1.1818307e0 2.446982e0 2.446982e0
-3.77796e-1 -1.1818307e0 2.5355003e0 2.5355003e0
-3.33352e-1 -1.1818307e0 2.6158658e0 2.6158658e0
-2.88908e-1 -1.1818307e0 2.690439e0 2.690439e0
-2.44464e-1 -1.1818307e0 2.754257e0 2.754257e0
-2.0002e-1 -1.1818307e0 2.8098033e0 2.8098033e0
-1.55576e-1 -1.1818307e0 2.8547134e0 2.8547134e0
-1.11132e-1 -1.1818307e0 2.8878046e0 2.8878046e0
-6.6688e-2 -1.1818307e0 2.9114409e0 2.9114409e0
-2.2244e-2 -1.1818307e0 2.9220787e0 2.9220787e0
2.22e-2 -1.1818307e0 2.9220787e0 2.9220787e0
6.6644e-2 -1.1818307e0 2.9114409e0 2.9114409e0
1.11088e-1 -1.1818307e0 2.8878046e0 2.8878046e0
1.55532e-1 -1.1818307e0 2.8547134e0 2.8547134e0
1.99976e-1 -1.1818307e0 2.8098033e0 2.8098033e0
2.4442e-1 -1.1818307e0 2.754257e0 2.754257e0
2.88864e-1 -1.1818307e0 2.690439e0 2.690439e0
3.33308e-1 -1.1818307e0 2.617166e0 2.617166e0
3.77752e-1 -1.1818307e0 2.5355003e0 2.5355003e0
4.22196e-1 -1.1818307e0 2.446982e0 2.446982e0
4.6664e-1 -1.1818307e0 2.3523178e0 2.3523178e0
5.11084e-1 -1.1818307e0 2.2518616e0 2.2518616e0
5.55528e-1 -1.1818307e0 2.1477426e0 2.1477426e0
5.999721e-1 -1.1818307e0 2.0403145e0 2.0403145e0
6.44416e-1 -1.1818307e0 1.9302843e0 1.9302843e0
6.8886e-1 -1.1818307e0 1.8191936e0 1.8191936e0
7.33304e-1 -1.1818307e0 1.7081012e0 1.7081012e0
7.77748e-1 -1.1818307e0 1.5970087e0 1.5970087e0
8.221921e-1 -1.1818307e0 1.4869803e0 1.4869803e0
8.66636e-1 -1.1818307e0 1.379316e0 1.379316e0
9.1108e-1 -1.1818307e0 1.2742502e0 1.2742502e0
9.55524e-1 -1.1818307e0 1.17336092e0 1.17336092e0
9.99968e-1 -1.1818307e0 1.07568834e0 1.07568834e0
1.0444121e0 -1.1818307e0 9.8226692e-1 9.8226692e-1
1.088856e0 -1.1818307e0 8.9340813e-1 8.9340813e-1
1.1333e0 -1.1818307e0 8.0939903e-1 8.0939903e-1
1.177744e0 -1.1818307e0 7.3039003e-1 7.3039003e-1
1.222188e0 -1.1818307e0 6.564922e-1 6.564922e-1
1.2666321e0 -1.1818307e0 5.8774632e-1 5.8774632e-1
1.311076e0 -1.1818307e0 5.2412099e-1 5.2412099e-1
1.35552e0 -1.1818307e0 4.6554735e-1 4.6554735e-1
1.399964e0 -1.1818307e0 4.1188579e-1 4.1188579e-1
1.444408e0 -1.1818307e0 3.62978e-1 3.62978e-1
1.4888521e0 -1.1818307e0 3.1860756e-1 3.1860756e-1
1.533296e0 -1.1818307e0 2.7856277e-1 2.7856277e-1
1.57774e0 -1.1818307e0 2.4259354e-1 2.4259354e-1
1.622184e0 -1.1818307e0 2.104302e-1 2.104302e-1
1.666628e0 -1.1818307e0 1.818144e-1 1.818144e-1
1.7110721e0 -1.1818307e0 1.564711e-1 1.564711e-1
1.755516e0 -1.1818307e0 1.3412837e-1 1.3412837e-1
1.79996e0 -1.1818307e0 1.14525131e-1 1.14525131e-1
1.844404e0 -1.1818307e0 9.7399847e-2 9.7399847e-2
1.888848e0 -1.1818307e0 8.250927e-2 8.250927e-2
1.9332921e0 -1.1818307e0 6.9618912e-2 6.9618912e-2
1.977736e0 -1.1818307e0 5.8510461e-2 5.8510461e-2
2.02218e0 -1.1818307e0 4.8981117e-2 4.8981117e-2
2.066624e0 -1.1818307e0 4.084196e-2 4.084196e-2
2.111068e0 -1.1818307e0 3.3921188e-2 3.3921188e-2
2.1555121e0 -1.1818307e0 2.806166e-2 2.806166e-2
2.199956e0 -1.1818307e0 2.312311e-2 2.312311e-2

-2.2e0 -1.1454678e0 2.4386118e-2 2.4386118e-2
-2.155556e0 -1.1454678e0 2.9594923e-2 2.9594923e-2
-2.111112e0 -1.1454678e0 3.5774048e-2 3.5774048e-2
-2.0666681e0 -1.1454678e0 4.3073122e-2 4.3073122e-2
-2.0222241e0 -1.1454678e0 5.1657246e-2 5.1657246e-2
-1.97778e0 -1.1454678e0 6.1707726e-2 6.1707726e-2
-1.933336e0 -1.1454678e0 7.342336e-2 7.342336e-2
-1.888892e0 -1.1454678e0 8.7018576e-2 8.7018576e-2
-1.8444481e0 -1.1454678e0 1.02724158e-1 1.02724158e-1
-1.8000041e0 -1.1454678e0 1.207826e-1 1.207826e-1
-1.75556e0 -1.1454678e0 1.4146048e-1 1.4146048e-1
-1.711116e0 -1.1454678e0 1.650239e-1 1.650239e-1
-1.666672e0 -1.1454678e0 1.917544e-1 1.917544e-1
-1.6222281e0 -1.1454678e0 2.2193497e-1 2.2193497e-1
-1.5777841e0 -1.1454678e0 2.5585454e-1 2.5585454e-1
-1.53334e0 -1.1454678e0 2.9379852e-1 2.9379852e-1
-1.488896e0 -1.1454678e0 3.3602943e-1 3.3602943e-1
-1.444452e0 -1.1454678e0 3.8282486e-1 3.8282486e-1
-1.4000081e0 -1.1454678e0 4.344141e-1 4.344141e-1
-1.3555641e0 -1.1454678e0 4.9101738e-1 4.9101738e-1
-1.31112e0 -1.1454678e0 5.5279988e-1 5.5279988e-1
-1.266676e0 -1.1454678e0 6.1989986e-1 6.1989986e-1
-1.222232e0 -1.1454678e0 6.9240346e-1 6.9240346e-1
-1.177788e0 -1.1454678e0 7.703551e-1 7.703551e-1
-1.133344e0 -1.1454678e0 8.5369238e-1 8.5369238e-1
-1.0889e0 -1.1454678e0 9.4229977e-1 9.4229977e-1
-1.044456e0 -1.1454678e0 1.03602573e0 1.03602573e0
-1.000012e0 -1.1454678e0 1.1345698e0 1.1345698e0
-9.55568e-1 -1.1454678e0 1.2373349e0 1.2373349e0
-9.11124e-1 -1.1454678e0 1.3438625e0 1.3438625e0
-8.6668e-1 -1.1454678e0 1.4550885e0 1.4550885e0
-8.22236e-1 -1.1454678e0 1.5684886e0 1.5684886e0
-7.77792e-1 -1.1454678e0 1.6841821e0 1.6841821e0
-7.33348e-1 -1.1454678e0 1.8010204e0 1.8010204e0
-6.88904e-1 -1.1454678e0 1.9190034e0 1.9190034e0
-6.4446e-1 -1.1454678e0 2.0358398e0 2.0358398e0
-6.00016e-1 -1.1454678e0 2.1516469e0 2.1516469e0
-5.55572e-1 -1.1454678e0 2.2650488e0 2.2650488e0
-5.11128e-1 -1.1454678e0 2.3750128e0 2.3750128e0
-4.66684e-1 -1.1454678e0 2.4803975e0 2.4803975e0
-4.2224e-1 -1.1454678e0 2.5801662e0 2.5801662e0
-3.77796e-1 -1.1454678e0 2.6739801e0 2.6739801e0
-3.33352e-1 -1.1454678e0 2.7600055e0 2.7600055e0
-2.88908e-1 -1.1454678e0 2.838012e0 2.838012e0
-2.44464e-1 -1.1454678e0 2.9054805e0 2.9054805e0
-2.0002e-1 -1.1454678e0 2.9640141e0 2.9640141e0
-1.55576e-1 -1.1454678e0 3.010977e0 3.010977e0
-1.11132e-1 -1.1454678e0 3.0464862e0 3.0464862e0
-6.6688e-2 -1.1454678e0 3.0704265e0 3.0704265e0
-2.2244e-2 -1.1454678e0 3.0830266e0 3.0830266e0
2.22e-2 -1.1454678e0 3.0830266e0 3.0830266e0
6.6644e-2 -1.1454678e0 3.0704265e0 3.0704265e0
1.11088e-1 -1.1454678e0 3.0464862e0 3.0464862e0
1.55532e-1 -1.1454678e0 3.010977e0 3.010977e0
1.99976e-1 -1.1454678e0 2.9640141e0 2.9640141e0
2.4442e-1 -1.1454678e0 2.9054805e0 2.9054805e0
2.88864e-1 -1.1454678e0 2.838012e0 2.838012e0
3.33308e-1 -1.1454678e0 2.7600055e0 2.7600055e0
3.77752e-1 -1.1454678e0 2.6739801e0 2.6739801e0
4.22196e-1 -1.1454678e0 2.5811975e0 2.5811975e0
4.6664e-1 -1.1454678e0 2.4803975e0 2.4803975e0
5.11084e-1 -1.1454678e0 2.3750128e0 2.3750128e0
5.55528e-1 -1.1454678e0 2.2650488e0 2.2650488e0
5.999721e-1 -1.1454678e0 2.1516469e0 2.1516469e0
6.44416e-1 -1.1454678e0 2.0358398e0 2.0358398e0
6.8886e-1 -1.1454678e0 1.9190034e0 1.9190034e0
7.33304e-1 -1.1454678e0 1.8010204e0 1.8010204e0
7.77748e-1 -1.1454678e0 1.6841821e0 1.6841821e0
8.221921e-1 -1.1454678e0 1.5684886e0 1.5684886e0
8.66636e-1 -1.1454678e0 1.4550885e0 1.4550885e0
9.1108e-1 -1.1454678e0 1.3450092e0 1.3450092e0
9.55524e-1 -1.1454678e0 1.2373349e0 1.2373349e0
9.99968e-1 -1.1454678e0 1.13467343e0 1.13467343e0
1.0444121e0 -1.1454678e0 1.0361208e0 1.0361208e0
1.088856e0 -1.1454678e0 9.4238805e-1 9.4238805e-1
1.1333e0 -1.1454678e0 8.5377296e-1 8.5377296e-1
1.177744e0 -1.1454678e0 7.7043184e-1 7.7043184e-1
1.222188e0 -1.1454678e0 6.924877e-1 6.924877e-1
1.2666321e0 -1.1454678e0 6.1996277e-1 6.1996277e-1
1.311076e0 -1.1454678e0 5.5285843e-1 5.5285843e-1
1.35552e0 -1.1454678e0 4.910714e-1 4.910714e-1
1.399964e0 -1.1454678e0 4.3447195e-1 4.3447195e-1
1.444408e0 -1.1454678e0 3.8287852e-1 3.8287852e-1
1.4888521e0 -1.1454678e0 3.3607838e-1 3.3607838e-1
1.533296e0 -1.1454678e0 2.9383452e-1 2.9383452e-1
1.57774e0 -1.1454678e0 2.5589212e-1 2.5589212e-1
1.622184e0 -1.1454678e0 2.2196922e-1 2.2196922e-1
1.666628e0 -1.1454678e0 1.9178236e-1 1.9178236e-1
1.7110721e0 -1.1454678e0 1.6504976e-1 1.6504976e-1
1.755516e0 -1.1454678e0 1.4148216e-1 1.4148216e-1
1.79996e0 -1.1454678e0 1.2080217e-1 1.2080217e-1
1.844404e0 -1.1454678e0 1.0273966e-1 1.0273966e-1
1.888848e0 -1.1454678e0 8.7032698e-2 8.7032698e-2
1.9332921e0 -1.1454678e0 7.3435858e-2 7.3435858e-2
1.977736e0 -1.1454678e0 6.1718387e-2 6.1718387e-2
2.02218e0 -1.1454678e0 5.1666684e-2 5.1666684e-2
2.066624e0 -1.1454678e0 4.3080829e-2 4.3080829e-2
2.111068e0 -1.1454678e0 3.578069e-2 3.578069e-2
2.1555121e0 -1.1454678e0 2.9600325e-2 2.9600325e-2
2.199956e0 -1.1454678e0 2.4390941e-2 2.4390941e-2

-2.2e0 -1.1091049e0 2.5629451e-2 2.5629451e-2
-2.155556e0 -1.1091049e0 3.1103897e-2 3.1103897e-2
-2.111112e0 -1.1091049e0 3.7597836e-2 3.7597836e-2
-2.0666681e0 -1.1091049e0 4.5268813e-2 4.5268813e-2
-2.0222241e0 -1.1091049e0 5.4290953e-2 5.4290953e-2
-1.97778e0 -1.1091049e0 6.4854155e-2 6.4854155e-2
-1.933336e0 -1.1091049e0 7.7166698e-2 7.7166698e-2
-1.888892e0 -1.1091049e0 9.1454463e-2 9.1454463e-2
-1.8444481e0 -1.1091049e0 1.07959354e-1 1.07959354e-1
-1.8000041e0 -1.1091049e0 1.2694102e-1 1.2694102e-1
-1.75556e0 -1.1091049e0 1.4867296e-1 1.4867296e-1
-1.711116e0 -1.1091049e0 1.7343658e-1 1.7343658e-1
-1.666672e0 -1.1091049e0 2.0153128e-1 2.0153128e-1
-1.6222281e0 -1.1091049e0 2.3325117e-1 2.3325117e-1
-1.5777841e0 -1.1091049e0 2.6890158e-1 2.6890158e-1
-1.53334e0 -1.1091049e0 3.0877832e-1 3.0877832e-1
-1.488896e0 -1.1091049e0 3.5316434e-1 3.5316434e-1
-1.444452e0 -1.1091049e0 4.0234364e-1 4.0234364e-1
-1.4000081e0 -1.1091049e0 4.5656076e-1 4.5656076e-1
-1.3555641e0 -1.1091049e0 5.1605313e-1 5.1605313e-1
-1.31112e0 -1.1091049e0 5.809729e-1 5.809729e-1
-1.266676e0 -1.1091049e0 6.5150436e-1 6.5150436e-1
-1.222232e0 -1.1091049e0 7.277098e-1 7.277098e-1
-1.177788e0 -1.1091049e0 8.0962543e-1 8.0962543e-1
-1.133344e0 -1.1091049e0 8.971993e-1 8.971993e-1
-1.0889e0 -1.1091049e0 9.9034254e-1 9.9034254e-1
-1.044456e0 -1.1091049e0 1.0888372e0 1.0888372e0
-1.000012e0 -1.1091049e0 1.1923994e0 1.1923994e0
-9.55568e-1 -1.1091049e0 1.3000928e0 1.3000928e0
-9.11124e-1 -1.1091049e0 1.4133319e0 1.4133319e0
-8.6668e-1 -1.1091049e0 1.5296782e0 1.5296782e0
-8.22236e-1 -1.1091049e0 1.6483516e0 1.6483516e0
-7.77792e-1 -1.1091049e0 1.7705756e0 1.7705756e0
-7.33348e-1 -1.1091049e0 1.892576e0 1.892576e0
-6.88904e-1 -1.1091049e0 2.0167969e0 2.0167969e0
-6.4446e-1 -1.1091049e0 2.139796e0 2.139796e0
-6.00016e-1 -1.1091049e0 2.2620198e0 2.2620198e0
-5.55572e-1 -1.1091049e0 2.3806932e0 2.3806932e0
-5.11128e-1 -1.1091049e0 2.4960411e0 2.4960411e0
-4.66684e-1 -1.1091049e0 2.6069516e0 2.6069516e0
-4.2224e-1 -1.1091049e0 2.7123161e0 2.7123161e0
-3.77796e-1 -1.1091049e0 2.8100279e0 2.8100279e0
-3.33352e-1 -1.1091049e0 2.9008636e0 2.9008636e0
-2.88908e-1 -1.1091049e0 2.9819395e0 2.9819395e0
-2.44464e-1 -1.1091049e0 3.0540308e0 3.0540308e0
-2.0002e-1 -1.1091049e0 3.1149219e0 3.1149219e0
-1.55576e-1 -1.1091049e0 3.1638327e0 3.1638327e0
-1.11132e-1 -1.1091049e0 3.2016536e0 3.2016536e0
-6.6688e-2 -1.1091049e0 3.2271625e0 3.2271625e0
-2.2244e-2 -1.1091049e0 3.2403612e0 3.2403612e0
2.22e-2 -1.1091049e0 3.2403612e0 3.2403612e0
6.6644e-2 -1.1091049e0 3.2271625e0 3.2271625e0
1.11088e-1 -1.1091049e0 3.2016536e0 3.2016536e0
1.55532e-1 -1.1091049e0 3.1638327e0 3.1638327e0
1.99976e-1 -1.1091049e0 3.1149219e0 3.1149219e0
2.4442e-1 -1.1091049e0 3.0540308e0 3.0540308e0
2.88864e-1 -1.1091049e0 2.9819395e0 2.9819395e0
3.33308e-1 -1.1091049e0 2.9008636e0 2.9008636e0
3.77752e-1 -1.1091049e0 2.8110265e0 2.8110265e0
4.22196e-1 -1.1091049e0 2.7123161e0 2.7123161e0
4.6664e-1 -1.1091049e0 2.6069516e0 2.6069516e0
5.11084e-1 -1.1091049e0 2.4960411e0 2.4960411e0
5.55528e-1 -1.1091049e0 2.3806932e0 2.3806932e0
5.999721e-1 -1.1091049e0 2.2620198e0 2.2620198e0
6.44416e-1 -1.1091049e0 2.139796e0 2.139796e0
6.8886e-1 -1.1091049e0 2.0167969e0 2.0167969e0
7.33304e-1 -1.1091049e0 1.8935745e0 1.8935745e0
7.77748e-1 -1.1091049e0 1.7705756e0 1.7705756e0
8.221921e-1 -1.1091049e0 1.6483516e0 1.6483516e0
8.66636e-1 -1.1091049e0 1.5296782e0 1.5296782e0
9.1108e-1 -1.1091049e0 1.4133319e0 1.4133319e0
9.55524e-1 -1.1091049e0 1.3000928e0 1.3000928e0
9.99968e-1 -1.1091049e0 1.1923994e0 1.1923994e0
1.0444121e0 -1.1091049e0 1.088945e0 1.088945e0
1.088856e0 -1.1091049e0 9.9043242e-1 9.9043242e-1
1.1333e0 -1.1091049e0 8.9729526e-1 8.9729526e-1
1.177744e0 -1.1091049e0 8.0971378e-1 8.0971378e-1
1.222188e0 -1.1091049e0 7.2778545e-1 7.2778545e-1
1.2666321e0 -1.1091049e0 6.5157274e-1 6.5157274e-1
1.311076e0 -1.1091049e0 5.81046e-1 5.81046e-1
1.35552e0 -1.1091049e0 5.1610423e-1 5.1610423e-1
1.399964e0 -1.1091049e0 4.5662422e-1 4.5662422e-1
1.444408e0 -1.1091049e0 4.0239577e-1 4.0239577e-1
1.4888521e0 -1.1091049e0 3.5321054e-1 3.5321054e-1
1.533296e0 -1.1091049e0 3.0881555e-1 3.0881555e-1
1.57774e0 -1.1091049e0 2.6893762e-1 2.6893762e-1
1.622184e0 -1.1091049e0 2.3328452e-1 2.3328452e-1
1.666628e0 -1.1091049e0 2.0155852e-1 2.0155852e-1
1.7110721e0 -1.1091049e0 1.7346265e-1 1.7346265e-1
1.755516e0 -1.1091049e0 1.486958e-1 1.486958e-1
1.79996e0 -1.1091049e0 1.2695981e-1 1.2695981e-1
1.844404e0 -1.1091049e0 1.07977394e-1 1.07977394e-1
1.888848e0 -1.1091049e0 9.14701e-2 9.14701e-2
1.9332921e0 -1.1091049e0 7.7179323e-2 7.7179323e-2
1.977736e0 -1.1091049e0 6.4864511e-2 6.4864511e-2
2.02218e0 -1.1091049e0 5.430087e-2 5.430087e-2
2.066624e0 -1.1091049e0 4.5277342e-2 4.5277342e-2
2.111068e0 -1.1091049e0 3.7604826e-2 3.7604826e-2
2.1555121e0 -1.1091049e0 3.1109465e-2 3.1109465e-2
2.199956e0 -1.1091049e0 2.5634732e-2 2.5634732e-2

-2.2e0 -1.072742e0 2.6836122e-2 2.6836122e-2
-2.155556e0 -1.072742e0 3.2567636e-2 3.2567636e-2
-2.111112e0 -1.072742e0 3.9368192e-2 3.9368192e-2
-2.0666681e0 -1.072742e0 4.740048e-2 4.740048e-2
-2.0222241e0 -1.072742e0 5.6846683e-2 5.6846683e-2
-1.97778e0 -1.072742e0 6.7906778e-2 6.7906778e-2
-1.933336e0 -1.072742e0 8.0798569e-2 8.0798569e-2
-1.888892e0 -1.072742e0 9.5759431e-2 9.5759431e-2
-1.8444481e0 -1.072742e0 1.1304086e-1 1.1304086e-1
-1.8000041e0 -1.072742e0 1.3291644e-1 1.3291644e-1
-1.75556e0 -1.072742e0 1.5567128e-1 1.5567128e-1
-1.711116e0 -1.072742e0 1.816033e-1 1.816033e-1
-1.666672e0 -1.072742e0 2.110189e-1 2.110189e-1
-1.6222281e0 -1.072742e0 2.4423239e-1 2.4423239e-1
-1.5777841e0 -1.072742e0 2.8155753e-1 2.8155753e-1
-1.53334e0 -1.072742e0 3.2331157e-1 3.2331157e-1
-1.488896e0 -1.072742e0 3.6979323e-1 3.6979323e-1
-1.444452e0 -1.072742e0 4.2128502e-1 4.2128502e-1
-1.4000081e0 -1.072742e0 4.7805803e-1 4.7805803e-1
-1.3555641e0 -1.072742e0 5.4033911e-1 5.4033911e-1
-1.31112e0 -1.072742e0 6.0833044e-1 6.0833044e-1
-1.266676e0 -1.072742e0 6.8217424e-1 6.8217424e-1
-1.222232e0 -1.072742e0 7.619743e-1 7.619743e-1
-1.177788e0 -1.072742e0 8.4773831e-1 8.4773831e-1
-1.133344e0 -1.072742e0 9.3944646e-1 9.3944646e-1
-1.0889e0 -1.072742e0 1.03695734e0 1.03695734e0
-1.044456e0 -1.072742e0 1.1394655e0 1.1394655e0
-1.000012e0 -1.072742e0 1.2478134e0 1.2478134e0
-9.55568e-1 -1.072742e0 1.3615239e0 1.3615239e0
-9.11124e-1 -1.072742e0 1.479526e0 1.479526e0
-8.6668e-1 -1.072742e0 1.6008528e0 1.6008528e0
-8.22236e-1 -1.072742e0 1.7263634e0 1.7263634e0
-7.77792e-1 -1.072742e0 1.8529462e0 1.8529462e0
-7.33348e-1 -1.072742e0 1.9817828e0 1.9817828e0
-6.88904e-1 -1.072742e0 2.1115852e0 2.1115852e0
-6.4446e-1 -1.072742e0 2.2404204e0 2.2404204e0
-6.00016e-1 -1.072742e0 2.368077e0 2.368077e0
-5.55572e-1 -1.072742e0 2.4925153e0 2.4925153e0
-5.11128e-1 -1.072742e0 2.6137357e0 2.6137357e0
-4.66684e-1 -1.072742e0 2.7296983e0 2.7296983e0
-4.2224e-1 -1.072742e0 2.8401906e0 2.8401906e0
-3.77796e-1 -1.072742e0 2.9430666e0 2.9430666e0
-3.33352e-1 -1.072742e0 3.0375748e0 3.0375748e0
-2.88908e-1 -1.072742e0 3.1223222e0 3.1223222e0
-2.44464e-1 -1.072742e0 3.1975218e0 3.1975218e0
-2.0002e-1 -1.072742e0 3.261779e0 3.261779e0
-1.55576e-1 -1.072742e0 3.3133765e0 3.3133765e0
-1.11132e-1 -1.072742e0 3.352961e0 3.352961e0
-6.6688e-2 -1.072742e0 3.3797795e0 3.3797795e0
-2.2244e-2 -1.072742e0 3.39276e0 3.39276e0
2.22e-2 -1.072742e0 3.39276e0 3.39276e0
6.6644e-2 -1.072742e0 3.3797795e0 3.3797795e0
1.11088e-1 -1.072742e0 3.352961e0 3.352961e0
1.55532e-1 -1.072742e0 3.3133765e0 3.3133765e0
1.99976e-1 -1.072742e0 3.261779e0 3.261779e0
2.4442e-1 -1.072742e0 3.1975218e0 3.1975218e0
2.88864e-1 -1.072742e0 3.1223222e0 3.1223222e0
3.33308e-1 -1.072742e0 3.0375748e0 3.0375748e0
3.77752e-1 -1.072742e0 2.9430666e0 2.9430666e0
4.22196e-1 -1.072742e0 2.8401906e0 2.8401906e0
4.6664e-1 -1.072742e0 2.7296983e0 2.7296983e0
5.11084e-1 -1.072742e0 2.6137357e0 2.6137357e0
5.55528e-1 -1.072742e0 2.4925153e0 2.4925153e0
5.999721e-1 -1.072742e0 2.368077e0 2.368077e0
6.44416e-1 -1.072742e0 2.2404204e0 2.2404204e0
6.8886e-1 -1.072742e0 2.1115852e0 2.1115852e0
7.33304e-1 -1.072742e0 1.9827486e0 1.9827486e0
7.77748e-1 -1.072742e0 1.8529462e0 1.8529462e0
8.221921e-1 -1.072742e0 1.7263634e0 1.7263634e0
8.66636e-1 -1.072742e0 1.6018185e0 1.6018185e0
9.1108e-1 -1.072742e0 1.479526e0 1.479526e0
9.55524e-1 -1.072742e0 1.3615239e0 1.3615239e0
9.99968e-1 -1.072742e0 1.2488857e0 1.2488857e0
1.0444121e0 -1.072742e0 1.1394655e0 1.1394655e0
1.088856e0 -1.072742e0 1.03707028e0 1.03707028e0
1.1333e0 -1.072742e0 9.3954451e-1 9.3954451e-1
1.177744e0 -1.072742e0 8.4782343e-1 8.4782343e-1
1.222188e0 -1.072742e0 7.6205385e-1 7.6205385e-1
1.2666321e0 -1.072742e0 6.822538e-1 6.822538e-1
1.311076e0 -1.072742e0 6.0840378e-1 6.0840378e-1
1.35552e0 -1.072742e0 5.4040573e-1 5.4040573e-1
1.399964e0 -1.072742e0 4.7811548e-1 4.7811548e-1
1.444408e0 -1.072742e0 4.2133723e-1 4.2133723e-1
1.4888521e0 -1.072742e0 3.6984036e-1 3.6984036e-1
1.533296e0 -1.072742e0 3.233569e-1 3.233569e-1
1.57774e0 -1.072742e0 2.81596e-1 2.81596e-1
1.622184e0 -1.072742e0 2.442684e-1 2.442684e-1
1.666628e0 -1.072742e0 2.11051e-1 2.11051e-1
1.7110721e0 -1.072742e0 1.8163194e-1 1.8163194e-1
1.755516e0 -1.072742e0 1.5569814e-1 1.5569814e-1
1.79996e0 -1.072742e0 1.329387e-1 1.329387e-1
1.844404e0 -1.072742e0 1.130597e-1 1.130597e-1
1.888848e0 -1.072742e0 9.5775278e-2 9.5775278e-2
1.9332921e0 -1.072742e0 8.0812596e-2 8.0812596e-2
1.977736e0 -1.072742e0 6.7919038e-2 6.7919038e-2
2.02218e0 -1.072742e0 5.685706e-2 5.685706e-2
2.066624e0 -1.072742e0 4.7409189e-2 4.7409189e-2
2.111068e0 -1.072742e0 3.9375018e-2 3.9375018e-2
2.1555121e0 -1.072742e0 3.2573987e-2 3.2573987e-2
2.199956e0 -1.072742e0 2.6840935e-2 2.6840935e-2

-2.2e0 -1.0363792e0 2.799313e-2 2.799313e-2
-2.155556e0 -1.0363792e0 3.3971788e-2 3.3971788e-2
-2.111112e0 -1.0363792e0 4.1065184e-2 4.1065184e-2
-2.0666681e0 -1.0363792e0 4.9444011e-2 4.9444011e-2
-2.0222241e0 -1.0363792e0 5.9297876e-2 5.9297876e-2
-1.97778e0 -1.0363792e0 7.0835257e-2 7.0835257e-2
-1.933336e0 -1.0363792e0 8.42821e-2 8.42821e-2
-1.888892e0 -1.0363792e0 9.9887427e-2 9.9887427e-2
-1.8444481e0 -1.0363792e0 1.1791399e-1 1.1791399e-1
-1.8000041e0 -1.0363792e0 1.3864598e-1 1.3864598e-1
-1.75556e0 -1.0363792e0 1.6238562e-1 1.6238562e-1
-1.711116e0 -1.0363792e0 1.8943193e-1 1.8943193e-1
-1.666672e0 -1.0363792e0 2.201202e-1 2.201202e-1
-1.6222281e0 -1.0363792e0 2.5476193e-1 2.5476193e-1
-1.5777841e0 -1.0363792e0 2.9369365e-1 2.9369365e-1
-1.53334e0 -1.0363792e0 3.372487e-1 3.372487e-1
-1.488896e0 -1.0363792e0 3.8573454e-1 3.8573454e-1
-1.444452e0 -1.0363792e0 4.3944829e-1 4.3944829e-1
-1.4000081e0 -1.0363792e0 4.9866542e-1 4.9866542e-1
-1.3555641e0 -1.0363792e0 5.6363596e-1 5.6363596e-1
-1.31112e0 -1.0363792e0 6.3455551e-1 6.3455551e-1
-1.266676e0 -1.0363792e0 7.115903e-1 7.115903e-1
-1.222232e0 -1.0363792e0 7.9482097e-1 7.9482097e-1
-1.177788e0 -1.0363792e0 8.84294e-1 8.84294e-1
-1.133344e0 -1.0363792e0 9.799498e-1 9.799498e-1
-1.0889e0 -1.0363792e0 1.0811507e0 1.0811507e0
-1.044456e0 -1.0363792e0 1.1889333e0 1.1889333e0
-1.000012e0 -1.0363792e0 1.3020026e0 1.3020026e0
-9.55568e-1 -1.0363792e0 1.4200453e0 1.4200453e0
-9.11124e-1 -1.0363792e0 1.543479e0 1.543479e0
-8.6668e-1 -1.0363792e0 1.6699173e0 1.6699173e0
-8.22236e-1 -1.0363792e0 1.8006032e0 1.8006032e0
-7.77792e-1 -1.0363792e0 1.9332611e0 1.9332611e0
-7.33348e-1 -1.0363792e0 2.067989e0 2.067989e0
-6.88904e-1 -1.0363792e0 2.2027185e0 2.2027185e0
-6.4446e-1 -1.0363792e0 2.337448e0 2.337448e0
-6.00016e-1 -1.0363792e0 2.4701044e0 2.4701044e0
-5.55572e-1 -1.0363792e0 2.6007918e0 2.6007918e0
-5.11128e-1 -1.0363792e0 2.7262971e0 2.7262971e0
-4.66684e-1 -1.0363792e0 2.8476576e0 2.8476576e0
-4.2224e-1 -1.0363792e0 2.9625912e0 2.9625912e0
-3.77796e-1 -1.0363792e0 3.069338e0 3.069338e0
-3.33352e-1 -1.0363792e0 3.1677937e0 3.1677937e0
-2.88908e-1 -1.0363792e0 3.2570268e0 3.2570268e0
-2.44464e-1 -1.0363792e0 3.335791e0 3.335791e0
-2.0002e-1 -1.0363792e0 3.4022235e0 3.4022235e0
-1.55576e-1 -1.0363792e0 3.4560112e0 3.4560112e0
-1.11132e-1 -1.0363792e0 3.4975702e0 3.4975702e0
-6.6688e-2 -1.0363792e0 3.5255528e0 3.5255528e0
-2.2244e-2 -1.0363792e0 3.5390247e0 3.5390247e0
2.22e-2 -1.0363792e0 3.5390247e0 3.5390247e0
6.6644e-2 -1.0363792e0 3.5255528e0 3.5255528e0
1.11088e-1 -1.0363792e0 3.4975702e0 3.4975702e0
1.55532e-1 -1.0363792e0 3.4560112e0 3.4560112e0
1.99976e-1 -1.0363792e0 3.4022235e0 3.4022235e0
2.4442e-1 -1.0363792e0 3.335791e0 3.335791e0
2.88864e-1 -1.0363792e0 3.2570268e0 3.2570268e0
3.33308e-1 -1.0363792e0 3.168934e0 3.168934e0
3.77752e-1 -1.0363792e0 3.069338e0 3.069338e0
4.22196e-1 -1.0363792e0 2.9625912e0 2.9625912e0
4.6664e-1 -1.0363792e0 2.8476576e0 2.8476576e0
5.11084e-1 -1.0363792e0 2.7262971e0 2.7262971e0
5.55528e-1 -1.0363792e0 2.6007918e0 2.6007918e0
5.999721e-1 -1.0363792e0 2.4701044e0 2.4701044e0
6.44416e-1 -1.0363792e0 2.337448e0 2.337448e0
6.8886e-1 -1.0363792e0 2.2027185e0 2.2027185e0
7.33304e-1 -1.0363792e0 2.067989e0 2.067989e0
7.77748e-1 -1.0363792e0 1.9332611e0 1.9332611e0
8.221921e-1 -1.0363792e0 1.8006032e0 1.8006032e0
8.66636e-1 -1.0363792e0 1.6708487e0 1.6708487e0
9.1108e-1 -1.0363792e0 1.543479e0 1.543479e0
9.55524e-1 -1.0363792e0 1.4200453e0 1.4200453e0
9.99968e-1 -1.0363792e0 1.3020026e0 1.3020026e0
1.0444121e0 -1.0363792e0 1.1889333e0 1.1889333e0
1.088856e0 -1.0363792e0 1.0811507e0 1.0811507e0
1.1333e0 -1.0363792e0 9.800518e-1 9.800518e-1
1.177744e0 -1.0363792e0 8.8437245e-1 8.8437245e-1
1.222188e0 -1.0363792e0 7.9490115e-1 7.9490115e-1
1.2666321e0 -1.0363792e0 7.1166922e-1 7.1166922e-1
1.311076e0 -1.0363792e0 6.346349e-1 6.346349e-1
1.35552e0 -1.0363792e0 5.6370221e-1 5.6370221e-1
1.399964e0 -1.0363792e0 4.9872931e-1 4.9872931e-1
1.444408e0 -1.0363792e0 4.3950174e-1 4.3950174e-1
1.4888521e0 -1.0363792e0 3.8578735e-1 3.8578735e-1
1.533296e0 -1.0363792e0 3.3729599e-1 3.3729599e-1
1.57774e0 -1.0363792e0 2.9374171e-1 2.9374171e-1
1.622184e0 -1.0363792e0 2.5479971e-1 2.5479971e-1
1.666628e0 -1.0363792e0 2.2014787e-1 2.2014787e-1
1.7110721e0 -1.0363792e0 1.8946008e-1 1.8946008e-1
1.755516e0 -1.0363792e0 1.6240823e-1 1.6240823e-1
1.79996e0 -1.0363792e0 1.3867049e-1 1.3867049e-1
1.844404e0 -1.0363792e0 1.1793263e-1 1.1793263e-1
1.888848e0 -1.0363792e0 9.9904048e-2 9.9904048e-2
1.9332921e0 -1.0363792e0 8.4297012e-2 8.4297012e-2
1.977736e0 -1.0363792e0 7.0846454e-2 7.0846454e-2
2.02218e0 -1.0363792e0 5.9307997e-2 5.9307997e-2
2.066624e0 -1.0363792e0 4.9453104e-2 4.9453104e-2
2.111068e0 -1.0363792e0 4.107287e-2 4.107287e-2
2.1555121e0 -1.0363792e0 3.3978542e-2 3.3978542e-2
2.199956e0 -1.0363792e0 2.7998553e-2 2.7998553e-2

-2.2e0 -1.0000163e0 2.9087187e-2 2.9087187e-2
-2.155556e0 -1.0000163e0 3.529939e-2 3.529939e-2
-2.111112e0 -1.0000163e0 4.2669493e-2 4.2669493e-2
-2.0666681e0 -1.0000163e0 5.1376183e-2 5.1376183e-2
-2.0222241e0 -1.0000163e0 6.1614436e-2 6.1614436e-2
-1.97778e0 -1.0000163e0 7.3602278e-2 7.3602278e-2
-1.933336e0 -1.0000163e0 8.757581e-2 8.757581e-2
-1.888892e0 -1.0000163e0 1.0378867e-1 1.0378867e-1
-1.8444481e0 -1.0000163e0 1.2252173e-1 1.2252173e-1
-1.8000041e0 -1.0000163e0 1.4406552e-1 1.4406552e-1
-1.75556e0 -1.0000163e0 1.687275e-1 1.687275e-1
-1.711116e0 -1.0000163e0 1.968377e-1 1.968377e-1
-1.666672e0 -1.0000163e0 2.287192e-1 2.287192e-1
-1.6222281e0 -1.0000163e0 2.6471849e-1 2.6471849e-1
-1.5777841e0 -1.0000163e0 3.0517448e-1 3.0517448e-1
-1.53334e0 -1.0000163e0 3.50429e-1 3.50429e-1
-1.488896e0 -1.0000163e0 4.0080658e-1 4.0080658e-1
-1.444452e0 -1.0000163e0 4.5662021e-1 4.5662021e-1
-1.4000081e0 -1.0000163e0 5.1815749e-1 5.1815749e-1
-1.3555641e0 -1.0000163e0 5.8566367e-1 5.8566367e-1
-1.31112e0 -1.0000163e0 6.5935234e-1 6.5935234e-1
-1.266676e0 -1.0000163e0 7.3938603e-1 7.3938603e-1
-1.222232e0 -1.0000163e0 8.2587842e-1 8.2587842e-1
-1.177788e0 -1.0000163e0 9.1883682e-1 9.1883682e-1
-1.133344e0 -1.0000163e0 1.0182178e0 1.0182178e0
-1.0889e0 -1.0000163e0 1.1232182e0 1.1232182e0
-1.044456e0 -1.0000163e0 1.2352211e0 1.2352211e0
-1.000012e0 -1.0000163e0 1.353323e0 1.353323e0
-9.55568e-1 -1.0000163e0 1.4763248e0 1.4763248e0
-9.11124e-1 -1.0000163e0 1.6032266e0 1.6032266e0
-8.6668e-1 -1.0000163e0 1.7354294e0 1.7354294e0
-8.22236e-1 -1.0000163e0 1.871331e0 1.871331e0
-7.77792e-1 -1.0000163e0 2.0084335e0 2.0084335e0
-7.33348e-1 -1.0000163e0 2.1484354e0 2.1484354e0
-6.88904e-1 -1.0000163e0 2.2885378e0 2.2885378e0
-6.4446e-1 -1.0000163e0 2.4284404e0 2.4284404e0
-6.00016e-1 -1.0000163e0 2.5665424e0 2.5665424e0
-5.55572e-1 -1.0000163e0 2.701646e0 2.701646e0
-5.11128e-1 -1.0000163e0 2.8326479e0 2.8326479e0
-4.66684e-1 -1.0000163e0 2.9587502e0 2.9587502e0
-4.2224e-1 -1.0000163e0 3.0786511e0 3.0786511e0
-3.77796e-1 -1.0000163e0 3.1897537e0 3.1897537e0
-3.33352e-1 -1.0000163e0 3.2918552e0 3.2918552e0
-2.88908e-1 -1.0000163e0 3.3847568e0 3.3847568e0
-2.44464e-1 -1.0000163e0 3.4657579e0 3.4657579e0
-2.0002e-1 -1.0000163e0 3.5349591e0 3.5349591e0
-1.55576e-1 -1.0000163e0 3.5909598e0 3.5909598e0
-1.11132e-1 -1.0000163e0 3.6337614e0 3.6337614e0
-6.6688e-2 -1.0000163e0 3.6629611e0 3.6629611e0
-2.2244e-2 -1.0000163e0 3.6768622e0 3.6768622e0
2.22e-2 -1.0000163e0 3.6768622e0 3.6768622e0
6.6644e-2 -1.0000163e0 3.6629611e0 3.6629611e0
1.11088e-1 -1.0000163e0 3.6337614e0 3.6337614e0
1.55532e-1 -1.0000163e0 3.5909598e0 3.5909598e0
1.99976e-1 -1.0000163e0 3.5349591e0 3.5349591e0
2.4442e-1 -1.0000163e0 3.4657579e0 3.4657579e0
2.88864e-1 -1.0000163e0 3.3847568e0 3.3847568e0
3.33308e-1 -1.0000163e0 3.2918552e0 3.2918552e0
3.77752e-1 -1.0000163e0 3.1897537e0 3.1897537e0
4.22196e-1 -1.0000163e0 3.0786511e0 3.0786511e0
4.6664e-1 -1.0000163e0 2.9587502e0 2.9587502e0
5.11084e-1 -1.0000163e0 2.8336473e0 2.8336473e0
5.55528e-1 -1.0000163e0 2.701646e0 2.701646e0
5.999721e-1 -1.0000163e0 2.5665424e0 2.5665424e0
6.44416e-1 -1.0000163e0 2.4284404e0 2.4284404e0
6.8886e-1 -1.0000163e0 2.2885378e0 2.2885378e0
7.33304e-1 -1.0000163e0 2.1484354e0 2.1484354e0
7.77748e-1 -1.0000163e0 2.0094331e0 2.0094331e0
8.221921e-1 -1.0000163e0 1.871331e0 1.871331e0
8.66636e-1 -1.0000163e0 1.7354294e0 1.7354294e0
9.1108e-1 -1.0000163e0 1.6043268e0 1.6043268e0
9.55524e-1 -1.0000163e0 1.4763248e0 1.4763248e0
9.99968e-1 -1.0000163e0 1.353323e0 1.353323e0
1.0444121e0 -1.0000163e0 1.2352211e0 1.2352211e0
1.088856e0 -1.0000163e0 1.1241185e0 1.1241185e0
1.1333e0 -1.0000163e0 1.0182178e0 1.0182178e0
1.177744e0 -1.0000163e0 9.1893753e-1 9.1893753e-1
1.222188e0 -1.0000163e0 8.2596661e-1 8.2596661e-1
1.2666321e0 -1.0000163e0 7.3947835e-1 7.3947835e-1
1.311076e0 -1.0000163e0 6.5943062e-1 6.5943062e-1
1.35552e0 -1.0000163e0 5.8573431e-1 5.8573431e-1
1.399964e0 -1.0000163e0 5.1822037e-1 5.1822037e-1
1.444408e0 -1.0000163e0 4.5667712e-1 4.5667712e-1
1.4888521e0 -1.0000163e0 4.0085754e-1 4.0085754e-1
1.533296e0 -1.0000163e0 3.5047539e-1 3.5047539e-1
1.57774e0 -1.0000163e0 3.0521278e-1 3.0521278e-1
1.622184e0 -1.0000163e0 2.6475252e-1 2.6475252e-1
1.666628e0 -1.0000163e0 2.287523e-1 2.287523e-1
1.7110721e0 -1.0000163e0 1.9686731e-1 1.9686731e-1
1.755516e0 -1.0000163e0 1.6875587e-1 1.6875587e-1
1.79996e0 -1.0000163e0 1.4408917e-1 1.4408917e-1
1.844404e0 -1.0000163e0 1.2254248e-1 1.2254248e-1
1.888848e0 -1.0000163e0 1.0380667e-1 1.0380667e-1
1.9332921e0 -1.0000163e0 8.7590306e-2 8.7590306e-2
1.977736e0 -1.0000163e0 7.361563e-2 7.361563e-2
2.02218e0 -1.0000163e0 6.1625789e-2 6.1625789e-2
2.066624e0 -1.0000163e0 5.1385735e-2 5.1385735e-2
2.111068e0 -1.0000163e0 4.2677367e-2 4.2677367e-2
2.1555121e0 -1.0000163e0 3.5306256e-2 3.5306256e-2
2.199956e0 -1.0000163e0 2.9092468e-2 2.9092468e-2

-2.2e0 -9.636534e-1 3.0103582e-2 3.0103582e-2
-2.155556e0 -9.636534e-1 3.65338394e-2 3.65338394e-2
-2.111112e0 -9.636534e-1 4.41614879e-2 4.41614879e-2
-2.0666681e0 -9.636534e-1 5.3172006e-2 5.3172006e-2
-2.0222241e0 -9.636534e-1 6.37685028e-2 6.37685028e-2
-1.97778e0 -9.636534e-1 7.61761874e-2 7.61761874e-2
-1.933336e0 -9.636534e-1 9.06387231e-2 9.06387231e-2
-1.888892e0 -9.636534e-1 1.07419211e-1 1.07419211e-1
-1.8444481e0 -9.636534e-1 1.26807266e-1 1.26807266e-1
-1.8000041e0 -9.636534e-1 1.49102632e-1 1.49102632e-1
-1.75556e0 -9.636534e-1 1.7462836e-1 1.7462836e-1
-1.711116e0 -9.636534e-1 2.03715442e-1 2.03715442e-1
-1.666672e0 -9.636534e-1 2.36716043e-1 2.36716043e-1
-1.6222281e0 -9.636534e-1 2.73971593e-1 2.73971593e-1
-1.5777841e0 -9.636534e-1 3.15846904e-1 3.15846904e-1
-1.53334e0 -9.636534e-1 3.62684436e-1 3.62684436e-1
-1.488896e0 -9.636534e-1 4.14819003e-1 4.14819003e-1
-1.444452e0 -9.636534e-1 4.7258439e-1 4.7258439e-1
-1.4000081e0 -9.636534e-1 5.36264536e-1 5.36264536e-1
-1.3555641e0 -9.636534e-1 6.06143524e-1 6.06143524e-1
-1.31112e0 -9.636534e-1 6.82410892e-1 6.82410892e-1
-1.266676e0 -9.636534e-1 7.65243826e-1 7.65243826e-1
-1.222232e0 -9.636534e-1 8.54750107e-1 8.54750107e-1
-1.177788e0 -9.636534e-1 9.50969287e-1 9.50969287e-1
-1.133344e0 -9.636534e-1 1.0533695e0 1.0533695e0
-1.0889e0 -9.636534e-1 1.16341856e0 1.16341856e0
-1.044456e0 -9.636534e-1 1.2789611e0 1.2789611e0
-1.000012e0 -9.636534e-1 1.4003809e0 1.4003809e0
-9.55568e-1 -9.636534e-1 1.52758386e0 1.52758386e0
-9.11124e-1 -9.636534e-1 1.65970096e0 1.65970096e0
-8.6668e-1 -9.636534e-1 1.79653957e0 1.79653957e0
-8.22236e-1 -9.636534e-1 1.9363646e0 1.9363646e0
-7.77792e-1 -9.636534e-1 2.07898636e0 2.07898636e0
-7.33348e-1 -9.636534e-1 2.22353436e0 2.22353436e0
-6.88904e-1 -9.636534e-1 2.36914255e0 2.36914255e0
-6.4446e-1 -9.636534e-1 2.51369057e0 2.51369057e0
-6.00016e-1 -9.636534e-1 2.65650348e0 2.65650348e0
-5.55572e-1 -9.636534e-1 2.79613736e0 2.79613736e0
-5.11128e-1 -9.636534e-1 2.93201137e0 2.93201137e0
-4.66684e-1 -9.636534e-1 3.06210516e0 3.06210516e0
-4.2224e-1 -9.636534e-1 3.18554973e0 3.18554973e0
-3.77796e-1 -9.636534e-1 3.30128343e0 3.30128343e0
-3.33352e-1 -9.636534e-1 3.40728589e0 3.40728589e0
-2.88908e-1 -9.636534e-1 3.50268811e0 3.50268811e0
-2.44464e-1 -9.636534e-1 3.58652548e0 3.58652548e0
-2.0002e-1 -9.636534e-1 3.65879948e0 3.65879948e0
-1.55576e-1 -9.636534e-1 3.71661781e0 3.71661781e0
-1.11132e-1 -9.636534e-1 3.76104356e0 3.76104356e0
-6.6688e-2 -9.636534e-1 3.79091658e0 3.79091658e0
-2.2244e-2 -9.636534e-1 3.80633392e0 3.80633392e0
2.22e-2 -9.636534e-1 3.80633392e0 3.80633392e0
6.6644e-2 -9.636534e-1 3.79091658e0 3.79091658e0
1.11088e-1 -9.636534e-1 3.76104356e0 3.76104356e0
1.55532e-1 -9.636534e-1 3.71661781e0 3.71661781e0
1.99976e-1 -9.636534e-1 3.65879948e0 3.65879948e0
2.4442e-1 -9.636534e-1 3.58652548e0 3.58652548e0
2.88864e-1 -9.636534e-1 3.50268811e0 3.50268811e0
3.33308e-1 -9.636534e-1 3.40728589e0 3.40728589e0
3.77752e-1 -9.636534e-1 3.30128343e0 3.30128343e0
4.22196e-1 -9.636534e-1 3.18651286e0 3.18651286e0
4.6664e-1 -9.636534e-1 3.06210516e0 3.06210516e0
5.11084e-1 -9.636534e-1 2.93201137e0 2.93201137e0
5.55528e-1 -9.636534e-1 2.79613736e0 2.79613736e0
5.999721e-1 -9.636534e-1 2.65650348e0 2.65650348e0
6.44416e-1 -9.636534e-1 2.51369057e0 2.51369057e0
6.8886e-1 -9.636534e-1 2.36914255e0 2.36914255e0
7.33304e-1 -9.636534e-1 2.22353436e0 2.22353436e0
7.77748e-1 -9.636534e-1 2.07898636e0 2.07898636e0
8.221921e-1 -9.636534e-1 1.9363646e0 1.9363646e0
8.66636e-1 -9.636534e-1 1.79653957e0 1.79653957e0
9.1108e-1 -9.636534e-1 1.65970096e0 1.65970096e0
9.55524e-1 -9.636534e-1 1.52758386e0 1.52758386e0
9.99968e-1 -9.636534e-1 1.4003809e0 1.4003809e0
1.0444121e0 -9.636534e-1 1.2789611e0 1.2789611e0
1.088856e0 -9.636534e-1 1.16341856e0 1.16341856e0
1.1333e0 -9.636534e-1 1.0533695e0 1.0533695e0
1.177744e0 -9.636534e-1 9.51071335e-1 9.51071335e-1
1.222188e0 -9.636534e-1 8.54854211e-1 8.54854211e-1
1.2666321e0 -9.636534e-1 7.65327199e-1 7.65327199e-1
1.311076e0 -9.636534e-1 6.82485295e-1 6.82485295e-1
1.35552e0 -9.636534e-1 6.06205722e-1 6.06205722e-1
1.399964e0 -9.636534e-1 5.36339969e-1 5.36339969e-1
1.444408e0 -9.636534e-1 4.72646147e-1 4.72646147e-1
1.4888521e0 -9.636534e-1 4.1487429e-1 4.1487429e-1
1.533296e0 -9.636534e-1 3.62726784e-1 3.62726784e-1
1.57774e0 -9.636534e-1 3.15890134e-1 3.15890134e-1
1.622184e0 -9.636534e-1 2.7401203e-1 2.7401203e-1
1.666628e0 -9.636534e-1 2.36752216e-1 2.36752216e-1
1.7110721e0 -9.636534e-1 2.03746027e-1 2.03746027e-1
1.755516e0 -9.636534e-1 1.74654974e-1 1.74654974e-1
1.79996e0 -9.636534e-1 1.49124982e-1 1.49124982e-1
1.844404e0 -9.636534e-1 1.26825352e-1 1.26825352e-1
1.888848e0 -9.636534e-1 1.07437003e-1 1.07437003e-1
1.9332921e0 -9.636534e-1 9.06531332e-2 9.06531332e-2
1.977736e0 -9.636534e-1 7.6188642e-2 7.6188642e-2
2.02218e0 -9.636534e-1 6.37803545e-2 6.37803545e-2
2.066624e0 -9.636534e-1 5.31818579e-2 5.31818579e-2
2.111068e0 -9.636534e-1 4.41698398e-2 4.41698398e-2
2.1555121e0 -9.636534e-1 3.6540618e-2 3.6540618e-2
2.199956e0 -9.636534e-1 3.01094785e-2 3.01094785e-2

-2.2e0 -9.272905e-1 3.10302025e-2 3.10302025e-2
-2.155556e0 -9.272905e-1 3.76576495e-2 3.76576495e-2
-2.111112e0 -9.272905e-1 4.55200078e-2 4.55200078e-2
-2.0666681e0 -9.272905e-1 5.48079677e-2 5.48079677e-2
-2.0222241e0 -9.272905e-1 6.57301044e-2 6.57301044e-2
-1.97778e0 -9.272905e-1 7.85189056e-2 7.85189056e-2
-1.933336e0 -9.272905e-1 9.3423781e-2 9.3423781e-2
-1.888892e0 -9.272905e-1 1.10722328e-1 1.10722328e-1
-1.8444481e0 -9.272905e-1 1.30705992e-1 1.30705992e-1
-1.8000041e0 -9.272905e-1 1.53688042e-1 1.53688042e-1
-1.75556e0 -9.272905e-1 1.7999957e-1 1.7999957e-1
-1.711116e0 -9.272905e-1 2.09985255e-1 2.09985255e-1
-1.666672e0 -9.272905e-1 2.43995575e-1 2.43995575e-1
-1.6222281e0 -9.272905e-1 2.8240379e-1 2.8240379e-1
-1.5777841e0 -9.272905e-1 3.2556236e-1 3.2556236e-1
-1.53334e0 -9.272905e-1 3.73838318e-1 3.73838318e-1
-1.488896e0 -9.272905e-1 4.27581435e-1 4.27581435e-1
-1.444452e0 -9.272905e-1 4.87120685e-1 4.87120685e-1
-1.4000081e0 -9.272905e-1 5.52769756e-1 5.52769756e-1
-1.3555641e0 -9.272905e-1 6.2478744e-1 6.2478744e-1
-1.31112e0 -9.272905e-1 7.03396165e-1 7.03396165e-1
-1.266676e0 -9.272905e-1 7.88777327e-1 7.88777327e-1
-1.222232e0 -9.272905e-1 8.81047372e-1 8.81047372e-1
-1.177788e0 -9.272905e-1 9.802387e-1 9.802387e-1
-1.133344e0 -9.272905e-1 1.08613512e0 1.08613512e0
-1.0889e0 -9.272905e-1 1.1991727e0 1.1991727e0
-1.044456e0 -9.272905e-1 1.31786577e0 1.31786577e0
-1.000012e0 -9.272905e-1 1.44304913e0 1.44304913e0
-9.55568e-1 -9.272905e-1 1.5748176e0 1.5748176e0
-9.11124e-1 -9.272905e-1 1.71122139e0 1.71122139e0
-8.6668e-1 -9.272905e-1 1.85133513e0 1.85133513e0
-8.22236e-1 -9.272905e-1 1.99590025e0 1.99590025e0
-7.77792e-1 -9.272905e-1 2.14352446e0 2.14352446e0
-7.33348e-1 -9.272905e-1 2.29179811e0 2.29179811e0
-6.88904e-1 -9.272905e-1 2.44202014e0 2.44202014e0
-6.4446e-1 -9.272905e-1 2.59047916e0 2.59047916e0
-6.00016e-1 -9.272905e-1 2.737918e0 2.737918e0
-5.55572e-1 -9.272905e-1 2.88266849e0 2.88266849e0
-5.11128e-1 -9.272905e-1 3.02268884e0 3.02268884e0
-4.66684e-1 -9.272905e-1 3.15631087e0 3.15631087e0
-4.2224e-1 -9.272905e-1 3.28418544e0 3.28418544e0
-3.77796e-1 -9.272905e-1 3.40287851e0 3.40287851e0
-3.33352e-1 -9.272905e-1 3.5123915e0 3.5123915e0
-2.88908e-1 -9.272905e-1 3.61077603e0 3.61077603e0
-2.44464e-1 -9.272905e-1 3.69692139e0 3.69692139e0
-2.0002e-1 -9.272905e-1 3.77129027e0 3.77129027e0
-1.55576e-1 -9.272905e-1 3.831565e0 3.831565e0
-1.11132e-1 -9.272905e-1 3.87690936e0 3.87690936e0
-6.6688e-2 -9.272905e-1 3.90751012e0 3.90751012e0
-2.2244e-2 -9.272905e-1 3.92336586e0 3.92336586e0
2.22e-2 -9.272905e-1 3.92336586e0 3.92336586e0
6.6644e-2 -9.272905e-1 3.90751012e0 3.90751012e0
1.11088e-1 -9.272905e-1 3.87690936e0 3.87690936e0
1.55532e-1 -9.272905e-1 3.831565e0 3.831565e0
1.99976e-1 -9.272905e-1 3.77129027e0 3.77129027e0
2.4442e-1 -9.272905e-1 3.69692139e0 3.69692139e0
2.88864e-1 -9.272905e-1 3.61077603e0 3.61077603e0
3.33308e-1 -9.272905e-1 3.5123915e0 3.5123915e0
3.77752e-1 -9.272905e-1 3.40287851e0 3.40287851e0
4.22196e-1 -9.272905e-1 3.28418544e0 3.28418544e0
4.6664e-1 -9.272905e-1 3.15714568e0 3.15714568e0
5.11084e-1 -9.272905e-1 3.02268884e0 3.02268884e0
5.55528e-1 -9.272905e-1 2.88266849e0 2.88266849e0
5.999721e-1 -9.272905e-1 2.737918e0 2.737918e0
6.44416e-1 -9.272905e-1 2.59140593e0 2.59140593e0
6.8886e-1 -9.272905e-1 2.44202014e0 2.44202014e0
7.33304e-1 -9.272905e-1 2.29272632e0 2.29272632e0
7.77748e-1 -9.272905e-1 2.14352446e0 2.14352446e0
8.221921e-1 -9.272905e-1 1.99590025e0 1.99590025e0
8.66636e-1 -9.272905e-1 1.85216994e0 1.85216994e0
9.1108e-1 -9.272905e-1 1.71122139e0 1.71122139e0
9.55524e-1 -9.272905e-1 1.5748176e0 1.5748176e0
9.99968e-1 -9.272905e-1 1.4440693e0 1.4440693e0
1.0444121e0 -9.272905e-1 1.31786577e0 1.31786577e0
1.088856e0 -9.272905e-1 1.1991727e0 1.1991727e0
1.1333e0 -9.272905e-1 1.08613512e0 1.08613512e0
1.177744e0 -9.272905e-1 9.802387e-1 9.802387e-1
1.222188e0 -9.272905e-1 8.81146983e-1 8.81146983e-1
1.2666321e0 -9.272905e-1 7.88875948e-1 7.88875948e-1
1.311076e0 -9.272905e-1 7.03481062e-1 7.03481062e-1
1.35552e0 -9.272905e-1 6.24862573e-1 6.24862573e-1
1.399964e0 -9.272905e-1 5.52834842e-1 5.52834842e-1
1.444408e0 -9.272905e-1 4.87181526e-1 4.87181526e-1
1.4888521e0 -9.272905e-1 4.27633646e-1 4.27633646e-1
1.533296e0 -9.272905e-1 3.73886566e-1 3.73886566e-1
1.57774e0 -9.272905e-1 3.2560311e-1 3.2560311e-1
1.622184e0 -9.272905e-1 2.82441286e-1 2.82441286e-1
1.666628e0 -9.272905e-1 2.44033495e-1 2.44033495e-1
1.7110721e0 -9.272905e-1 2.10015535e-1 2.10015535e-1
1.755516e0 -9.272905e-1 1.80029143e-1 1.80029143e-1
1.79996e0 -9.272905e-1 1.53711954e-1 1.53711954e-1
1.844404e0 -9.272905e-1 1.30727924e-1 1.30727924e-1
1.888848e0 -9.272905e-1 1.10740015e-1 1.10740015e-1
1.9332921e0 -9.272905e-1 9.3440195e-2 9.3440195e-2
1.977736e0 -9.272905e-1 7.85334229e-2 7.85334229e-2
2.02218e0 -9.272905e-1 6.57422304e-2 6.57422304e-2
2.066624e0 -9.272905e-1 5.4818325e-2 5.4818325e-2
2.111068e0 -9.272905e-1 4.55282994e-2 4.55282994e-2
2.1555121e0 -9.272905e-1 3.76643422e-2 3.76643422e-2
2.199956e0 -9.272905e-1 3.10358481e-2 3.10358481e-2

-2.2e0 -8.909276e-1 3.18507289e-2 3.18507289e-2
-2.155556e0 -8.909276e-1 3.86536494e-2 3.86536494e-2
-2.111112e0 -8.909276e-1 4.672435e-2 4.672435e-2
-2.0666681e0 -8.909276e-1 5.62577754e-2 5.62577754e-2
-2.0222241e0 -8.909276e-1 6.74691942e-2 6.74691942e-2
-1.97778e0 -8.909276e-1 8.05960747e-2 8.05960747e-2
-1.933336e0 -8.909276e-1 9.5895433e-2 9.5895433e-2
-1.888892e0 -8.909276e-1 1.13651042e-1 1.13651042e-1
-1.8444481e0 -8.909276e-1 1.34164563e-1 1.34164563e-1
-1.8000041e0 -8.909276e-1 1.57754378e-1 1.57754378e-1
-1.75556e0 -8.909276e-1 1.84760349e-1 1.84760349e-1
-1.711116e0 -8.909276e-1 2.15538649e-1 2.15538649e-1
-1.666672e0 -8.909276e-1 2.50451846e-1 2.50451846e-1
-1.6222281e0 -8.909276e-1 2.89872157e-1 2.89872157e-1
-1.5777841e0 -8.909276e-1 3.34172476e-1 3.34172476e-1
-1.53334e0 -8.909276e-1 3.83727467e-1 3.83727467e-1
-1.488896e0 -8.909276e-1 4.38895212e-1 4.38895212e-1
-1.444452e0 -8.909276e-1 5.0001013e-1 5.0001013e-1
-1.4000081e0 -8.909276e-1 5.67391695e-1 5.67391695e-1
-1.3555641e0 -8.909276e-1 6.41314105e-1 6.41314105e-1
-1.31112e0 -8.909276e-1 7.22009012e-1 7.22009012e-1
-1.266676e0 -8.909276e-1 8.09648248e-1 8.09648248e-1
-1.222232e0 -8.909276e-1 9.0446902e-1 9.0446902e-1
-1.177788e0 -8.909276e-1 1.00603609e0 1.00603609e0
-1.133344e0 -8.909276e-1 1.114728e0 1.114728e0
-1.0889e0 -8.909276e-1 1.23054886e0 1.23054886e0
-1.044456e0 -8.909276e-1 1.35260686e0 1.35260686e0
-1.000012e0 -8.909276e-1 1.48196918e0 1.48196918e0
-9.55568e-1 -8.909276e-1 1.61649875e0 1.61649875e0
-9.11124e-1 -8.909276e-1 1.75637503e0 1.75637503e0
-8.6668e-1 -8.909276e-1 1.90079459e0 1.90079459e0
-8.22236e-1 -8.909276e-1 2.04868753e0 2.04868753e0
-7.77792e-1 -8.909276e-1 2.2001463e0 2.2001463e0
-7.33348e-1 -8.909276e-1 2.35249416e0 2.35249416e0
-6.88904e-1 -8.909276e-1 2.50671397e0 2.50671397e0
-6.4446e-1 -8.909276e-1 2.65906183e0 2.65906183e0
-6.00016e-1 -8.909276e-1 2.8106987e0 2.8106987e0
-5.55572e-1 -8.909276e-1 2.95859164e0 2.95859164e0
-5.11128e-1 -8.909276e-1 3.10292284e0 3.10292284e0
-4.66684e-1 -8.909276e-1 3.24012509e0 3.24012509e0
-4.2224e-1 -8.909276e-1 3.37118127e0 3.37118127e0
-3.77796e-1 -8.909276e-1 3.49323792e0 3.49323792e0
-3.33352e-1 -8.909276e-1 3.60558403e0 3.60558403e0
-2.88908e-1 -8.909276e-1 3.70625928e0 3.70625928e0
-2.44464e-1 -8.909276e-1 3.79535204e0 3.79535204e0
-2.0002e-1 -8.909276e-1 3.87108006e0 3.87108006e0
-1.55576e-1 -8.909276e-1 3.93255429e0 3.93255429e0
-1.11132e-1 -8.909276e-1 3.97977333e0 3.97977333e0
-6.6688e-2 -8.909276e-1 4.01095634e0 4.01095634e0
-2.2244e-2 -8.909276e-1 4.02699239e0 4.02699239e0
2.22e-2 -8.909276e-1 4.02699239e0 4.02699239e0
6.6644e-2 -8.909276e-1 4.01095634e0 4.01095634e0
1.11088e-1 -8.909276e-1 3.97977333e0 3.97977333e0
1.55532e-1 -8.909276e-1 3.93255429e0 3.93255429e0
1.99976e-1 -8.909276e-1 3.87108006e0 3.87108006e0
2.4442e-1 -8.909276e-1 3.79535204e0 3.79535204e0
2.88864e-1 -8.909276e-1 3.70625928e0 3.70625928e0
3.33308e-1 -8.909276e-1 3.60558403e0 3.60558403e0
3.77752e-1 -8.909276e-1 3.49323792e0 3.49323792e0
4.22196e-1 -8.909276e-1 3.37118127e0 3.37118127e0
4.6664e-1 -8.909276e-1 3.24012509e0 3.24012509e0
5.11084e-1 -8.909276e-1 3.10292284e0 3.10292284e0
5.55528e-1 -8.909276e-1 2.95859164e0 2.95859164e0
5.999721e-1 -8.909276e-1 2.8106987e0 2.8106987e0
6.44416e-1 -8.909276e-1 2.66004199e0 2.66004199e0
6.8886e-1 -8.909276e-1 2.50671397e0 2.50671397e0
7.33304e-1 -8.909276e-1 2.35249416e0 2.35249416e0
7.77748e-1 -8.909276e-1 2.2001463e0 2.2001463e0
8.221921e-1 -8.909276e-1 2.04868753e0 2.04868753e0
8.66636e-1 -8.909276e-1 1.90079459e0 1.90079459e0
9.1108e-1 -8.909276e-1 1.75637503e0 1.75637503e0
9.55524e-1 -8.909276e-1 1.61649875e0 1.61649875e0
9.99968e-1 -8.909276e-1 1.48196918e0 1.48196918e0
1.0444121e0 -8.909276e-1 1.35358566e0 1.35358566e0
1.088856e0 -8.909276e-1 1.23054886e0 1.23054886e0
1.1333e0 -8.909276e-1 1.114728e0 1.114728e0
1.177744e0 -8.909276e-1 1.00603609e0 1.00603609e0
1.222188e0 -8.909276e-1 9.0446902e-1 9.0446902e-1
1.2666321e0 -8.909276e-1 8.09751566e-1 8.09751566e-1
1.311076e0 -8.909276e-1 7.22086363e-1 7.22086363e-1
1.35552e0 -8.909276e-1 6.41385611e-1 6.41385611e-1
1.399964e0 -8.909276e-1 5.6746089e-1 5.6746089e-1
1.444408e0 -8.909276e-1 5.00074023e-1 5.00074023e-1
1.4888521e0 -8.909276e-1 4.38949725e-1 4.38949725e-1
1.533296e0 -8.909276e-1 3.8378103e-1 3.8378103e-1
1.57774e0 -8.909276e-1 3.34217882e-1 3.34217882e-1
1.622184e0 -8.909276e-1 2.89915115e-1 2.89915115e-1
1.666628e0 -8.909276e-1 2.50489096e-1 2.50489096e-1
1.7110721e0 -8.909276e-1 2.15573315e-1 2.15573315e-1
1.755516e0 -8.909276e-1 1.84788625e-1 1.84788625e-1
1.79996e0 -8.909276e-1 1.57778711e-1 1.57778711e-1
1.844404e0 -8.909276e-1 1.34184547e-1 1.34184547e-1
1.888848e0 -8.909276e-1 1.1367021e-1 1.1367021e-1
1.9332921e0 -8.909276e-1 9.5911882e-2 9.5911882e-2
1.977736e0 -8.909276e-1 8.06110558e-2 8.06110558e-2
2.02218e0 -8.909276e-1 6.7481701e-2 6.7481701e-2
2.066624e0 -8.909276e-1 5.62686917e-2 5.62686917e-2
2.111068e0 -8.909276e-1 4.67330777e-2 4.67330777e-2
2.1555121e0 -8.909276e-1 3.86608138e-2 3.86608138e-2
2.199956e0 -8.909276e-1 3.18566562e-2 3.18566562e-2

-2.2e0 -8.545647e-1 3.25527121e-2 3.25527121e-2
-2.155556e0 -8.545647e-1 3.95058688e-2 3.95058688e-2
-2.111112e0 -8.545647e-1 4.7754473e-2 4.7754473e-2
-2.0666681e0 -8.545647e-1 5.74977046e-2 5.74977046e-2
-2.0222241e0 -8.545647e-1 6.89566505e-2 6.89566505e-2
-1.97778e0 -8.545647e-1 8.23727264e-2 8.23727264e-2
-1.933336e0 -8.545647e-1 9.800984e-2 9.800984e-2
-1.888892e0 -8.545647e-1 1.16158516e-1 1.16158516e-1
-1.8444481e0 -8.545647e-1 1.37120491e-1 1.37120491e-1
-1.8000041e0 -8.545647e-1 1.6123323e-1 1.6123323e-1
-1.75556e0 -8.545647e-1 1.88835501e-1 1.88835501e-1
-1.711116e0 -8.545647e-1 2.20289548e-1 2.20289548e-1
-1.666672e0 -8.545647e-1 2.55972343e-1 2.55972343e-1
-1.6222281e0 -8.545647e-1 2.96260341e-1 2.96260341e-1
-1.5777841e0 -8.545647e-1 3.41539516e-1 3.41539516e-1
-1.53334e0 -8.545647e-1 3.92187755e-1 3.92187755e-1
-1.488896e0 -8.545647e-1 4.48562865e-1 4.48562865e-1
-1.444452e0 -8.545647e-1 5.1102474e-1 5.1102474e-1
-1.4000081e0 -8.545647e-1 5.79894026e-1 5.79894026e-1
-1.3555641e0 -8.545647e-1 6.5545016e-1 6.5545016e-1
-1.31112e0 -8.545647e-1 7.37924464e-1 7.37924464e-1
-1.266676e0 -8.545647e-1 8.27496106e-1 8.27496106e-1
-1.222232e0 -8.545647e-1 9.23955e-1 9.23955e-1
-1.177788e0 -8.545647e-1 1.028212e0 1.028212e0
-1.133344e0 -8.545647e-1 1.13939043e0 1.13939043e0
-1.0889e0 -8.545647e-1 1.25817616e0 1.25817616e0
-1.044456e0 -8.545647e-1 1.38294188e0 1.38294188e0
-1.000012e0 -8.545647e-1 1.51454556e0 1.51454556e0
-9.55568e-1 -8.545647e-1 1.65221529e0 1.65221529e0
-9.11124e-1 -8.545647e-1 1.79492743e0 1.79492743e0
-8.6668e-1 -8.545647e-1 1.94276675e0 1.94276675e0
-8.22236e-1 -8.545647e-1 2.09419588e0 2.09419588e0
-7.77792e-1 -8.545647e-1 2.24878712e0 2.24878712e0
-7.33348e-1 -8.545647e-1 2.40440327e0 2.40440327e0
-6.88904e-1 -8.545647e-1 2.56164285e0 2.56164285e0
-6.4446e-1 -8.545647e-1 2.71811441e0 2.71811441e0
-6.00016e-1 -8.545647e-1 2.8727904e0 2.8727904e0
-5.55572e-1 -8.545647e-1 3.02413348e0 3.02413348e0
-5.11128e-1 -8.545647e-1 3.1711187e0 3.1711187e0
-4.66684e-1 -8.545647e-1 3.31220741e0 3.31220741e0
-4.2224e-1 -8.545647e-1 3.44543323e0 3.44543323e0
-3.77796e-1 -8.545647e-1 3.5702863e0 3.5702863e0
-3.33352e-1 -8.545647e-1 3.68488242e0 3.68488242e0
-2.88908e-1 -8.545647e-1 3.78828532e0 3.78828532e0
-2.44464e-1 -8.545647e-1 3.87886896e0 3.87886896e0
-2.0002e-1 -8.545647e-1 3.95577927e0 3.95577927e0
-1.55576e-1 -8.545647e-1 4.01901752e0 4.01901752e0
-1.11132e-1 -8.545647e-1 4.06687292e0 4.06687292e0
-6.6688e-2 -8.545647e-1 4.0993468e0 4.0993468e0
-2.2244e-2 -8.545647e-1 4.1156685e0 4.1156685e0
2.22e-2 -8.545647e-1 4.1156685e0 4.1156685e0
6.6644e-2 -8.545647e-1 4.0993468e0 4.0993468e0
1.11088e-1 -8.545647e-1 4.06687292e0 4.06687292e0
1.55532e-1 -8.545647e-1 4.01901752e0 4.01901752e0
1.99976e-1 -8.545647e-1 3.95663466e0 3.95663466e0
2.4442e-1 -8.545647e-1 3.87886896e0 3.87886896e0
2.88864e-1 -8.545647e-1 3.78828532e0 3.78828532e0
3.33308e-1 -8.545647e-1 3.68488242e0 3.68488242e0
3.77752e-1 -8.545647e-1 3.5702863e0 3.5702863e0
4.22196e-1 -8.545647e-1 3.44543323e0 3.44543323e0
4.6664e-1 -8.545647e-1 3.31220741e0 3.31220741e0
5.11084e-1 -8.545647e-1 3.1711187e0 3.1711187e0
5.55528e-1 -8.545647e-1 3.02413348e0 3.02413348e0
5.999721e-1 -8.545647e-1 2.8727904e0 2.8727904e0
6.44416e-1 -8.545647e-1 2.71811441e0 2.71811441e0
6.8886e-1 -8.545647e-1 2.56164285e0 2.56164285e0
7.33304e-1 -8.545647e-1 2.40440327e0 2.40440327e0
7.77748e-1 -8.545647e-1 2.24878712e0 2.24878712e0
8.221921e-1 -8.545647e-1 2.09419588e0 2.09419588e0
8.66636e-1 -8.545647e-1 1.94276675e0 1.94276675e0
9.1108e-1 -8.545647e-1 1.79492743e0 1.79492743e0
9.55524e-1 -8.545647e-1 1.65221529e0 1.65221529e0
9.99968e-1 -8.545647e-1 1.51454556e0 1.51454556e0
1.0444121e0 -8.545647e-1 1.38294188e0 1.38294188e0
1.088856e0 -8.545647e-1 1.25817616e0 1.25817616e0
1.1333e0 -8.545647e-1 1.13939043e0 1.13939043e0
1.177744e0 -8.545647e-1 1.028212e0 1.028212e0
1.222188e0 -8.545647e-1 9.23955e-1 9.23955e-1
1.2666321e0 -8.545647e-1 8.27583862e-1 8.27583862e-1
1.311076e0 -8.545647e-1 7.3800179e-1 7.3800179e-1
1.35552e0 -8.545647e-1 6.55524225e-1 6.55524225e-1
1.399964e0 -8.545647e-1 5.79973047e-1 5.79973047e-1
1.444408e0 -8.545647e-1 5.11098546e-1 5.11098546e-1
1.4888521e0 -8.545647e-1 4.48623761e-1 4.48623761e-1
1.533296e0 -8.545647e-1 3.92234958e-1 3.92234958e-1
1.57774e0 -8.545647e-1 3.41588153e-1 3.41588153e-1
1.622184e0 -8.545647e-1 2.96301025e-1 2.96301025e-1
1.666628e0 -8.545647e-1 2.56006638e-1 2.56006638e-1
1.7110721e0 -8.545647e-1 2.20323972e-1 2.20323972e-1
1.755516e0 -8.545647e-1 1.88862755e-1 1.88862755e-1
1.79996e0 -8.545647e-1 1.61257353e-1 1.61257353e-1
1.844404e0 -8.545647e-1 1.3714305e-1 1.3714305e-1
1.888848e0 -8.545647e-1 1.16177554e-1 1.16177554e-1
1.9332921e0 -8.545647e-1 9.8027052e-2 9.8027052e-2
1.977736e0 -8.545647e-1 8.23871222e-2 8.23871222e-2
2.02218e0 -8.545647e-1 6.89692859e-2 6.89692859e-2
2.066624e0 -8.545647e-1 5.75082797e-2 5.75082797e-2
2.111068e0 -8.545647e-1 4.77633789e-2 4.77633789e-2
2.1555121e0 -8.545647e-1 3.9513158e-2 3.9513158e-2
2.199956e0 -8.545647e-1 3.25590233e-2 3.25590233e-2

-2.2e0 -8.182018e-1 3.31220268e-2 3.31220268e-2
-2.155556e0 -8.182018e-1 4.01967952e-2 4.01967952e-2
-2.111112e0 -8.182018e-1 4.85896306e-2 4.85896306e-2
-2.0666681e0 -8.182018e-1 5.85038347e-2 5.85038347e-2
-2.0222241e0 -8.182018e-1 7.01626479e-2 7.01626479e-2
-1.97778e0 -8.182018e-1 8.381137e-2 8.381137e-2
-1.933336e0 -8.182018e-1 9.9723706e-2 9.9723706e-2
-1.888892e0 -8.182018e-1 1.18189427e-1 1.18189427e-1
-1.8444481e0 -8.182018e-1 1.39521275e-1 1.39521275e-1
-1.8000041e0 -8.182018e-1 1.64052347e-1 1.64052347e-1
-1.75556e0 -8.182018e-1 1.92136583e-1 1.92136583e-1
-1.711116e0 -8.182018e-1 2.24144281e-1 2.24144281e-1
-1.666672e0 -8.182018e-1 2.60449113e-1 2.60449113e-1
-1.6222281e0 -8.182018e-1 3.01444221e-1 3.01444221e-1
-1.5777841e0 -8.182018e-1 3.47515387e-1 3.47515387e-1
-1.53334e0 -8.182018e-1 3.99046143e-1 3.99046143e-1
-1.488896e0 -8.182018e-1 4.56417896e-1 4.56417896e-1
-1.444452e0 -8.182018e-1 5.19972481e-1 5.19972481e-1
-1.4000081e0 -8.182018e-1 5.90042616e-1 5.90042616e-1
-1.3555641e0 -8.182018e-1 6.66916577e-1 6.66916577e-1
-1.31112e0 -8.182018e-1 7.50833444e-1 7.50833444e-1
-1.266676e0 -8.182018e-1 8.4209384e-1 8.4209384e-1
-1.222232e0 -8.182018e-1 9.401954e-1 9.401954e-1
-1.177788e0 -8.182018e-1 1.04582529e0 1.04582529e0
-1.133344e0 -8.182018e-1 1.15955528e0 1.15955528e0
-1.0889e0 -8.182018e-1 1.27991344e0 1.27991344e0
-1.044456e0 -8.182018e-1 1.4068161e0 1.4068161e0
-1.000012e0 -8.182018e-1 1.54100114e0 1.54100114e0
-9.55568e-1 -8.182018e-1 1.68091418e0 1.68091418e0
-9.11124e-1 -8.182018e-1 1.82663515e0 1.82663515e0
-8.6668e-1 -8.182018e-1 1.97636623e0 1.97636623e0
-8.22236e-1 -8.182018e-1 2.1310063e0 2.1310063e0
-7.77792e-1 -8.182018e-1 2.28818329e0 2.28818329e0
-7.33348e-1 -8.182018e-1 2.44691463e0 2.44691463e0
-6.88904e-1 -8.182018e-1 2.60654488e0 2.60654488e0
-6.4446e-1 -8.182018e-1 2.76527621e0 2.76527621e0
-6.00016e-1 -8.182018e-1 2.92327095e0 2.92327095e0
-5.55572e-1 -8.182018e-1 3.07709328e0 3.07709328e0
-5.11128e-1 -8.182018e-1 3.22608775e0 3.22608775e0
-4.66684e-1 -8.182018e-1 3.3701732e0 3.3701732e0
-4.2224e-1 -8.182018e-1 3.50509485e0 3.50509485e0
-3.77796e-1 -8.182018e-1 3.63281528e0 3.63281528e0
-3.33352e-1 -8.182018e-1 3.74900102e0 3.74900102e0
-2.88908e-1 -8.182018e-1 3.8545485e0 3.8545485e0
-2.44464e-1 -8.182018e-1 3.94700569e0 3.94700569e0
-2.0002e-1 -8.182018e-1 4.02555237e0 4.02555237e0
-1.55576e-1 -8.182018e-1 4.08953555e0 4.08953555e0
-1.11132e-1 -8.182018e-1 4.13854575e0 4.13854575e0
-6.6688e-2 -8.182018e-1 4.17127457e0 4.17127457e0
-2.2244e-2 -8.182018e-1 4.18763835e0 4.18763835e0
2.22e-2 -8.182018e-1 4.18763835e0 4.18763835e0
6.6644e-2 -8.182018e-1 4.17127457e0 4.17127457e0
1.11088e-1 -8.182018e-1 4.13854575e0 4.13854575e0
1.55532e-1 -8.182018e-1 4.08953555e0 4.08953555e0
1.99976e-1 -8.182018e-1 4.02555237e0 4.02555237e0
2.4442e-1 -8.182018e-1 3.94700569e0 3.94700569e0
2.88864e-1 -8.182018e-1 3.8545485e0 3.8545485e0
3.33308e-1 -8.182018e-1 3.74900102e0 3.74900102e0
3.77752e-1 -8.182018e-1 3.63281528e0 3.63281528e0
4.22196e-1 -8.182018e-1 3.505995e0 3.505995e0
4.6664e-1 -8.182018e-1 3.3701732e0 3.3701732e0
5.11084e-1 -8.182018e-1 3.2269879e0 3.2269879e0
5.55528e-1 -8.182018e-1 3.07709328e0 3.07709328e0
5.999721e-1 -8.182018e-1 2.92327095e0 2.92327095e0
6.44416e-1 -8.182018e-1 2.76609521e0 2.76609521e0
6.8886e-1 -8.182018e-1 2.60654488e0 2.60654488e0
7.33304e-1 -8.182018e-1 2.44691463e0 2.44691463e0
7.77748e-1 -8.182018e-1 2.28818329e0 2.28818329e0
8.221921e-1 -8.182018e-1 2.1310063e0 2.1310063e0
8.66636e-1 -8.182018e-1 1.97718398e0 1.97718398e0
9.1108e-1 -8.182018e-1 1.82663515e0 1.82663515e0
9.55524e-1 -8.182018e-1 1.68091418e0 1.68091418e0
9.99968e-1 -8.182018e-1 1.54100114e0 1.54100114e0
1.0444121e0 -8.182018e-1 1.4075527e0 1.4075527e0
1.088856e0 -8.182018e-1 1.27991344e0 1.27991344e0
1.1333e0 -8.182018e-1 1.15955528e0 1.15955528e0
1.177744e0 -8.182018e-1 1.04672543e0 1.04672543e0
1.222188e0 -8.182018e-1 9.401954e-1 9.401954e-1
1.2666321e0 -8.182018e-1 8.4209384e-1 8.4209384e-1
1.311076e0 -8.182018e-1 7.5090935e-1 7.5090935e-1
1.35552e0 -8.182018e-1 6.66990237e-1 6.66990237e-1
1.399964e0 -8.182018e-1 5.90115903e-1 5.90115903e-1
1.444408e0 -8.182018e-1 5.20036528e-1 5.20036528e-1
1.4888521e0 -8.182018e-1 4.56472704e-1 4.56472704e-1
1.533296e0 -8.182018e-1 3.99102698e-1 3.99102698e-1
1.57774e0 -8.182018e-1 3.47562955e-1 3.47562955e-1
1.622184e0 -8.182018e-1 3.0148667e-1 3.0148667e-1
1.666628e0 -8.182018e-1 2.6048844e-1 2.6048844e-1
1.7110721e0 -8.182018e-1 2.24178241e-1 2.24178241e-1
1.755516e0 -8.182018e-1 1.92165547e-1 1.92165547e-1
1.79996e0 -8.182018e-1 1.64076692e-1 1.64076692e-1
1.844404e0 -8.182018e-1 1.39542625e-1 1.39542625e-1
1.888848e0 -8.182018e-1 1.18209653e-1 1.18209653e-1
1.9332921e0 -8.182018e-1 9.974081e-2 9.974081e-2
1.977736e0 -8.182018e-1 8.3827475e-2 8.3827475e-2
2.02218e0 -8.182018e-1 7.0175607e-2 7.0175607e-2
2.066624e0 -8.182018e-1 5.85147339e-2 5.85147339e-2
2.111068e0 -8.182018e-1 4.8598707e-2 4.8598707e-2
2.1555121e0 -8.182018e-1 4.02042361e-2 4.02042361e-2
2.199956e0 -8.182018e-1 3.3128444e-2 3.3128444e-2

-2.2e0 -7.818388e-1 3.35459991e-2 3.35459991e-2
-2.155556e0 -7.818388e-1 4.0711523e-2 4.0711523e-2
-2.111112e0 -7.818388e-1 4.92117775e-2 4.92117775e-2
-2.0666681e0 -7.818388e-1 5.92532098e-2 5.92532098e-2
-2.0222241e0 -7.818388e-1 7.10609018e-2 7.10609018e-2
-1.97778e0 -7.818388e-1 8.4885631e-2 8.4885631e-2
-1.933336e0 -7.818388e-1 1.01001155e-1 1.01001155e-1
-1.888892e0 -7.818388e-1 1.19701534e-1 1.19701534e-1
-1.8444481e0 -7.818388e-1 1.41307205e-1 1.41307205e-1
-1.8000041e0 -7.818388e-1 1.66152324e-1 1.66152324e-1
-1.75556e0 -7.818388e-1 1.94597057e-1 1.94597057e-1
-1.711116e0 -7.818388e-1 2.27014928e-1 2.27014928e-1
-1.666672e0 -7.818388e-1 2.63785547e-1 2.63785547e-1
-1.6222281e0 -7.818388e-1 3.05305823e-1 3.05305823e-1
-1.5777841e0 -7.818388e-1 3.51963835e-1 3.51963835e-1
-1.53334e0 -7.818388e-1 4.04155896e-1 4.04155896e-1
-1.488896e0 -7.818388e-1 4.62257559e-1 4.62257559e-1
-1.444452e0 -7.818388e-1 5.26631017e-1 5.26631017e-1
-1.4000081e0 -7.818388e-1 5.97599927e-1 5.97599927e-1
-1.3555641e0 -7.818388e-1 6.75456572e-1 6.75456572e-1
-1.31112e0 -7.818388e-1 7.60444563e-1 7.60444563e-1
-1.266676e0 -7.818388e-1 8.5236012e-1 8.5236012e-1
-1.222232e0 -7.818388e-1 9.5251414e-1 9.5251414e-1
-1.177788e0 -7.818388e-1 1.05962569e0 1.05962569e0
-1.133344e0 -7.818388e-1 1.17447855e0 1.17447855e0
-1.0889e0 -7.818388e-1 1.29652275e0 1.29652275e0
-1.044456e0 -7.818388e-1 1.42482301e0 1.42482301e0
-1.000012e0 -7.818388e-1 1.56094095e0 1.56094095e0
-9.55568e-1 -7.818388e-1 1.70237604e0 1.70237604e0
-9.11124e-1 -7.818388e-1 1.85022107e0 1.85022107e0
-8.6668e-1 -7.818388e-1 2.00197673e0 2.00197673e0
-8.22236e-1 -7.818388e-1 2.1583445e0 2.1583445e0
-7.77792e-1 -7.818388e-1 2.3170577e0 2.3170577e0
-7.33348e-1 -7.818388e-1 2.47819504e0 2.47819504e0
-6.88904e-1 -7.818388e-1 2.6401138e0 2.6401138e0
-6.4446e-1 -7.818388e-1 2.80117241e0 2.80117241e0
-6.00016e-1 -7.818388e-1 2.960667e0 2.960667e0
-5.55572e-1 -7.818388e-1 3.1163309e0 3.1163309e0
-5.11128e-1 -7.818388e-1 3.26808656e0 3.26808656e0
-4.66684e-1 -7.818388e-1 3.41272604e0 3.41272604e0
-4.2224e-1 -7.818388e-1 3.55033043e0 3.55033043e0
-3.77796e-1 -7.818388e-1 3.67855196e0 3.67855196e0
-3.33352e-1 -7.818388e-1 3.79754808e0 3.79754808e0
-2.88908e-1 -7.818388e-1 3.90379947e0 3.90379947e0
-2.44464e-1 -7.818388e-1 3.99691603e0 3.99691603e0
-2.0002e-1 -7.818388e-1 4.07736778e0 4.07736778e0
-1.55576e-1 -7.818388e-1 4.1423381e0 4.1423381e0
-1.11132e-1 -7.818388e-1 4.19159433e0 4.19159433e0
-6.6688e-2 -7.818388e-1 4.22451015e0 4.22451015e0
-2.2244e-2 -7.818388e-1 4.2417107e0 4.2417107e0
2.22e-2 -7.818388e-1 4.2417107e0 4.2417107e0
6.6644e-2 -7.818388e-1 4.22451015e0 4.22451015e0
1.11088e-1 -7.818388e-1 4.19159433e0 4.19159433e0
1.55532e-1 -7.818388e-1 4.1423381e0 4.1423381e0
1.99976e-1 -7.818388e-1 4.07736778e0 4.07736778e0
2.4442e-1 -7.818388e-1 3.99769862e0 3.99769862e0
2.88864e-1 -7.818388e-1 3.90379947e0 3.90379947e0
3.33308e-1 -7.818388e-1 3.79754808e0 3.79754808e0
3.77752e-1 -7.818388e-1 3.67941211e0 3.67941211e0
4.22196e-1 -7.818388e-1 3.55033043e0 3.55033043e0
4.6664e-1 -7.818388e-1 3.41272604e0 3.41272604e0
5.11084e-1 -7.818388e-1 3.26808656e0 3.26808656e0
5.55528e-1 -7.818388e-1 3.1163309e0 3.1163309e0
5.999721e-1 -7.818388e-1 2.960667e0 2.960667e0
6.44416e-1 -7.818388e-1 2.80117241e0 2.80117241e0
6.8886e-1 -7.818388e-1 2.6401138e0 2.6401138e0
7.33304e-1 -7.818388e-1 2.47819504e0 2.47819504e0
7.77748e-1 -7.818388e-1 2.3170577e0 2.3170577e0
8.221921e-1 -7.818388e-1 2.1583445e0 2.1583445e0
8.66636e-1 -7.818388e-1 2.00197673e0 2.00197673e0
9.1108e-1 -7.818388e-1 1.85022107e0 1.85022107e0
9.55524e-1 -7.818388e-1 1.70237604e0 1.70237604e0
9.99968e-1 -7.818388e-1 1.56094095e0 1.56094095e0
1.0444121e0 -7.818388e-1 1.42560442e0 1.42560442e0
1.088856e0 -7.818388e-1 1.29652275e0 1.29652275e0
1.1333e0 -7.818388e-1 1.17447855e0 1.17447855e0
1.177744e0 -7.818388e-1 1.05962569e0 1.05962569e0
1.222188e0 -7.818388e-1 9.5251414e-1 9.5251414e-1
1.2666321e0 -7.818388e-1 8.5236012e-1 8.5236012e-1
1.311076e0 -7.818388e-1 7.60525449e-1 7.60525449e-1
1.35552e0 -7.818388e-1 6.7552684e-1 6.7552684e-1
1.399964e0 -7.818388e-1 5.9767234e-1 5.9767234e-1
1.444408e0 -7.818388e-1 5.26694363e-1 5.26694363e-1
1.4888521e0 -7.818388e-1 4.62315657e-1 4.62315657e-1
1.533296e0 -7.818388e-1 4.04210535e-1 4.04210535e-1
1.57774e0 -7.818388e-1 3.52011435e-1 3.52011435e-1
1.622184e0 -7.818388e-1 3.05346027e-1 3.05346027e-1
1.666628e0 -7.818388e-1 2.63824796e-1 2.63824796e-1
1.7110721e0 -7.818388e-1 2.2704869e-1 2.2704869e-1
1.755516e0 -7.818388e-1 1.94627359e-1 1.94627359e-1
1.79996e0 -7.818388e-1 1.66179405e-1 1.66179405e-1
1.844404e0 -7.818388e-1 1.41328082e-1 1.41328082e-1
1.888848e0 -7.818388e-1 1.19722531e-1 1.19722531e-1
1.9332921e0 -7.818388e-1 1.01018454e-1 1.01018454e-1
1.977736e0 -7.818388e-1 8.4900783e-2 8.4900783e-2
2.02218e0 -7.818388e-1 7.10737146e-2 7.10737146e-2
2.066624e0 -7.818388e-1 5.92640662e-2 5.92640662e-2
2.111068e0 -7.818388e-1 4.9220713e-2 4.9220713e-2
2.1555121e0 -7.818388e-1 4.07190747e-2 4.07190747e-2
2.199956e0 -7.818388e-1 3.3552847e-2 3.3552847e-2

-2.2e0 -7.454759e-1 3.3812627e-2 3.3812627e-2
-2.155556e0 -7.454759e-1 4.10351302e-2 4.10351302e-2
-2.111112e0 -7.454759e-1 4.96028024e-2 4.96028024e-2
-2.0666681e0 -7.454759e-1 5.97231705e-2 5.97231705e-2
-2.0222241e0 -7.454759e-1 7.16257828e-2 7.16257828e-2
-1.97778e0 -7.454759e-1 8.55599e-2 8.55599e-2
-1.933336e0 -7.454759e-1 1.0180451e-1 1.0180451e-1
-1.888892e0 -7.454759e-1 1.20653212e-1 1.20653212e-1
-1.8444481e0 -7.454759e-1 1.42427579e-1 1.42427579e-1
-1.8000041e0 -7.454759e-1 1.67474323e-1 1.67474323e-1
-1.75556e0 -7.454759e-1 1.96143568e-1 1.96143568e-1
-1.711116e0 -7.454759e-1 2.2881422e-1 2.2881422e-1
-1.666672e0 -7.454759e-1 2.6588008e-1 2.6588008e-1
-1.6222281e0 -7.454759e-1 3.07725284e-1 3.07725284e-1
-1.5777841e0 -7.454759e-1 3.54758086e-1 3.54758086e-1
-1.53334e0 -7.454759e-1 4.07371378e-1 4.07371378e-1
-1.488896e0 -7.454759e-1 4.65926318e-1 4.65926318e-1
-1.444452e0 -7.454759e-1 5.30808635e-1 5.30808635e-1
-1.4000081e0 -7.454759e-1 6.02338538e-1 6.02338538e-1
-1.3555641e0 -7.454759e-1 6.80824858e-1 6.80824858e-1
-1.31112e0 -7.454759e-1 7.6642422e-1 7.6642422e-1
-1.266676e0 -7.454759e-1 8.5975772e-1 8.5975772e-1
-1.222232e0 -7.454759e-1 9.5957616e-1 9.5957616e-1
-1.177788e0 -7.454759e-1 1.06767107e0 1.06767107e0
-1.133344e0 -7.454759e-1 1.18336794e0 1.18336794e0
-1.0889e0 -7.454759e-1 1.30629707e0 1.30629707e0
-1.044456e0 -7.454759e-1 1.43675536e0 1.43675536e0
-1.000012e0 -7.454759e-1 1.57325267e0 1.57325267e0
-9.55568e-1 -7.454759e-1 1.71653293e0 1.71653293e0
-9.11124e-1 -7.454759e-1 1.86480797e0 1.86480797e0
-8.6668e-1 -7.454759e-1 2.0177047e0 2.0177047e0
-8.22236e-1 -7.454759e-1 2.17500015e0 2.17500015e0
-7.77792e-1 -7.454759e-1 2.33527817e0 2.33527817e0
-7.33348e-1 -7.454759e-1 2.49786644e0 2.49786644e0
-6.88904e-1 -7.454759e-1 2.6611998e0 2.6611998e0
-6.4446e-1 -7.454759e-1 2.82296793e0 2.82296793e0
-6.00016e-1 -7.454759e-1 2.983991e0 2.983991e0
-5.55572e-1 -7.454759e-1 3.14136154e0 3.14136154e0
-5.11128e-1 -7.454759e-1 3.29351207e0 3.29351207e0
-4.66684e-1 -7.454759e-1 3.44037091e0 3.44037091e0
-4.2224e-1 -7.454759e-1 3.57902948e0 3.57902948e0
-3.77796e-1 -7.454759e-1 3.70799763e0 3.70799763e0
-3.33352e-1 -7.454759e-1 3.82734818e0 3.82734818e0
-2.88908e-1 -7.454759e-1 3.93477083e0 3.93477083e0
-2.44464e-1 -7.454759e-1 4.02870152e0 4.02870152e0
-2.0002e-1 -7.454759e-1 4.10921191e0 4.10921191e0
-1.55576e-1 -7.454759e-1 4.17488924e0 4.17488924e0
-1.11132e-1 -7.454759e-1 4.224836e0 4.224836e0
-6.6688e-2 -7.454759e-1 4.25838219e0 4.25838219e0
-2.2244e-2 -7.454759e-1 4.27478275e0 4.27478275e0
2.22e-2 -7.454759e-1 4.27478275e0 4.27478275e0
6.6644e-2 -7.454759e-1 4.25838219e0 4.25838219e0
1.11088e-1 -7.454759e-1 4.224836e0 4.224836e0
1.55532e-1 -7.454759e-1 4.17488924e0 4.17488924e0
1.99976e-1 -7.454759e-1 4.10921191e0 4.10921191e0
2.4442e-1 -7.454759e-1 4.02952052e0 4.02952052e0
2.88864e-1 -7.454759e-1 3.93477083e0 3.93477083e0
3.33308e-1 -7.454759e-1 3.82734818e0 3.82734818e0
3.77752e-1 -7.454759e-1 3.70799763e0 3.70799763e0
4.22196e-1 -7.454759e-1 3.57902948e0 3.57902948e0
4.6664e-1 -7.454759e-1 3.44037091e0 3.44037091e0
5.11084e-1 -7.454759e-1 3.29425827e0 3.29425827e0
5.55528e-1 -7.454759e-1 3.14136154e0 3.14136154e0
5.999721e-1 -7.454759e-1 2.983991e0 2.983991e0
6.44416e-1 -7.454759e-1 2.82371414e0 2.82371414e0
6.8886e-1 -7.454759e-1 2.6611998e0 2.6611998e0
7.33304e-1 -7.454759e-1 2.49786644e0 2.49786644e0
7.77748e-1 -7.454759e-1 2.33609831e0 2.33609831e0
8.221921e-1 -7.454759e-1 2.17500015e0 2.17500015e0
8.66636e-1 -7.454759e-1 2.0177047e0 2.0177047e0
9.1108e-1 -7.454759e-1 1.86480797e0 1.86480797e0
9.55524e-1 -7.454759e-1 1.71653293e0 1.71653293e0
9.99968e-1 -7.454759e-1 1.57325267e0 1.57325267e0
1.0444121e0 -7.454759e-1 1.43675536e0 1.43675536e0
1.088856e0 -7.454759e-1 1.30629707e0 1.30629707e0
1.1333e0 -7.454759e-1 1.18403908e0 1.18403908e0
1.177744e0 -7.454759e-1 1.06849008e0 1.06849008e0
1.222188e0 -7.454759e-1 9.603963e-1 9.603963e-1
1.2666321e0 -7.454759e-1 8.5975772e-1 8.5975772e-1
1.311076e0 -7.454759e-1 7.6642422e-1 7.6642422e-1
1.35552e0 -7.454759e-1 6.80895839e-1 6.80895839e-1
1.399964e0 -7.454759e-1 6.02423169e-1 6.02423169e-1
1.444408e0 -7.454759e-1 5.30879958e-1 5.30879958e-1
1.4888521e0 -7.454759e-1 4.65990472e-1 4.65990472e-1
1.533296e0 -7.454759e-1 4.07418925e-1 4.07418925e-1
1.57774e0 -7.454759e-1 3.54806998e-1 3.54806998e-1
1.622184e0 -7.454759e-1 3.07769647e-1 3.07769647e-1
1.666628e0 -7.454759e-1 2.65917389e-1 2.65917389e-1
1.7110721e0 -7.454759e-1 2.2884971e-1 2.2884971e-1
1.755516e0 -7.454759e-1 1.9617394e-1 1.9617394e-1
1.79996e0 -7.454759e-1 1.67499576e-1 1.67499576e-1
1.844404e0 -7.454759e-1 1.42450443e-1 1.42450443e-1
1.888848e0 -7.454759e-1 1.20674255e-1 1.20674255e-1
1.9332921e0 -7.454759e-1 1.01820549e-1 1.01820549e-1
1.977736e0 -7.454759e-1 8.5574802e-2 8.5574802e-2
2.02218e0 -7.454759e-1 7.16388641e-2 7.16388641e-2
2.066624e0 -7.454759e-1 5.97340564e-2 5.97340564e-2
2.111068e0 -7.454759e-1 4.9612096e-2 4.9612096e-2
2.1555121e0 -7.454759e-1 4.10426036e-2 4.10426036e-2
2.199956e0 -7.454759e-1 3.38195657e-2 3.38195657e-2

-2.2e0 -7.09113e-1 3.39106439e-2 3.39106439e-2
-2.155556e0 -7.09113e-1 4.1153549e-2 4.1153549e-2
-2.111112e0 -7.09113e-1 4.97457446e-2 4.97457446e-2
-2.0666681e0 -7.09113e-1 5.98963635e-2 5.98963635e-2
-2.0222241e0 -7.09113e-1 7.183091e-2 7.183091e-2
-1.97778e0 -7.09113e-1 8.5807153e-2 8.5807153e-2
-1.933336e0 -7.09113e-1 1.02098488e-1 1.02098488e-1
-1.888892e0 -7.09113e-1 1.21000629e-1 1.21000629e-1
-1.8444481e0 -7.09113e-1 1.4284089e-1 1.4284089e-1
-1.8000041e0 -7.09113e-1 1.67957077e-1 1.67957077e-1
-1.75556e0 -7.09113e-1 1.96708743e-1 1.96708743e-1
-1.711116e0 -7.09113e-1 2.29478928e-1 2.29478928e-1
-1.666672e0 -7.09113e-1 2.66648282e-1 2.66648282e-1
-1.6222281e0 -7.09113e-1 3.08619319e-1 3.08619319e-1
-1.5777841e0 -7.09113e-1 3.55785353e-1 3.55785353e-1
-1.53334e0 -7.09113e-1 4.0854327e-1 4.0854327e-1
-1.488896e0 -7.09113e-1 4.67277187e-1 4.67277187e-1
-1.444452e0 -7.09113e-1 5.32345685e-1 5.32345685e-1
-1.4000081e0 -7.09113e-1 6.04085812e-1 6.04085812e-1
-1.3555641e0 -7.09113e-1 6.8278777e-1 6.8278777e-1
-1.31112e0 -7.09113e-1 7.6874965e-1 7.6874965e-1
-1.266676e0 -7.09113e-1 8.6171361e-1 8.6171361e-1
-1.222232e0 -7.09113e-1 9.6247894e-1 9.6247894e-1
-1.177788e0 -7.09113e-1 1.07097314e0 1.07097314e0
-1.133344e0 -7.09113e-1 1.18726762e0 1.18726762e0
-1.0889e0 -7.09113e-1 1.31001529e0 1.31001529e0
-1.044456e0 -7.09113e-1 1.44049182e0 1.44049182e0
-1.000012e0 -7.09113e-1 1.57813133e0 1.57813133e0
-9.55568e-1 -7.09113e-1 1.72137138e0 1.72137138e0
-9.11124e-1 -7.09113e-1 1.86964716e0 1.86964716e0
-8.6668e-1 -7.09113e-1 2.02345422e0 2.02345422e0
-8.22236e-1 -7.09113e-1 2.18165753e0 2.18165753e0
-7.77792e-1 -7.09113e-1 2.34205843e0 2.34205843e0
-7.33348e-1 -7.09113e-1 2.50508322e0 2.50508322e0
-6.88904e-1 -7.09113e-1 2.66825084e0 2.66825084e0
-6.4446e-1 -7.09113e-1 2.83141737e0 2.83141737e0
-6.00016e-1 -7.09113e-1 2.99245667e0 2.99245667e0
-5.55572e-1 -7.09113e-1 3.15058856e0 3.15058856e0
-5.11128e-1 -7.09113e-1 3.30304851e0 3.30304851e0
-4.66684e-1 -7.09113e-1 3.44990575e0 3.44990575e0
-4.2224e-1 -7.09113e-1 3.5889627e0 3.5889627e0
-3.77796e-1 -7.09113e-1 3.7186591e0 3.7186591e0
-3.33352e-1 -7.09113e-1 3.83857079e0 3.83857079e0
-2.88908e-1 -7.09113e-1 3.94571788e0 3.94571788e0
-2.44464e-1 -7.09113e-1 4.04066734e0 4.04066734e0
-2.0002e-1 -7.09113e-1 4.12164793e0 4.12164793e0
-1.55576e-1 -7.09113e-1 4.18688728e0 4.18688728e0
-1.11132e-1 -7.09113e-1 4.23716336e0 4.23716336e0
-6.6688e-2 -7.09113e-1 4.27049176e0 4.27049176e0
-2.2244e-2 -7.09113e-1 4.28758119e0 4.28758119e0
2.22e-2 -7.09113e-1 4.28758119e0 4.28758119e0
6.6644e-2 -7.09113e-1 4.27049176e0 4.27049176e0
1.11088e-1 -7.09113e-1 4.23716336e0 4.23716336e0
1.55532e-1 -7.09113e-1 4.18688728e0 4.18688728e0
1.99976e-1 -7.09113e-1 4.12164793e0 4.12164793e0
2.4442e-1 -7.09113e-1 4.04066734e0 4.04066734e0
2.88864e-1 -7.09113e-1 3.9464266e0 3.9464266e0
3.33308e-1 -7.09113e-1 3.83857079e0 3.83857079e0
3.77752e-1 -7.09113e-1 3.71943924e0 3.71943924e0
4.22196e-1 -7.09113e-1 3.5889627e0 3.5889627e0
4.6664e-1 -7.09113e-1 3.44990575e0 3.44990575e0
5.11084e-1 -7.09113e-1 3.30304851e0 3.30304851e0
5.55528e-1 -7.09113e-1 3.15058856e0 3.15058856e0
5.999721e-1 -7.09113e-1 2.99245667e0 2.99245667e0
6.44416e-1 -7.09113e-1 2.83141737e0 2.83141737e0
6.8886e-1 -7.09113e-1 2.66903098e0 2.66903098e0
7.33304e-1 -7.09113e-1 2.50508322e0 2.50508322e0
7.77748e-1 -7.09113e-1 2.34269681e0 2.34269681e0
8.221921e-1 -7.09113e-1 2.18165753e0 2.18165753e0
8.66636e-1 -7.09113e-1 2.02423436e0 2.02423436e0
9.1108e-1 -7.09113e-1 1.87035696e0 1.87035696e0
9.55524e-1 -7.09113e-1 1.72137138e0 1.72137138e0
9.99968e-1 -7.09113e-1 1.57813133e0 1.57813133e0
1.0444121e0 -7.09113e-1 1.44049182e0 1.44049182e0
1.088856e0 -7.09113e-1 1.31065369e0 1.31065369e0
1.1333e0 -7.09113e-1 1.18726762e0 1.18726762e0
1.177744e0 -7.09113e-1 1.07097314e0 1.07097314e0
1.222188e0 -7.09113e-1 9.6311732e-1 9.6311732e-1
1.2666321e0 -7.09113e-1 8.6171361e-1 8.6171361e-1
1.311076e0 -7.09113e-1 7.6874965e-1 7.6874965e-1
1.35552e0 -7.09113e-1 6.82869894e-1 6.82869894e-1
1.399964e0 -7.09113e-1 6.04160472e-1 6.04160472e-1
1.444408e0 -7.09113e-1 5.32411363e-1 5.32411363e-1
1.4888521e0 -7.09113e-1 4.6733356e-1 4.6733356e-1
1.533296e0 -7.09113e-1 4.08597263e-1 4.08597263e-1
1.57774e0 -7.09113e-1 3.55831232e-1 3.55831232e-1
1.622184e0 -7.09113e-1 3.0866076e-1 3.0866076e-1
1.666628e0 -7.09113e-1 2.6668875e-1 2.6668875e-1
1.7110721e0 -7.09113e-1 2.29513443e-1 2.29513443e-1
1.755516e0 -7.09113e-1 1.96740988e-1 1.96740988e-1
1.79996e0 -7.09113e-1 1.67982071e-1 1.67982071e-1
1.844404e0 -7.09113e-1 1.42865668e-1 1.42865668e-1
1.888848e0 -7.09113e-1 1.21021945e-1 1.21021945e-1
1.9332921e0 -7.09113e-1 1.02113852e-1 1.02113852e-1
1.977736e0 -7.09113e-1 8.5822409e-2 8.5822409e-2
2.02218e0 -7.09113e-1 7.1844542e-2 7.1844542e-2
2.066624e0 -7.09113e-1 5.99070647e-2 5.99070647e-2
2.111068e0 -7.09113e-1 4.97550932e-2 4.97550932e-2
2.1555121e0 -7.09113e-1 4.11615018e-2 4.11615018e-2
2.199956e0 -7.09113e-1 3.39169954e-2 3.39169954e-2

-2.2e0 -6.727501e-1 3.3829559e-2 3.3829559e-2
-2.155556e0 -6.727501e-1 4.1054837e-2 4.1054837e-2
-2.111112e0 -6.727501e-1 4.96276581e-2 4.96276581e-2
-2.0666681e0 -6.727501e-1 5.97529904e-2 5.97529904e-2
-2.0222241e0 -6.727501e-1 7.1658621e-2 7.1658621e-2
-1.97778e0 -6.727501e-1 8.5601945e-2 8.5601945e-2
-1.933336e0 -6.727501e-1 1.01852614e-1 1.01852614e-1
-1.888892e0 -6.727501e-1 1.20712631e-1 1.20712631e-1
-1.8444481e0 -6.727501e-1 1.42499095e-1 1.42499095e-1
-1.8000041e0 -6.727501e-1 1.67553021e-1 1.67553021e-1
-1.75556e0 -6.727501e-1 1.96238828e-1 1.96238828e-1
-1.711116e0 -6.727501e-1 2.28929045e-1 2.28929045e-1
-1.666672e0 -6.727501e-1 2.66008728e-1 2.66008728e-1
-1.6222281e0 -6.727501e-1 3.07881918e-1 3.07881918e-1
-1.5777841e0 -6.727501e-1 3.54931413e-1 3.54931413e-1
-1.53334e0 -6.727501e-1 4.07566286e-1 4.07566286e-1
-1.488896e0 -6.727501e-1 4.66161119e-1 4.66161119e-1
-1.444452e0 -6.727501e-1 5.31075919e-1 5.31075919e-1
-1.4000081e0 -6.727501e-1 6.02641434e-1 6.02641434e-1
-1.3555641e0 -6.727501e-1 6.808905e-1 6.808905e-1
-1.31112e0 -6.727501e-1 7.6639677e-1 7.6639677e-1
-1.266676e0 -6.727501e-1 8.59909e-1 8.59909e-1
-1.222232e0 -6.727501e-1 9.6021587e-1 9.6021587e-1
-1.177788e0 -6.727501e-1 1.06852867e0 1.06852867e0
-1.133344e0 -6.727501e-1 1.18430951e0 1.18430951e0
-1.0889e0 -6.727501e-1 1.30742291e0 1.30742291e0
-1.044456e0 -6.727501e-1 1.43726318e0 1.43726318e0
-1.000012e0 -6.727501e-1 1.57389912e0 1.57389912e0
-9.55568e-1 -6.727501e-1 1.71719418e0 1.71719418e0
-9.11124e-1 -6.727501e-1 1.86520003e0 1.86520003e0
-8.6668e-1 -6.727501e-1 2.0186537e0 2.0186537e0
-8.22236e-1 -6.727501e-1 2.17614471e0 2.17614471e0
-7.77792e-1 -6.727501e-1 2.33699971e0 2.33699971e0
-7.33348e-1 -6.727501e-1 2.4991317e0 2.4991317e0
-6.88904e-1 -6.727501e-1 2.66200485e0 2.66200485e0
-6.4446e-1 -6.727501e-1 2.82481024e0 2.82481024e0
-6.00016e-1 -6.727501e-1 2.98566522e0 2.98566522e0
-5.55572e-1 -6.727501e-1 3.14315523e0 3.14315523e0
-5.11128e-1 -6.727501e-1 3.29512965e0 3.29512965e0
-4.66684e-1 -6.727501e-1 3.44185643e0 3.44185643e0
-4.2224e-1 -6.727501e-1 3.5805783e0 3.5805783e0
-3.77796e-1 -6.727501e-1 3.71041856e0 3.71041856e0
-3.33352e-1 -6.727501e-1 3.82949562e0 3.82949562e0
-2.88908e-1 -6.727501e-1 3.93646263e0 3.93646263e0
-2.44464e-1 -6.727501e-1 4.03138737e0 4.03138737e0
-2.0002e-1 -6.727501e-1 4.11151254e0 4.11151254e0
-1.55576e-1 -6.727501e-1 4.17737402e0 4.17737402e0
-1.11132e-1 -6.727501e-1 4.22655223e0 4.22655223e0
-6.6688e-2 -6.727501e-1 4.26012302e0 4.26012302e0
-2.2244e-2 -6.727501e-1 4.27694177e0 4.27694177e0
2.22e-2 -6.727501e-1 4.27694177e0 4.27694177e0
6.6644e-2 -6.727501e-1 4.26012302e0 4.26012302e0
1.11088e-1 -6.727501e-1 4.22655223e0 4.22655223e0
1.55532e-1 -6.727501e-1 4.17737402e0 4.17737402e0
1.99976e-1 -6.727501e-1 4.11151254e0 4.11151254e0
2.4442e-1 -6.727501e-1 4.03138737e0 4.03138737e0
2.88864e-1 -6.727501e-1 3.93646263e0 3.93646263e0
3.33308e-1 -6.727501e-1 3.82949562e0 3.82949562e0
3.77752e-1 -6.727501e-1 3.71041856e0 3.71041856e0
4.22196e-1 -6.727501e-1 3.5805783e0 3.5805783e0
4.6664e-1 -6.727501e-1 3.44185643e0 3.44185643e0
5.11084e-1 -6.727501e-1 3.29512965e0 3.29512965e0
5.55528e-1 -6.727501e-1 3.14315523e0 3.14315523e0
5.999721e-1 -6.727501e-1 2.98566522e0 2.98566522e0
6.44416e-1 -6.727501e-1 2.82481024e0 2.82481024e0
6.8886e-1 -6.727501e-1 2.6626105e0 2.6626105e0
7.33304e-1 -6.727501e-1 2.4991317e0 2.4991317e0
7.77748e-1 -6.727501e-1 2.33699971e0 2.33699971e0
8.221921e-1 -6.727501e-1 2.17675038e0 2.17675038e0
8.66636e-1 -6.727501e-1 2.01939383e0 2.01939383e0
9.1108e-1 -6.727501e-1 1.86593913e0 1.86593913e0
9.55524e-1 -6.727501e-1 1.71719418e0 1.71719418e0
9.99968e-1 -6.727501e-1 1.57389912e0 1.57389912e0
1.0444121e0 -6.727501e-1 1.43726318e0 1.43726318e0
1.088856e0 -6.727501e-1 1.30742291e0 1.30742291e0
1.1333e0 -6.727501e-1 1.18430951e0 1.18430951e0
1.177744e0 -6.727501e-1 1.06852867e0 1.06852867e0
1.222188e0 -6.727501e-1 9.6082152e-1 9.6082152e-1
1.2666321e0 -6.727501e-1 8.59909e-1 8.59909e-1
1.311076e0 -6.727501e-1 7.6700244e-1 7.6700244e-1
1.35552e0 -6.727501e-1 6.808905e-1 6.808905e-1
1.399964e0 -6.727501e-1 6.02712881e-1 6.02712881e-1
1.444408e0 -6.727501e-1 5.31138127e-1 5.31138127e-1
1.4888521e0 -6.727501e-1 4.66222198e-1 4.66222198e-1
1.533296e0 -6.727501e-1 4.0762254e-1 4.0762254e-1
1.57774e0 -6.727501e-1 3.54982227e-1 3.54982227e-1
1.622184e0 -6.727501e-1 3.07924417e-1 3.07924417e-1
1.666628e0 -6.727501e-1 2.66049687e-1 2.66049687e-1
1.7110721e0 -6.727501e-1 2.28964153e-1 2.28964153e-1
1.755516e0 -6.727501e-1 1.96272601e-1 1.96272601e-1
1.79996e0 -6.727501e-1 1.67582071e-1 1.67582071e-1
1.844404e0 -6.727501e-1 1.42522705e-1 1.42522705e-1
1.888848e0 -6.727501e-1 1.2073193e-1 1.2073193e-1
1.9332921e0 -6.727501e-1 1.01870065e-1 1.01870065e-1
1.977736e0 -6.727501e-1 8.561683e-2 8.561683e-2
2.02218e0 -6.727501e-1 7.1672173e-2 7.1672173e-2
2.066624e0 -6.727501e-1 5.97639539e-2 5.97639539e-2
2.111068e0 -6.727501e-1 4.96363118e-2 4.96363118e-2
2.1555121e0 -6.727501e-1 4.10632443e-2 4.10632443e-2
2.199956e0 -6.727501e-1 3.38358516e-2 3.38358516e-2

-2.2e0 -6.363872e-1 3.35610724e-2 3.35610724e-2
-2.155556e0 -6.363872e-1 4.07294104e-2 4.07294104e-2
-2.111112e0 -6.363872e-1 4.92337672e-2 4.92337672e-2
-2.0666681e0 -6.363872e-1 5.92794421e-2 5.92794421e-2
-2.0222241e0 -6.363872e-1 7.1090747e-2 7.1090747e-2
-1.97778e0 -6.363872e-1 8.4922768e-2 8.4922768e-2
-1.933336e0 -6.363872e-1 1.01044817e-1 1.01044817e-1
-1.888892e0 -6.363872e-1 1.19755489e-1 1.19755489e-1
-1.8444481e0 -6.363872e-1 1.4137028e-1 1.4137028e-1
-1.8000041e0 -6.363872e-1 1.66226532e-1 1.66226532e-1
-1.75556e0 -6.363872e-1 1.94682368e-1 1.94682368e-1
-1.711116e0 -6.363872e-1 2.27114557e-1 2.27114557e-1
-1.666672e0 -6.363872e-1 2.63899281e-1 2.63899281e-1
-1.6222281e0 -6.363872e-1 3.05439917e-1 3.05439917e-1
-1.5777841e0 -6.363872e-1 3.5211828e-1 3.5211828e-1
-1.53334e0 -6.363872e-1 4.04335219e-1 4.04335219e-1
-1.488896e0 -6.363872e-1 4.62465364e-1 4.62465364e-1
-1.444452e0 -6.363872e-1 5.26864317e-1 5.26864317e-1
-1.4000081e0 -6.363872e-1 5.97860193e-1 5.97860193e-1
-1.3555641e0 -6.363872e-1 6.7533403e-1 6.7533403e-1
-1.31112e0 -6.363872e-1 7.6060968e-1 7.6060968e-1
-1.266676e0 -6.363872e-1 8.5288564e-1 8.5288564e-1
-1.222232e0 -6.363872e-1 9.5286298e-1 9.5286298e-1
-1.177788e0 -6.363872e-1 1.06041159e0 1.06041159e0
-1.133344e0 -6.363872e-1 1.17496147e0 1.17496147e0
-1.0889e0 -6.363872e-1 1.29657477e0 1.29657477e0
-1.044456e0 -6.363872e-1 1.42576227e0 1.42576227e0
-1.000012e0 -6.363872e-1 1.56137616e0 1.56137616e0
-9.55568e-1 -6.363872e-1 1.70329024e0 1.70329024e0
-9.11124e-1 -6.363872e-1 1.85099564e0 1.85099564e0
-8.6668e-1 -6.363872e-1 2.00315622e0 2.00315622e0
-8.22236e-1 -6.363872e-1 2.159134e0 2.159134e0
-7.77792e-1 -6.363872e-1 2.31816768e0 2.31816768e0
-7.33348e-1 -6.363872e-1 2.47930077e0 2.47930077e0
-6.88904e-1 -6.363872e-1 2.64100677e0 2.64100677e0
-6.4446e-1 -6.363872e-1 2.8026487e0 2.8026487e0
-6.00016e-1 -6.363872e-1 2.96180957e0 2.96180957e0
-5.55572e-1 -6.363872e-1 3.11772424e0 3.11772424e0
-5.11128e-1 -6.363872e-1 3.26924782e0 3.26924782e0
-4.66684e-1 -6.363872e-1 3.4144081e0 3.4144081e0
-4.2224e-1 -6.363872e-1 3.55180388e0 3.55180388e0
-3.77796e-1 -6.363872e-1 3.68048157e0 3.68048157e0
-3.33352e-1 -6.363872e-1 3.79884962e0 3.79884962e0
-2.88908e-1 -6.363872e-1 3.90519025e0 3.90519025e0
-2.44464e-1 -6.363872e-1 3.99937527e0 3.99937527e0
-2.0002e-1 -6.363872e-1 4.07892368e0 4.07892368e0
-1.55576e-1 -6.363872e-1 4.14383545e0 4.14383545e0
-1.11132e-1 -6.363872e-1 4.19347356e0 4.19347356e0
-6.6688e-2 -6.363872e-1 4.226565e0 4.226565e0
-2.2244e-2 -6.363872e-1 4.24311168e0 4.24311168e0
2.22e-2 -6.363872e-1 4.24311168e0 4.24311168e0
6.6644e-2 -6.363872e-1 4.226565e0 4.226565e0
1.11088e-1 -6.363872e-1 4.19347356e0 4.19347356e0
1.55532e-1 -6.363872e-1 4.14383545e0 4.14383545e0
1.99976e-1 -6.363872e-1 4.07892368e0 4.07892368e0
2.4442e-1 -6.363872e-1 3.99937527e0 3.99937527e0
2.88864e-1 -6.363872e-1 3.90576219e0 3.90576219e0
3.33308e-1 -6.363872e-1 3.79884962e0 3.79884962e0
3.77752e-1 -6.363872e-1 3.68105449e0 3.68105449e0
4.22196e-1 -6.363872e-1 3.552504e0 3.552504e0
4.6664e-1 -6.363872e-1 3.4144081e0 3.4144081e0
5.11084e-1 -6.363872e-1 3.26924782e0 3.26924782e0
5.55528e-1 -6.363872e-1 3.11829716e0 3.11829716e0
5.999721e-1 -6.363872e-1 2.96180957e0 2.96180957e0
6.44416e-1 -6.363872e-1 2.8026487e0 2.8026487e0
6.8886e-1 -6.363872e-1 2.64100677e0 2.64100677e0
7.33304e-1 -6.363872e-1 2.47930077e0 2.47930077e0
7.77748e-1 -6.363872e-1 2.31816768e0 2.31816768e0
8.221921e-1 -6.363872e-1 2.159134e0 2.159134e0
8.66636e-1 -6.363872e-1 2.00315622e0 2.00315622e0
9.1108e-1 -6.363872e-1 1.85099564e0 1.85099564e0
9.55524e-1 -6.363872e-1 1.70329024e0 1.70329024e0
9.99968e-1 -6.363872e-1 1.56137616e0 1.56137616e0
1.0444121e0 -6.363872e-1 1.42576227e0 1.42576227e0
1.088856e0 -6.363872e-1 1.29721178e0 1.29721178e0
1.1333e0 -6.363872e-1 1.17496147e0 1.17496147e0
1.177744e0 -6.363872e-1 1.06041159e0 1.06041159e0
1.222188e0 -6.363872e-1 9.5286298e-1 9.5286298e-1
1.2666321e0 -6.363872e-1 8.5288564e-1 8.5288564e-1
1.311076e0 -6.363872e-1 7.6060968e-1 7.6060968e-1
1.35552e0 -6.363872e-1 6.7597008e-1 6.7597008e-1
1.399964e0 -6.363872e-1 5.9793477e-1 5.9793477e-1
1.444408e0 -6.363872e-1 5.26928893e-1 5.26928893e-1
1.4888521e0 -6.363872e-1 4.625212e-1 4.625212e-1
1.533296e0 -6.363872e-1 4.04390569e-1 4.04390569e-1
1.57774e0 -6.363872e-1 3.5216926e-1 3.5216926e-1
1.622184e0 -6.363872e-1 3.0548342e-1 3.0548342e-1
1.666628e0 -6.363872e-1 2.6394026e-1 2.6394026e-1
1.7110721e0 -6.363872e-1 2.27148544e-1 2.27148544e-1
1.755516e0 -6.363872e-1 1.9471218e-1 1.9471218e-1
1.79996e0 -6.363872e-1 1.6625207e-1 1.6625207e-1
1.844404e0 -6.363872e-1 1.41391643e-1 1.41391643e-1
1.888848e0 -6.363872e-1 1.1977491e-1 1.1977491e-1
1.9332921e0 -6.363872e-1 1.01062296e-1 1.01062296e-1
1.977736e0 -6.363872e-1 8.4937625e-2 8.4937625e-2
2.02218e0 -6.363872e-1 7.1104439e-2 7.1104439e-2
2.066624e0 -6.363872e-1 5.92901819e-2 5.92901819e-2
2.111068e0 -6.363872e-1 4.92427689e-2 4.92427689e-2
2.1555121e0 -6.363872e-1 4.07371011e-2 4.07371011e-2
2.199956e0 -6.363872e-1 3.35674329e-2 3.35674329e-2

-2.2e0 -6.000243e-1 3.30986588e-2 3.30986588e-2
-2.155556e0 -6.000243e-1 4.01679327e-2 4.01679327e-2
-2.111112e0 -6.000243e-1 4.85553629e-2 4.85553629e-2
-2.0666681e0 -6.000243e-1 5.84621355e-2 5.84621355e-2
-2.0222241e0 -6.000243e-1 7.0111171e-2 7.0111171e-2
-1.97778e0 -6.000243e-1 8.375363e-2 8.375363e-2
-1.933336e0 -6.000243e-1 9.9653778e-2 9.9653778e-2
-1.888892e0 -6.000243e-1 1.18106154e-1 1.18106154e-1
-1.8444481e0 -6.000243e-1 1.39420401e-1 1.39420401e-1
-1.8000041e0 -6.000243e-1 1.6393363e-1 1.6393363e-1
-1.75556e0 -6.000243e-1 1.9200236e-1 1.9200236e-1
-1.711116e0 -6.000243e-1 2.23983391e-1 2.23983391e-1
-1.666672e0 -6.000243e-1 2.60267389e-1 2.60267389e-1
-1.6222281e0 -6.000243e-1 3.01228915e-1 3.01228915e-1
-1.5777841e0 -6.000243e-1 3.47269168e-1 3.47269168e-1
-1.53334e0 -6.000243e-1 3.98759866e-1 3.98759866e-1
-1.488896e0 -6.000243e-1 4.5608921e-1 4.5608921e-1
-1.444452e0 -6.000243e-1 5.19600629e-1 5.19600629e-1
-1.4000081e0 -6.000243e-1 5.89619238e-1 5.89619238e-1
-1.3555641e0 -6.000243e-1 6.6614723e-1 6.6614723e-1
-1.31112e0 -6.000243e-1 7.5021068e-1 7.5021068e-1
-1.266676e0 -6.000243e-1 8.4141371e-1 8.4141371e-1
-1.222232e0 -6.000243e-1 9.3981766e-1 9.3981766e-1
-1.177788e0 -6.000243e-1 1.04548203e0 1.04548203e0
-1.133344e0 -6.000243e-1 1.158947e0 1.158947e0
-1.0889e0 -6.000243e-1 1.27895186e0 1.27895186e0
-1.044456e0 -6.000243e-1 1.4060972e0 1.4060972e0
-1.000012e0 -6.000243e-1 1.53996185e0 1.53996185e0
-9.55568e-1 -6.000243e-1 1.67976762e0 1.67976762e0
-9.11124e-1 -6.000243e-1 1.82509424e0 1.82509424e0
-8.6668e-1 -6.000243e-1 1.9751598e0 1.9751598e0
-8.22236e-1 -6.000243e-1 2.12930606e0 2.12930606e0
-7.77792e-1 -6.000243e-1 2.28597285e0 2.28597285e0
-7.33348e-1 -6.000243e-1 2.44503844e0 2.44503844e0
-6.88904e-1 -6.000243e-1 2.60470554e0 2.60470554e0
-6.4446e-1 -6.000243e-1 2.7637116e0 2.7637116e0
-6.00016e-1 -6.000243e-1 2.92103851e0 2.92103851e0
-5.55572e-1 -6.000243e-1 3.07518475e0 3.07518475e0
-5.11128e-1 -6.000243e-1 3.22405003e0 3.22405003e0
-4.66684e-1 -6.000243e-1 3.36751622e0 3.36751622e0
-4.2224e-1 -6.000243e-1 3.50312137e0 3.50312137e0
-3.77796e-1 -6.000243e-1 3.62972653e0 3.62972653e0
-3.33352e-1 -6.000243e-1 3.74685193e0 3.74685193e0
-2.88908e-1 -6.000243e-1 3.85185619e0 3.85185619e0
-2.44464e-1 -6.000243e-1 3.9442595e0 3.9442595e0
-2.0002e-1 -6.000243e-1 4.02292297e0 4.02292297e0
-1.55576e-1 -6.000243e-1 4.08652539e0 4.08652539e0
-1.11132e-1 -6.000243e-1 4.1356674e0 4.1356674e0
-6.6688e-2 -6.000243e-1 4.16812874e0 4.16812874e0
-2.2244e-2 -6.000243e-1 4.18492934e0 4.18492934e0
2.22e-2 -6.000243e-1 4.18492934e0 4.18492934e0
6.6644e-2 -6.000243e-1 4.16812874e0 4.16812874e0
1.11088e-1 -6.000243e-1 4.1356674e0 4.1356674e0
1.55532e-1 -6.000243e-1 4.08652539e0 4.08652539e0
1.99976e-1 -6.000243e-1 4.02292297e0 4.02292297e0
2.4442e-1 -6.000243e-1 3.9442595e0 3.9442595e0
2.88864e-1 -6.000243e-1 3.85185619e0 3.85185619e0
3.33308e-1 -6.000243e-1 3.74685193e0 3.74685193e0
3.77752e-1 -6.000243e-1 3.62972653e0 3.62972653e0
4.22196e-1 -6.000243e-1 3.50312137e0 3.50312137e0
4.6664e-1 -6.000243e-1 3.36751622e0 3.36751622e0
5.11084e-1 -6.000243e-1 3.22471016e0 3.22471016e0
5.55528e-1 -6.000243e-1 3.07518475e0 3.07518475e0
5.999721e-1 -6.000243e-1 2.92103851e0 2.92103851e0
6.44416e-1 -6.000243e-1 2.7637116e0 2.7637116e0
6.8886e-1 -6.000243e-1 2.60470554e0 2.60470554e0
7.33304e-1 -6.000243e-1 2.44503844e0 2.44503844e0
7.77748e-1 -6.000243e-1 2.28663206e0 2.28663206e0
8.221921e-1 -6.000243e-1 2.12930606e0 2.12930606e0
8.66636e-1 -6.000243e-1 1.9757e0 1.9757e0
9.1108e-1 -6.000243e-1 1.8256335e0 1.8256335e0
9.55524e-1 -6.000243e-1 1.67976762e0 1.67976762e0
9.99968e-1 -6.000243e-1 1.53996185e0 1.53996185e0
1.0444121e0 -6.000243e-1 1.4060972e0 1.4060972e0
1.088856e0 -6.000243e-1 1.27895186e0 1.27895186e0
1.1333e0 -6.000243e-1 1.158947e0 1.158947e0
1.177744e0 -6.000243e-1 1.04548203e0 1.04548203e0
1.222188e0 -6.000243e-1 9.3981766e-1 9.3981766e-1
1.2666321e0 -6.000243e-1 8.4141371e-1 8.4141371e-1
1.311076e0 -6.000243e-1 7.5021068e-1 7.5021068e-1
1.35552e0 -6.000243e-1 6.6614723e-1 6.6614723e-1
1.399964e0 -6.000243e-1 5.89689096e-1 5.89689096e-1
1.444408e0 -6.000243e-1 5.19670761e-1 5.19670761e-1
1.4888521e0 -6.000243e-1 4.56149547e-1 4.56149547e-1
1.533296e0 -6.000243e-1 3.98815808e-1 3.98815808e-1
1.57774e0 -6.000243e-1 3.47317601e-1 3.47317601e-1
1.622184e0 -6.000243e-1 3.01271031e-1 3.01271031e-1
1.666628e0 -6.000243e-1 2.60301906e-1 2.60301906e-1
1.7110721e0 -6.000243e-1 2.24018091e-1 2.24018091e-1
1.755516e0 -6.000243e-1 1.92032025e-1 1.92032025e-1
1.79996e0 -6.000243e-1 1.63962836e-1 1.63962836e-1
1.844404e0 -6.000243e-1 1.39442558e-1 1.39442558e-1
1.888848e0 -6.000243e-1 1.18123642e-1 1.18123642e-1
1.9332921e0 -6.000243e-1 9.9670625e-2 9.9670625e-2
1.977736e0 -6.000243e-1 8.3766814e-2 8.3766814e-2
2.02218e0 -6.000243e-1 7.0124448e-2 7.0124448e-2
2.066624e0 -6.000243e-1 5.84727011e-2 5.84727011e-2
2.111068e0 -6.000243e-1 4.85643904e-2 4.85643904e-2
2.1555121e0 -6.000243e-1 4.01759256e-2 4.01759256e-2
2.199956e0 -6.000243e-1 3.31053973e-2 3.31053973e-2

-2.2e0 -5.636613e-1 3.24368114e-2 3.24368114e-2
-2.155556e0 -5.636613e-1 3.93645753e-2 3.93645753e-2
-2.111112e0 -5.636613e-1 4.75842468e-2 4.75842468e-2
-2.0666681e0 -5.636613e-1 5.7291321e-2 5.7291321e-2
-2.0222241e0 -5.636613e-1 6.8709729e-2 6.8709729e-2
-1.97778e0 -5.636613e-1 8.2078539e-2 8.2078539e-2
-1.933336e0 -5.636613e-1 9.7660245e-2 9.7660245e-2
-1.888892e0 -5.636613e-1 1.15745212e-1 1.15745212e-1
-1.8444481e0 -5.636613e-1 1.36631627e-1 1.36631627e-1
-1.8000041e0 -5.636613e-1 1.60658362e-1 1.60658362e-1
-1.75556e0 -5.636613e-1 1.88161967e-1 1.88161967e-1
-1.711116e0 -5.636613e-1 2.19504965e-1 2.19504965e-1
-1.666672e0 -5.636613e-1 2.55061145e-1 2.55061145e-1
-1.6222281e0 -5.636613e-1 2.95204384e-1 2.95204384e-1
-1.5777841e0 -5.636613e-1 3.40321375e-1 3.40321375e-1
-1.53334e0 -5.636613e-1 3.90784787e-1 3.90784787e-1
-1.488896e0 -5.636613e-1 4.46964801e-1 4.46964801e-1
-1.444452e0 -5.636613e-1 5.09205876e-1 5.09205876e-1
-1.4000081e0 -5.636613e-1 5.7786554e-1 5.7786554e-1
-1.3555641e0 -5.636613e-1 6.5277583e-1 6.5277583e-1
-1.31112e0 -5.636613e-1 7.3512753e-1 7.3512753e-1
-1.266676e0 -5.636613e-1 8.2418527e-1 8.2418527e-1
-1.222232e0 -5.636613e-1 9.2124777e-1 9.2124777e-1
-1.177788e0 -5.636613e-1 1.024342e0 1.024342e0
-1.133344e0 -5.636613e-1 1.13549602e0 1.13549602e0
-1.0889e0 -5.636613e-1 1.25330103e0 1.25330103e0
-1.044456e0 -5.636613e-1 1.37787056e0 1.37787056e0
-1.000012e0 -5.636613e-1 1.50925967e0 1.50925967e0
-9.55568e-1 -5.636613e-1 1.64628572e0 1.64628572e0
-9.11124e-1 -5.636613e-1 1.78889198e0 1.78889198e0
-8.6668e-1 -5.636613e-1 1.93606439e0 1.93606439e0
-8.22236e-1 -5.636613e-1 2.08656187e0 2.08656187e0
-7.77792e-1 -5.636613e-1 2.24049709e0 2.24049709e0
-7.33348e-1 -5.636613e-1 2.39612407e0 2.39612407e0
-6.88904e-1 -5.636613e-1 2.55282185e0 2.55282185e0
-6.4446e-1 -5.636613e-1 2.70844884e0 2.70844884e0
-6.00016e-1 -5.636613e-1 2.86232901e0 2.86232901e0
-5.55572e-1 -5.636613e-1 3.0134466e0 3.0134466e0
-5.11128e-1 -5.636613e-1 3.15999803e0 3.15999803e0
-4.66684e-1 -5.636613e-1 3.29984258e0 3.29984258e0
-4.2224e-1 -5.636613e-1 3.43292345e0 3.43292345e0
-3.77796e-1 -5.636613e-1 3.55754889e0 3.55754889e0
-3.33352e-1 -5.636613e-1 3.67140787e0 3.67140787e0
-2.88908e-1 -5.636613e-1 3.774558e0 3.774558e0
-2.44464e-1 -5.636613e-1 3.86536427e0 3.86536427e0
-2.0002e-1 -5.636613e-1 3.94202225e0 3.94202225e0
-1.55576e-1 -5.636613e-1 4.0052088e0 4.0052088e0
-1.11132e-1 -5.636613e-1 4.0531195e0 4.0531195e0
-6.6688e-2 -5.636613e-1 4.08519185e0 4.08519185e0
-2.2244e-2 -5.636613e-1 4.10103107e0 4.10103107e0
2.22e-2 -5.636613e-1 4.10103107e0 4.10103107e0
6.6644e-2 -5.636613e-1 4.08519185e0 4.08519185e0
1.11088e-1 -5.636613e-1 4.0531195e0 4.0531195e0
1.55532e-1 -5.636613e-1 4.0052088e0 4.0052088e0
1.99976e-1 -5.636613e-1 3.9425856e0 3.9425856e0
2.4442e-1 -5.636613e-1 3.86536427e0 3.86536427e0
2.88864e-1 -5.636613e-1 3.774558e0 3.774558e0
3.33308e-1 -5.636613e-1 3.67202798e0 3.67202798e0
3.77752e-1 -5.636613e-1 3.55754889e0 3.55754889e0
4.22196e-1 -5.636613e-1 3.43354271e0 3.43354271e0
4.6664e-1 -5.636613e-1 3.30046269e0 3.30046269e0
5.11084e-1 -5.636613e-1 3.15999803e0 3.15999803e0
5.55528e-1 -5.636613e-1 3.0134466e0 3.0134466e0
5.999721e-1 -5.636613e-1 2.86294913e0 2.86294913e0
6.44416e-1 -5.636613e-1 2.70844884e0 2.70844884e0
6.8886e-1 -5.636613e-1 2.55282185e0 2.55282185e0
7.33304e-1 -5.636613e-1 2.39668828e0 2.39668828e0
7.77748e-1 -5.636613e-1 2.24049709e0 2.24049709e0
8.221921e-1 -5.636613e-1 2.08718199e0 2.08718199e0
8.66636e-1 -5.636613e-1 1.93606439e0 1.93606439e0
9.1108e-1 -5.636613e-1 1.78889198e0 1.78889198e0
9.55524e-1 -5.636613e-1 1.64628572e0 1.64628572e0
9.99968e-1 -5.636613e-1 1.50925967e0 1.50925967e0
1.0444121e0 -5.636613e-1 1.37843391e0 1.37843391e0
1.088856e0 -5.636613e-1 1.25330103e0 1.25330103e0
1.1333e0 -5.636613e-1 1.13549602e0 1.13549602e0
1.177744e0 -5.636613e-1 1.02496211e0 1.02496211e0
1.222188e0 -5.636613e-1 9.2124777e-1 9.2124777e-1
1.2666321e0 -5.636613e-1 8.2480539e-1 8.2480539e-1
1.311076e0 -5.636613e-1 7.3512753e-1 7.3512753e-1
1.35552e0 -5.636613e-1 6.5277583e-1 6.5277583e-1
1.399964e0 -5.636613e-1 5.7786554e-1 5.7786554e-1
1.444408e0 -5.636613e-1 5.0927692e-1 5.0927692e-1
1.4888521e0 -5.636613e-1 4.47027844e-1 4.47027844e-1
1.533296e0 -5.636613e-1 3.90838026e-1 3.90838026e-1
1.57774e0 -5.636613e-1 3.40370398e-1 3.40370398e-1
1.622184e0 -5.636613e-1 2.95245065e-1 2.95245065e-1
1.666628e0 -5.636613e-1 2.55096753e-1 2.55096753e-1
1.7110721e0 -5.636613e-1 2.19537303e-1 2.19537303e-1
1.755516e0 -5.636613e-1 1.88190866e-1 1.88190866e-1
1.79996e0 -5.636613e-1 1.60681929e-1 1.60681929e-1
1.844404e0 -5.636613e-1 1.36654677e-1 1.36654677e-1
1.888848e0 -5.636613e-1 1.15763014e-1 1.15763014e-1
1.9332921e0 -5.636613e-1 9.767693e-2 9.767693e-2
1.977736e0 -5.636613e-1 8.2092299e-2 8.2092299e-2
2.02218e0 -5.636613e-1 6.8722888e-2 6.8722888e-2
2.066624e0 -5.636613e-1 5.7302502e-2 5.7302502e-2
2.111068e0 -5.636613e-1 4.75931485e-2 4.75931485e-2
2.1555121e0 -5.636613e-1 3.93723505e-2 3.93723505e-2
2.199956e0 -5.636613e-1 3.24430641e-2 3.24430641e-2

-2.2e0 -5.272986e-1 3.15723004e-2 3.15723004e-2
-2.155556e0 -5.272986e-1 3.83155365e-2 3.83155365e-2
-2.111112e0 -5.272986e-1 4.63161516e-2 4.63161516e-2
-2.0666681e0 -5.272986e-1 5.5764865e-2 5.5764865e-2
-2.0222241e0 -5.272986e-1 6.6878961e-2 6.6878961e-2
-1.97778e0 -5.272986e-1 7.9889806e-2 7.9889806e-2
-1.933336e0 -5.272986e-1 9.505833e-2 9.505833e-2
-1.888892e0 -5.272986e-1 1.12659302e-1 1.12659302e-1
-1.8444481e0 -5.272986e-1 1.32990019e-1 1.32990019e-1
-1.8000041e0 -5.272986e-1 1.56374814e-1 1.56374814e-1
-1.75556e0 -5.272986e-1 1.83146625e-1 1.83146625e-1
-1.711116e0 -5.272986e-1 2.13654568e-1 2.13654568e-1
-1.666672e0 -5.272986e-1 2.48262482e-1 2.48262482e-1
-1.6222281e0 -5.272986e-1 2.87336533e-1 2.87336533e-1
-1.5777841e0 -5.272986e-1 3.31252388e-1 3.31252388e-1
-1.53334e0 -5.272986e-1 3.80369138e-1 3.80369138e-1
-1.488896e0 -5.272986e-1 4.35051021e-1 4.35051021e-1
-1.444452e0 -5.272986e-1 4.95634036e-1 4.95634036e-1
-1.4000081e0 -5.272986e-1 5.6215277e-1 5.6215277e-1
-1.3555641e0 -5.272986e-1 6.3544725e-1 6.3544725e-1
-1.31112e0 -5.272986e-1 7.1570226e-1 7.1570226e-1
-1.266676e0 -5.272986e-1 8.026539e-1 8.026539e-1
-1.222232e0 -5.272986e-1 8.9656609e-1 8.9656609e-1
-1.177788e0 -5.272986e-1 9.9727951e-1 9.9727951e-1
-1.133344e0 -5.272986e-1 1.10542899e0 1.10542899e0
-1.0889e0 -5.272986e-1 1.21990498e0 1.21990498e0
-1.044456e0 -5.272986e-1 1.3411838e0 1.3411838e0
-1.000012e0 -5.272986e-1 1.46884308e0 1.46884308e0
-9.55568e-1 -5.272986e-1 1.60224956e0 1.60224956e0
-9.11124e-1 -5.272986e-1 1.74098164e0 1.74098164e0
-8.6668e-1 -5.272986e-1 1.88446002e0 1.88446002e0
-8.22236e-1 -5.272986e-1 2.03115436e0 2.03115436e0
-7.77792e-1 -5.272986e-1 2.18085387e0 2.18085387e0
-7.33348e-1 -5.272986e-1 2.33224141e0 2.33224141e0
-6.88904e-1 -5.272986e-1 2.48463066e0 2.48463066e0
-6.4446e-1 -5.272986e-1 2.63659831e0 2.63659831e0
-6.00016e-1 -5.272986e-1 2.78640402e0 2.78640402e0
-5.55572e-1 -5.272986e-1 2.93299297e0 2.93299297e0
-5.11128e-1 -5.272986e-1 3.07541652e0 3.07541652e0
-4.66684e-1 -5.272986e-1 3.21203896e0 3.21203896e0
-4.2224e-1 -5.272986e-1 3.34170166e0 3.34170166e0
-3.77796e-1 -5.272986e-1 3.46250578e0 3.46250578e0
-3.33352e-1 -5.272986e-1 3.57381892e0 3.57381892e0
-2.88908e-1 -5.272986e-1 3.67400534e0 3.67400534e0
-2.44464e-1 -5.272986e-1 3.7621172e0 3.7621172e0
-2.0002e-1 -5.272986e-1 3.83704662e0 3.83704662e0
-1.55576e-1 -5.272986e-1 3.89816034e0 3.89816034e0
-1.11132e-1 -5.272986e-1 3.94461517e0 3.94461517e0
-6.6688e-2 -5.272986e-1 3.9762003e0 3.9762003e0
-2.2244e-2 -5.272986e-1 3.99207172e0 3.99207172e0
2.22e-2 -5.272986e-1 3.99207172e0 3.99207172e0
6.6644e-2 -5.272986e-1 3.9762003e0 3.9762003e0
1.11088e-1 -5.272986e-1 3.94461517e0 3.94461517e0
1.55532e-1 -5.272986e-1 3.89816034e0 3.89816034e0
1.99976e-1 -5.272986e-1 3.83704662e0 3.83704662e0
2.4442e-1 -5.272986e-1 3.7621172e0 3.7621172e0
2.88864e-1 -5.272986e-1 3.67400534e0 3.67400534e0
3.33308e-1 -5.272986e-1 3.57381892e0 3.57381892e0
3.77752e-1 -5.272986e-1 3.46250578e0 3.46250578e0
4.22196e-1 -5.272986e-1 3.34170166e0 3.34170166e0
4.6664e-1 -5.272986e-1 3.21251367e0 3.21251367e0
5.11084e-1 -5.272986e-1 3.07589043e0 3.07589043e0
5.55528e-1 -5.272986e-1 2.93346768e0 2.93346768e0
5.999721e-1 -5.272986e-1 2.78640402e0 2.78640402e0
6.44416e-1 -5.272986e-1 2.63659831e0 2.63659831e0
6.8886e-1 -5.272986e-1 2.48463066e0 2.48463066e0
7.33304e-1 -5.272986e-1 2.33276921e0 2.33276921e0
7.77748e-1 -5.272986e-1 2.18085387e0 2.18085387e0
8.221921e-1 -5.272986e-1 2.03115436e0 2.03115436e0
8.66636e-1 -5.272986e-1 1.88446002e0 1.88446002e0
9.1108e-1 -5.272986e-1 1.74098164e0 1.74098164e0
9.55524e-1 -5.272986e-1 1.60282967e0 1.60282967e0
9.99968e-1 -5.272986e-1 1.46937009e0 1.46937009e0
1.0444121e0 -5.272986e-1 1.34176393e0 1.34176393e0
1.088856e0 -5.272986e-1 1.21990498e0 1.21990498e0
1.1333e0 -5.272986e-1 1.10542899e0 1.10542899e0
1.177744e0 -5.272986e-1 9.9727951e-1 9.9727951e-1
1.222188e0 -5.272986e-1 8.9656609e-1 8.9656609e-1
1.2666321e0 -5.272986e-1 8.026539e-1 8.026539e-1
1.311076e0 -5.272986e-1 7.1570226e-1 7.1570226e-1
1.35552e0 -5.272986e-1 6.3544725e-1 6.3544725e-1
1.399964e0 -5.272986e-1 5.6215277e-1 5.6215277e-1
1.444408e0 -5.272986e-1 4.95702185e-1 4.95702185e-1
1.4888521e0 -5.272986e-1 4.35112813e-1 4.35112813e-1
1.533296e0 -5.272986e-1 3.80420631e-1 3.80420631e-1
1.57774e0 -5.272986e-1 3.31299858e-1 3.31299858e-1
1.622184e0 -5.272986e-1 2.87376118e-1 2.87376118e-1
1.666628e0 -5.272986e-1 2.48297481e-1 2.48297481e-1
1.7110721e0 -5.272986e-1 2.1368627e-1 2.1368627e-1
1.755516e0 -5.272986e-1 1.83172775e-1 1.83172775e-1
1.79996e0 -5.272986e-1 1.56399434e-1 1.56399434e-1
1.844404e0 -5.272986e-1 1.33013835e-1 1.33013835e-1
1.888848e0 -5.272986e-1 1.1267652e-1 1.1267652e-1
1.9332921e0 -5.272986e-1 9.5074503e-2 9.5074503e-2
1.977736e0 -5.272986e-1 7.990469e-2 7.990469e-2
2.02218e0 -5.272986e-1 6.689095e-2 6.689095e-2
2.066624e0 -5.272986e-1 5.5775084e-2 5.5775084e-2
2.111068e0 -5.272986e-1 4.63246722e-2 4.63246722e-2
2.1555121e0 -5.272986e-1 3.83230193e-2 3.83230193e-2
2.199956e0 -5.272986e-1 3.15783911e-2 3.15783911e-2

-2.2e0 -4.909357e-1 3.05035583e-2 3.05035583e-2
-2.155556e0 -4.909357e-1 3.7018981e-2 3.7018981e-2
-2.111112e0 -4.909357e-1 4.4748446e-2 4.4748446e-2
-2.0666681e0 -4.909357e-1 5.3877672e-2 5.3877672e-2
-2.0222241e0 -4.909357e-1 6.4614642e-2 6.4614642e-2
-1.97778e0 -4.909357e-1 7.7186179e-2 7.7186179e-2
-1.933336e0 -4.909357e-1 9.1840312e-2 9.1840312e-2
-1.888892e0 -4.909357e-1 1.08845671e-1 1.08845671e-1
-1.8444481e0 -4.909357e-1 1.28491113e-1 1.28491113e-1
-1.8000041e0 -4.909357e-1 1.51083025e-1 1.51083025e-1
-1.75556e0 -4.909357e-1 1.76947115e-1 1.76947115e-1
-1.711116e0 -4.909357e-1 2.06423856e-1 2.06423856e-1
-1.666672e0 -4.909357e-1 2.39858885e-1 2.39858885e-1
-1.6222281e0 -4.909357e-1 2.77614397e-1 2.77614397e-1
-1.5777841e0 -4.909357e-1 3.20041049e-1 3.20041049e-1
-1.53334e0 -4.909357e-1 3.67499461e-1 3.67499461e-1
-1.488896e0 -4.909357e-1 4.203355e-1 4.203355e-1
-1.444452e0 -4.909357e-1 4.78866933e-1 4.78866933e-1
-1.4000081e0 -4.909357e-1 5.431223e-1 5.431223e-1
-1.3555641e0 -4.909357e-1 6.1425838e-1 6.1425838e-1
-1.31112e0 -4.909357e-1 6.9133563e-1 6.9133563e-1
-1.266676e0 -4.909357e-1 7.7533466e-1 7.7533466e-1
-1.222232e0 -4.909357e-1 8.6620674e-1 8.6620674e-1
-1.177788e0 -4.909357e-1 9.634118e-1 9.634118e-1
-1.133344e0 -4.909357e-1 1.06798134e0 1.06798134e0
-1.0889e0 -4.909357e-1 1.17893327e0 1.17893327e0
-1.044456e0 -4.909357e-1 1.2958736e0 1.2958736e0
-1.000012e0 -4.909357e-1 1.41909892e0 1.41909892e0
-9.55568e-1 -4.909357e-1 1.54826393e0 1.54826393e0
-9.11124e-1 -4.909357e-1 1.68233861e0 1.68233861e0
-8.6668e-1 -4.909357e-1 1.8203401e0 1.8203401e0
-8.22236e-1 -4.909357e-1 1.96222047e0 1.96222047e0
-7.77792e-1 -4.909357e-1 2.1070958e0 2.1070958e0
-7.33348e-1 -4.909357e-1 2.25339441e0 2.25339441e0
-6.88904e-1 -4.909357e-1 2.40072455e0 2.40072455e0
-6.4446e-1 -4.909357e-1 2.54702318e0 2.54702318e0
-6.00016e-1 -4.909357e-1 2.69189848e0 2.69189848e0
-5.55572e-1 -4.909357e-1 2.833877e0 2.833877e0
-5.11128e-1 -4.909357e-1 2.97133914e0 2.97133914e0
-4.66684e-1 -4.909357e-1 3.10340096e0 3.10340096e0
-4.2224e-1 -4.909357e-1 3.22863838e0 3.22863838e0
-3.77796e-1 -4.909357e-1 3.34553001e0 3.34553001e0
-3.33352e-1 -4.909357e-1 3.45309448e0 3.45309448e0
-2.88908e-1 -4.909357e-1 3.54980887e0 3.54980887e0
-2.44464e-1 -4.909357e-1 3.63474052e0 3.63474052e0
-2.0002e-1 -4.909357e-1 3.7073988e0 3.7073988e0
-1.55576e-1 -4.909357e-1 3.76636037e0 3.76636037e0
-1.11132e-1 -4.909357e-1 3.81103569e0 3.81103569e0
-6.6688e-2 -4.909357e-1 3.84152216e0 3.84152216e0
-2.2244e-2 -4.909357e-1 3.85669235e0 3.85669235e0
2.22e-2 -4.909357e-1 3.85669235e0 3.85669235e0
6.6644e-2 -4.909357e-1 3.84152216e0 3.84152216e0
1.11088e-1 -4.909357e-1 3.81152637e0 3.81152637e0
1.55532e-1 -4.909357e-1 3.76636037e0 3.76636037e0
1.99976e-1 -4.909357e-1 3.7073988e0 3.7073988e0
2.4442e-1 -4.909357e-1 3.63474052e0 3.63474052e0
2.88864e-1 -4.909357e-1 3.54980887e0 3.54980887e0
3.33308e-1 -4.909357e-1 3.45309448e0 3.45309448e0
3.77752e-1 -4.909357e-1 3.34553001e0 3.34553001e0
4.22196e-1 -4.909357e-1 3.22863838e0 3.22863838e0
4.6664e-1 -4.909357e-1 3.10340096e0 3.10340096e0
5.11084e-1 -4.909357e-1 2.97133914e0 2.97133914e0
5.55528e-1 -4.909357e-1 2.833877e0 2.833877e0
5.999721e-1 -4.909357e-1 2.69189848e0 2.69189848e0
6.44416e-1 -4.909357e-1 2.54702318e0 2.54702318e0
6.8886e-1 -4.909357e-1 2.40072455e0 2.40072455e0
7.33304e-1 -4.909357e-1 2.25339441e0 2.25339441e0
7.77748e-1 -4.909357e-1 2.1070958e0 2.1070958e0
8.221921e-1 -4.909357e-1 1.96276059e0 1.96276059e0
8.66636e-1 -4.909357e-1 1.82078207e0 1.82078207e0
9.1108e-1 -4.909357e-1 1.68233861e0 1.68233861e0
9.55524e-1 -4.909357e-1 1.54826393e0 1.54826393e0
9.99968e-1 -4.909357e-1 1.41963904e0 1.41963904e0
1.0444121e0 -4.909357e-1 1.29631557e0 1.29631557e0
1.088856e0 -4.909357e-1 1.17893327e0 1.17893327e0
1.1333e0 -4.909357e-1 1.06798134e0 1.06798134e0
1.177744e0 -4.909357e-1 9.6385378e-1 9.6385378e-1
1.222188e0 -4.909357e-1 8.6620674e-1 8.6620674e-1
1.2666321e0 -4.909357e-1 7.7533466e-1 7.7533466e-1
1.311076e0 -4.909357e-1 6.9133563e-1 6.9133563e-1
1.35552e0 -4.909357e-1 6.1425838e-1 6.1425838e-1
1.399964e0 -4.909357e-1 5.4356427e-1 5.4356427e-1
1.444408e0 -4.909357e-1 4.78924838e-1 4.78924838e-1
1.4888521e0 -4.909357e-1 4.20386813e-1 4.20386813e-1
1.533296e0 -4.909357e-1 3.67551375e-1 3.67551375e-1
1.57774e0 -4.909357e-1 3.20084871e-1 3.20084871e-1
1.622184e0 -4.909357e-1 2.77653125e-1 2.77653125e-1
1.666628e0 -4.909357e-1 2.39896115e-1 2.39896115e-1
1.7110721e0 -4.909357e-1 2.06455093e-1 2.06455093e-1
1.755516e0 -4.909357e-1 1.76973483e-1 1.76973483e-1
1.79996e0 -4.909357e-1 1.51106021e-1 1.51106021e-1
1.844404e0 -4.909357e-1 1.28510442e-1 1.28510442e-1
1.888848e0 -4.909357e-1 1.088644e-1 1.088644e-1
1.9332921e0 -4.909357e-1 9.1856044e-2 9.1856044e-2
1.977736e0 -4.909357e-1 7.7200412e-2 7.7200412e-2
2.02218e0 -4.909357e-1 6.4626703e-2 6.4626703e-2
2.066624e0 -4.909357e-1 5.388801e-2 5.388801e-2
2.111068e0 -4.909357e-1 4.4756529e-2 4.4756529e-2
2.1555121e0 -4.909357e-1 3.70257155e-2 3.70257155e-2
2.199956e0 -4.909357e-1 3.0509656e-2 3.0509656e-2

-2.2e0 -4.545728e-1 2.92325114e-2 2.92325114e-2
-2.155556e0 -4.545728e-1 3.54759505e-2 3.54759505e-2
-2.111112e0 -4.545728e-1 4.28838023e-2 4.28838023e-2
-2.0666681e0 -4.545728e-1 5.1632045e-2 5.1632045e-2
-2.0222241e0 -4.545728e-1 6.1921387e-2 6.1921387e-2
-1.97778e0 -4.545728e-1 7.3970035e-2 7.3970035e-2
-1.933336e0 -4.545728e-1 8.8012085e-2 8.8012085e-2
-1.888892e0 -4.545728e-1 1.0430827e-1 1.0430827e-1
-1.8444481e0 -4.545728e-1 1.23134656e-1 1.23134656e-1
-1.8000041e0 -4.545728e-1 1.44785957e-1 1.44785957e-1
-1.75556e0 -4.545728e-1 1.6957195e-1 1.6957195e-1
-1.711116e0 -4.545728e-1 1.97820578e-1 1.97820578e-1
-1.666672e0 -4.545728e-1 2.29861035e-1 2.29861035e-1
-1.6222281e0 -4.545728e-1 2.66042767e-1 2.66042767e-1
-1.5777841e0 -4.545728e-1 3.06701213e-1 3.06701213e-1
-1.53334e0 -4.545728e-1 3.52181308e-1 3.52181308e-1
-1.488896e0 -4.545728e-1 4.02812943e-1 4.02812943e-1
-1.444452e0 -4.545728e-1 4.587546e-1 4.587546e-1
-1.4000081e0 -4.545728e-1 5.2057652e-1 5.2057652e-1
-1.3555641e0 -4.545728e-1 5.883532e-1 5.883532e-1
-1.31112e0 -4.545728e-1 6.6240369e-1 6.6240369e-1
-1.266676e0 -4.545728e-1 7.4295343e-1 7.4295343e-1
-1.222232e0 -4.545728e-1 8.3018623e-1 8.3018623e-1
-1.177788e0 -4.545728e-1 9.2341887e-1 9.2341887e-1
-1.133344e0 -4.545728e-1 1.02342543e0 1.02342543e0
-1.0889e0 -4.545728e-1 1.12984038e0 1.12984038e0
-1.044456e0 -4.545728e-1 1.2421199e0 1.2421199e0
-1.000012e0 -4.545728e-1 1.36039996e0 1.36039996e0
-9.55568e-1 -4.545728e-1 1.48358879e0 1.48358879e0
-9.11124e-1 -4.545728e-1 1.61227875e0 1.61227875e0
-8.6668e-1 -4.545728e-1 1.74460466e0 1.74460466e0
-8.22236e-1 -4.545728e-1 1.88056726e0 1.88056726e0
-7.77792e-1 -4.545728e-1 2.01921208e0 2.01921208e0
-7.33348e-1 -4.545728e-1 2.15972067e0 2.15972067e0
-6.88904e-1 -4.545728e-1 2.3006836e0 2.3006836e0
-6.4446e-1 -4.545728e-1 2.44114641e0 2.44114641e0
-6.00016e-1 -4.545728e-1 2.5798821e0 2.5798821e0
-5.55572e-1 -4.545728e-1 2.7157996e0 2.7157996e0
-5.11128e-1 -4.545728e-1 2.8476712e0 2.8476712e0
-4.66684e-1 -4.545728e-1 2.97404237e0 2.97404237e0
-4.2224e-1 -4.545728e-1 3.09409464e0 3.09409464e0
-3.77796e-1 -4.545728e-1 3.20591985e0 3.20591985e0
-3.33352e-1 -4.545728e-1 3.3086988e0 3.3086988e0
-2.88908e-1 -4.545728e-1 3.40188637e0 3.40188637e0
-2.44464e-1 -4.545728e-1 3.48330037e0 3.48330037e0
-2.0002e-1 -4.545728e-1 3.55289502e0 3.55289502e0
-1.55576e-1 -4.545728e-1 3.6092623e0 3.6092623e0
-1.11132e-1 -4.545728e-1 3.65240149e0 3.65240149e0
-6.6688e-2 -4.545728e-1 3.6815392e0 3.6815392e0
-2.2244e-2 -4.545728e-1 3.69613095e0 3.69613095e0
2.22e-2 -4.545728e-1 3.69613095e0 3.69613095e0
6.6644e-2 -4.545728e-1 3.6815392e0 3.6815392e0
1.11088e-1 -4.545728e-1 3.65240149e0 3.65240149e0
1.55532e-1 -4.545728e-1 3.60967154e0 3.60967154e0
1.99976e-1 -4.545728e-1 3.55289502e0 3.55289502e0
2.4442e-1 -4.545728e-1 3.48330037e0 3.48330037e0
2.88864e-1 -4.545728e-1 3.40188637e0 3.40188637e0
3.33308e-1 -4.545728e-1 3.30915314e0 3.30915314e0
3.77752e-1 -4.545728e-1 3.20591985e0 3.20591985e0
4.22196e-1 -4.545728e-1 3.09409464e0 3.09409464e0
4.6664e-1 -4.545728e-1 2.97404237e0 2.97404237e0
5.11084e-1 -4.545728e-1 2.8476712e0 2.8476712e0
5.55528e-1 -4.545728e-1 2.7157996e0 2.7157996e0
5.999721e-1 -4.545728e-1 2.5798821e0 2.5798821e0
6.44416e-1 -4.545728e-1 2.44114641e0 2.44114641e0
6.8886e-1 -4.545728e-1 2.3006836e0 2.3006836e0
7.33304e-1 -4.545728e-1 2.15972067e0 2.15972067e0
7.77748e-1 -4.545728e-1 2.01921208e0 2.01921208e0
8.221921e-1 -4.545728e-1 1.88097649e0 1.88097649e0
8.66636e-1 -4.545728e-1 1.74460466e0 1.74460466e0
9.1108e-1 -4.545728e-1 1.61227875e0 1.61227875e0
9.55524e-1 -4.545728e-1 1.4840889e0 1.4840889e0
9.99968e-1 -4.545728e-1 1.36039996e0 1.36039996e0
1.0444121e0 -4.545728e-1 1.2421199e0 1.2421199e0
1.088856e0 -4.545728e-1 1.12984038e0 1.12984038e0
1.1333e0 -4.545728e-1 1.02342543e0 1.02342543e0
1.177744e0 -4.545728e-1 9.2341887e-1 9.2341887e-1
1.222188e0 -4.545728e-1 8.3018623e-1 8.3018623e-1
1.2666321e0 -4.545728e-1 7.4295343e-1 7.4295343e-1
1.311076e0 -4.545728e-1 6.629031e-1 6.629031e-1
1.35552e0 -4.545728e-1 5.8876244e-1 5.8876244e-1
1.399964e0 -4.545728e-1 5.2057652e-1 5.2057652e-1
1.444408e0 -4.545728e-1 4.587546e-1 4.587546e-1
1.4888521e0 -4.545728e-1 4.02867114e-1 4.02867114e-1
1.533296e0 -4.545728e-1 3.52229376e-1 3.52229376e-1
1.57774e0 -4.545728e-1 3.06741443e-1 3.06741443e-1
1.622184e0 -4.545728e-1 2.66078421e-1 2.66078421e-1
1.666628e0 -4.545728e-1 2.2989648e-1 2.2989648e-1
1.7110721e0 -4.545728e-1 1.97850612e-1 1.97850612e-1
1.755516e0 -4.545728e-1 1.6959928e-1 1.6959928e-1
1.79996e0 -4.545728e-1 1.44809471e-1 1.44809471e-1
1.844404e0 -4.545728e-1 1.2315581e-1 1.2315581e-1
1.888848e0 -4.545728e-1 1.04326582e-1 1.04326582e-1
1.9332921e0 -4.545728e-1 8.8027205e-2 8.8027205e-2
1.977736e0 -4.545728e-1 7.3982866e-2 7.3982866e-2
2.02218e0 -4.545728e-1 6.1931999e-2 6.1931999e-2
2.066624e0 -4.545728e-1 5.1641826e-2 5.1641826e-2
2.111068e0 -4.545728e-1 4.28906552e-2 4.28906552e-2
2.1555121e0 -4.545728e-1 3.54829283e-2 3.54829283e-2
2.199956e0 -4.545728e-1 2.92379147e-2 2.92379147e-2

-2.2e0 -4.182098e-1 2.776139e-2 2.776139e-2
-2.155556e0 -4.182098e-1 3.36906836e-2 3.36906836e-2
-2.111112e0 -4.182098e-1 4.07249889e-2 4.07249889e-2
-2.0666681e0 -4.182098e-1 4.9033788e-2 4.9033788e-2
-2.0222241e0 -4.182098e-1 5.8805206e-2 5.8805206e-2
-1.97778e0 -4.182098e-1 7.0246822e-2 7.0246822e-2
-1.933336e0 -4.182098e-1 8.358345e-2 8.358345e-2
-1.888892e0 -4.182098e-1 9.905937e-2 9.905937e-2
-1.8444481e0 -4.182098e-1 1.16937114e-1 1.16937114e-1
-1.8000041e0 -4.182098e-1 1.37499182e-1 1.37499182e-1
-1.75556e0 -4.182098e-1 1.61037907e-1 1.61037907e-1
-1.711116e0 -4.182098e-1 1.87864574e-1 1.87864574e-1
-1.666672e0 -4.182098e-1 2.18293845e-1 2.18293845e-1
-1.6222281e0 -4.182098e-1 2.52652895e-1 2.52652895e-1
-1.5777841e0 -4.182098e-1 2.91264302e-1 2.91264302e-1
-1.53334e0 -4.182098e-1 3.34457791e-1 3.34457791e-1
-1.488896e0 -4.182098e-1 3.82539671e-1 3.82539671e-1
-1.444452e0 -4.182098e-1 4.3585817e-1 4.3585817e-1
-1.4000081e0 -4.182098e-1 4.944494e-1 4.944494e-1
-1.3555641e0 -4.182098e-1 5.5881197e-1 5.5881197e-1
-1.31112e0 -4.182098e-1 6.2915514e-1 6.2915514e-1
-1.266676e0 -4.182098e-1 7.056455e-1 7.056455e-1
-1.222232e0 -4.182098e-1 7.8803288e-1 7.8803288e-1
-1.177788e0 -4.182098e-1 8.7719539e-1 8.7719539e-1
-1.133344e0 -4.182098e-1 9.7171057e-1 9.7171057e-1
-1.0889e0 -4.182098e-1 1.0729594e0 1.0729594e0
-1.044456e0 -4.182098e-1 1.1796024e0 1.1796024e0
-1.000012e0 -4.182098e-1 1.29172444e0 1.29172444e0
-9.55568e-1 -4.182098e-1 1.40928343e0 1.40928343e0
-9.11124e-1 -4.182098e-1 1.53094052e0 1.53094052e0
-8.6668e-1 -4.182098e-1 1.65694717e0 1.65694717e0
-8.22236e-1 -4.182098e-1 1.7861745e0 1.7861745e0
-7.77792e-1 -4.182098e-1 1.91749236e0 1.91749236e0
-7.33348e-1 -4.182098e-1 2.050985e0 2.050985e0
-6.88904e-1 -4.182098e-1 2.18481201e0 2.18481201e0
-6.4446e-1 -4.182098e-1 2.31822105e0 2.31822105e0
-6.00016e-1 -4.182098e-1 2.44999838e0 2.44999838e0
-5.55572e-1 -4.182098e-1 2.5788492e0 2.5788492e0
-5.11128e-1 -4.182098e-1 2.70435364e0 2.70435364e0
-4.66684e-1 -4.182098e-1 2.8243803e0 2.8243803e0
-4.2224e-1 -4.182098e-1 2.9381749e0 2.9381749e0
-3.77796e-1 -4.182098e-1 3.04486066e0 3.04486066e0
-3.33352e-1 -4.182098e-1 3.14230298e0 3.14230298e0
-2.88908e-1 -4.182098e-1 3.2305874e0 3.2305874e0
-2.44464e-1 -4.182098e-1 3.30799796e0 3.30799796e0
-2.0002e-1 -4.182098e-1 3.37411667e0 3.37411667e0
-1.55576e-1 -4.182098e-1 3.42764812e0 3.42764812e0
-1.11132e-1 -4.182098e-1 3.46859038e0 3.46859038e0
-6.6688e-2 -4.182098e-1 3.4962345e0 3.4962345e0
-2.2244e-2 -4.182098e-1 3.51003487e0 3.51003487e0
2.22e-2 -4.182098e-1 3.51003487e0 3.51003487e0
6.6644e-2 -4.182098e-1 3.4962345e0 3.4962345e0
1.11088e-1 -4.182098e-1 3.46859038e0 3.46859038e0
1.55532e-1 -4.182098e-1 3.42764812e0 3.42764812e0
1.99976e-1 -4.182098e-1 3.37411667e0 3.37411667e0
2.4442e-1 -4.182098e-1 3.30799796e0 3.30799796e0
2.88864e-1 -4.182098e-1 3.2305874e0 3.2305874e0
3.33308e-1 -4.182098e-1 3.14230298e0 3.14230298e0
3.77752e-1 -4.182098e-1 3.04486066e0 3.04486066e0
4.22196e-1 -4.182098e-1 2.9381749e0 2.9381749e0
4.6664e-1 -4.182098e-1 2.8243803e0 2.8243803e0
5.11084e-1 -4.182098e-1 2.70435364e0 2.70435364e0
5.55528e-1 -4.182098e-1 2.57926718e0 2.57926718e0
5.999721e-1 -4.182098e-1 2.44999838e0 2.44999838e0
6.44416e-1 -4.182098e-1 2.31822105e0 2.31822105e0
6.8886e-1 -4.182098e-1 2.18481201e0 2.18481201e0
7.33304e-1 -4.182098e-1 2.050985e0 2.050985e0
7.77748e-1 -4.182098e-1 1.91791034e0 1.91791034e0
8.221921e-1 -4.182098e-1 1.7861745e0 1.7861745e0
8.66636e-1 -4.182098e-1 1.65694717e0 1.65694717e0
9.1108e-1 -4.182098e-1 1.53094052e0 1.53094052e0
9.55524e-1 -4.182098e-1 1.40928343e0 1.40928343e0
9.99968e-1 -4.182098e-1 1.29172444e0 1.29172444e0
1.0444121e0 -4.182098e-1 1.1796024e0 1.1796024e0
1.088856e0 -4.182098e-1 1.0729594e0 1.0729594e0
1.1333e0 -4.182098e-1 9.7212856e-1 9.7212856e-1
1.177744e0 -4.182098e-1 8.7719539e-1 8.7719539e-1
1.222188e0 -4.182098e-1 7.8849298e-1 7.8849298e-1
1.2666321e0 -4.182098e-1 7.056455e-1 7.056455e-1
1.311076e0 -4.182098e-1 6.29531e-1 6.29531e-1
1.35552e0 -4.182098e-1 5.5881197e-1 5.5881197e-1
1.399964e0 -4.182098e-1 4.944494e-1 4.944494e-1
1.444408e0 -4.182098e-1 4.3585817e-1 4.3585817e-1
1.4888521e0 -4.182098e-1 3.82585681e-1 3.82585681e-1
1.533296e0 -4.182098e-1 3.34503674e-1 3.34503674e-1
1.57774e0 -4.182098e-1 2.91303867e-1 2.91303867e-1
1.622184e0 -4.182098e-1 2.52687482e-1 2.52687482e-1
1.666628e0 -4.182098e-1 2.18327475e-1 2.18327475e-1
1.7110721e0 -4.182098e-1 1.8789412e-1 1.8789412e-1
1.755516e0 -4.182098e-1 1.61064262e-1 1.61064262e-1
1.79996e0 -4.182098e-1 1.37519858e-1 1.37519858e-1
1.844404e0 -4.182098e-1 1.16957535e-1 1.16957535e-1
1.888848e0 -4.182098e-1 9.9076346e-2 9.9076346e-2
1.9332921e0 -4.182098e-1 8.3596786e-2 8.3596786e-2
1.977736e0 -4.182098e-1 7.0259456e-2 7.0259456e-2
2.02218e0 -4.182098e-1 5.8815735e-2 5.8815735e-2
2.066624e0 -4.182098e-1 4.9042659e-2 4.9042659e-2
2.111068e0 -4.182098e-1 4.07324104e-2 4.07324104e-2
2.1555121e0 -4.182098e-1 3.36968672e-2 3.36968672e-2
2.199956e0 -4.182098e-1 2.77664122e-2 2.77664122e-2

-2.2e0 -3.81847e-1 2.60954872e-2 2.60954872e-2
-2.155556e0 -3.81847e-1 3.16694e-2 3.16694e-2
-2.111112e0 -3.81847e-1 3.8281296e-2 3.8281296e-2
-2.0666681e0 -3.81847e-1 4.6091223e-2 4.6091223e-2
-2.0222241e0 -3.81847e-1 5.5277434e-2 5.5277434e-2
-1.97778e0 -3.81847e-1 6.6032318e-2 6.6032318e-2
-1.933336e0 -3.81847e-1 7.8568954e-2 7.8568954e-2
-1.888892e0 -3.81847e-1 9.3116847e-2 9.3116847e-2
-1.8444481e0 -3.81847e-1 1.09920769e-1 1.09920769e-1
-1.8000041e0 -3.81847e-1 1.29250545e-1 1.29250545e-1
-1.75556e0 -3.81847e-1 1.51376587e-1 1.51376587e-1
-1.711116e0 -3.81847e-1 1.76592024e-1 1.76592024e-1
-1.666672e0 -3.81847e-1 2.05198206e-1 2.05198206e-1
-1.6222281e0 -3.81847e-1 2.37494266e-1 2.37494266e-1
-1.5777841e0 -3.81847e-1 2.73791748e-1 2.73791748e-1
-1.53334e0 -3.81847e-1 3.14393166e-1 3.14393166e-1
-1.488896e0 -3.81847e-1 3.59585358e-1 3.59585358e-1
-1.444452e0 -3.81847e-1 4.0941628e-1 4.0941628e-1
-1.4000081e0 -3.81847e-1 4.6478395e-1 4.6478395e-1
-1.3555641e0 -3.81847e-1 5.2549748e-1 5.2549748e-1
-1.31112e0 -3.81847e-1 5.9155742e-1 5.9155742e-1
-1.266676e0 -3.81847e-1 6.6342056e-1 6.6342056e-1
-1.222232e0 -3.81847e-1 7.409739e-1 7.409739e-1
-1.177788e0 -3.81847e-1 8.2421683e-1 8.2421683e-1
-1.133344e0 -3.81847e-1 9.1353043e-1 9.1353043e-1
-1.0889e0 -3.81847e-1 1.00826675e0 1.00826675e0
-1.044456e0 -3.81847e-1 1.10873055e0 1.10873055e0
-1.000012e0 -3.81847e-1 1.21412067e0 1.21412067e0
-9.55568e-1 -3.81847e-1 1.32455074e0 1.32455074e0
-9.11124e-1 -3.81847e-1 1.43910481e0 1.43910481e0
-8.6668e-1 -3.81847e-1 1.55755334e0 1.55755334e0
-8.22236e-1 -3.81847e-1 1.67898096e0 1.67898096e0
-7.77792e-1 -3.81847e-1 1.80269957e0 1.80269957e0
-7.33348e-1 -3.81847e-1 1.9279832e0 1.9279832e0
-6.88904e-1 -3.81847e-1 2.05368748e0 2.05368748e0
-6.4446e-1 -3.81847e-1 2.17893323e0 2.17893323e0
-6.00016e-1 -3.81847e-1 2.30303348e0 2.30303348e0
-5.55572e-1 -3.81847e-1 2.42453685e0 2.42453685e0
-5.11128e-1 -3.81847e-1 2.54218422e0 2.54218422e0
-4.66684e-1 -3.81847e-1 2.65486682e0 2.65486682e0
-4.2224e-1 -3.81847e-1 2.7621663e0 2.7621663e0
-3.77796e-1 -3.81847e-1 2.86186624e0 2.86186624e0
-3.33352e-1 -3.81847e-1 2.95385304e0 2.95385304e0
-2.88908e-1 -3.81847e-1 3.03679066e0 3.03679066e0
-2.44464e-1 -3.81847e-1 3.10972298e0 3.10972298e0
-2.0002e-1 -3.81847e-1 3.17162045e0 3.17162045e0
-1.55576e-1 -3.81847e-1 3.22202452e0 3.22202452e0
-1.11132e-1 -3.81847e-1 3.26059085e0 3.26059085e0
-6.6688e-2 -3.81847e-1 3.28655675e0 3.28655675e0
-2.2244e-2 -3.81847e-1 3.2995394e0 3.2995394e0
2.22e-2 -3.81847e-1 3.2995394e0 3.2995394e0
6.6644e-2 -3.81847e-1 3.28655675e0 3.28655675e0
1.11088e-1 -3.81847e-1 3.26059085e0 3.26059085e0
1.55532e-1 -3.81847e-1 3.22202452e0 3.22202452e0
1.99976e-1 -3.81847e-1 3.17162045e0 3.17162045e0
2.4442e-1 -3.81847e-1 3.10972298e0 3.10972298e0
2.88864e-1 -3.81847e-1 3.03679066e0 3.03679066e0
3.33308e-1 -3.81847e-1 2.95385304e0 2.95385304e0
3.77752e-1 -3.81847e-1 2.86221e0 2.86221e0
4.22196e-1 -3.81847e-1 2.7621663e0 2.7621663e0
4.6664e-1 -3.81847e-1 2.65521059e0 2.65521059e0
5.11084e-1 -3.81847e-1 2.54218422e0 2.54218422e0
5.55528e-1 -3.81847e-1 2.42453685e0 2.42453685e0
5.999721e-1 -3.81847e-1 2.30303348e0 2.30303348e0
6.44416e-1 -3.81847e-1 2.179277e0 2.179277e0
6.8886e-1 -3.81847e-1 2.05368748e0 2.05368748e0
7.33304e-1 -3.81847e-1 1.9279832e0 1.9279832e0
7.77748e-1 -3.81847e-1 1.80269957e0 1.80269957e0
8.221921e-1 -3.81847e-1 1.67898096e0 1.67898096e0
8.66636e-1 -3.81847e-1 1.55755334e0 1.55755334e0
9.1108e-1 -3.81847e-1 1.43910481e0 1.43910481e0
9.55524e-1 -3.81847e-1 1.32455074e0 1.32455074e0
9.99968e-1 -3.81847e-1 1.21454077e0 1.21454077e0
1.0444121e0 -3.81847e-1 1.10873055e0 1.10873055e0
1.088856e0 -3.81847e-1 1.00868684e0 1.00868684e0
1.1333e0 -3.81847e-1 9.1353043e-1 9.1353043e-1
1.177744e0 -3.81847e-1 8.2456001e-1 8.2456001e-1
1.222188e0 -3.81847e-1 7.409739e-1 7.409739e-1
1.2666321e0 -3.81847e-1 6.6342056e-1 6.6342056e-1
1.311076e0 -3.81847e-1 5.9155742e-1 5.9155742e-1
1.35552e0 -3.81847e-1 5.2549748e-1 5.2549748e-1
1.399964e0 -3.81847e-1 4.6478395e-1 4.6478395e-1
1.444408e0 -3.81847e-1 4.0979791e-1 4.0979791e-1
1.4888521e0 -3.81847e-1 3.59637271e-1 3.59637271e-1
1.533296e0 -3.81847e-1 3.14431096e-1 3.14431096e-1
1.57774e0 -3.81847e-1 2.73829329e-1 2.73829329e-1
1.622184e0 -3.81847e-1 2.37525963e-1 2.37525963e-1
1.666628e0 -3.81847e-1 2.05227397e-1 2.05227397e-1
1.7110721e0 -3.81847e-1 1.76618593e-1 1.76618593e-1
1.755516e0 -3.81847e-1 1.51399718e-1 1.51399718e-1
1.79996e0 -3.81847e-1 1.2927123e-1 1.2927123e-1
1.844404e0 -3.81847e-1 1.09940462e-1 1.09940462e-1
1.888848e0 -3.81847e-1 9.3131879e-2 9.3131879e-2
1.9332921e0 -3.81847e-1 7.8582413e-2 7.8582413e-2
1.977736e0 -3.81847e-1 6.6044147e-2 6.6044147e-2
2.02218e0 -3.81847e-1 5.5287572e-2 5.5287572e-2
2.066624e0 -3.81847e-1 4.6099905e-2 4.6099905e-2
2.111068e0 -3.81847e-1 3.8287938e-2 3.8287938e-2
2.1555121e0 -3.81847e-1 3.1675279e-2 3.1675279e-2
2.199956e0 -3.81847e-1 2.61007195e-2 2.61007195e-2

-2.2e0 -3.45484e-1 2.42432553e-2 2.42432553e-2
-2.155556e0 -3.45484e-1 2.94214615e-2 2.94214615e-2
-2.111112e0 -3.45484e-1 3.556367e-2 3.556367e-2
-2.0666681e0 -3.45484e-1 4.2820543e-2 4.2820543e-2
-2.0222241e0 -3.45484e-1 5.1353369e-2 5.1353369e-2
-1.97778e0 -3.45484e-1 6.1344972e-2 6.1344972e-2
-1.933336e0 -3.45484e-1 7.2991983e-2 7.2991983e-2
-1.888892e0 -3.45484e-1 8.65068e-2 8.65068e-2
-1.8444481e0 -3.45484e-1 1.02120319e-1 1.02120319e-1
-1.8000041e0 -3.45484e-1 1.20075989e-1 1.20075989e-1
-1.75556e0 -3.45484e-1 1.40632065e-1 1.40632065e-1
-1.711116e0 -3.45484e-1 1.64059303e-1 1.64059303e-1
-1.666672e0 -3.45484e-1 1.90633727e-1 1.90633727e-1
-1.6222281e0 -3.45484e-1 2.20638214e-1 2.20638214e-1
-1.5777841e0 -3.45484e-1 2.54358119e-1 2.54358119e-1
-1.53334e0 -3.45484e-1 2.92076637e-1 2.92076637e-1
-1.488896e0 -3.45484e-1 3.3406584e-1 3.3406584e-1
-1.444452e0 -3.45484e-1 3.8044676e-1 3.8044676e-1
-1.4000081e0 -3.45484e-1 4.3195886e-1 4.3195886e-1
-1.3555641e0 -3.45484e-1 4.8827238e-1 4.8827238e-1
-1.31112e0 -3.45484e-1 5.494232e-1 5.494232e-1
-1.266676e0 -3.45484e-1 6.1610136e-1 6.1610136e-1
-1.222232e0 -3.45484e-1 6.8830792e-1 6.8830792e-1
-1.177788e0 -3.45484e-1 7.6576506e-1 7.6576506e-1
-1.133344e0 -3.45484e-1 8.4868155e-1 8.4868155e-1
-1.0889e0 -3.45484e-1 9.3681433e-1 9.3681433e-1
-1.044456e0 -3.45484e-1 1.03009491e0 1.03009491e0
-1.000012e0 -3.45484e-1 1.127936e0 1.127936e0
-9.55568e-1 -3.45484e-1 1.23057959e0 1.23057959e0
-9.11124e-1 -3.45484e-1 1.337023e0 1.337023e0
-8.6668e-1 -3.45484e-1 1.44688719e0 1.44688719e0
-8.22236e-1 -3.45484e-1 1.55986008e0 1.55986008e0
-7.77792e-1 -3.45484e-1 1.67459529e0 1.67459529e0
-7.33348e-1 -3.45484e-1 1.79105803e0 1.79105803e0
-6.88904e-1 -3.45484e-1 1.90786658e0 1.90786658e0
-6.4446e-1 -3.45484e-1 2.0243288e0 2.0243288e0
-6.00016e-1 -3.45484e-1 2.13940982e0 2.13940982e0
-5.55572e-1 -3.45484e-1 2.25238324e0 2.25238324e0
-5.11128e-1 -3.45484e-1 2.36159058e0 2.36159058e0
-4.66684e-1 -3.45484e-1 2.4666175e0 2.4666175e0
-4.2224e-1 -3.45484e-1 2.56584082e0 2.56584082e0
-3.77796e-1 -3.45484e-1 2.65877557e0 2.65877557e0
-3.33352e-1 -3.45484e-1 2.74411017e0 2.74411017e0
-2.88908e-1 -3.45484e-1 2.82118774e0 2.82118774e0
-2.44464e-1 -3.45484e-1 2.8889371e0 2.8889371e0
-2.0002e-1 -3.45484e-1 2.94663287e0 2.94663287e0
-1.55576e-1 -3.45484e-1 2.99330821e0 2.99330821e0
-1.11132e-1 -3.45484e-1 3.02920352e0 3.02920352e0
-6.6688e-2 -3.45484e-1 3.0530768e0 3.0530768e0
-2.2244e-2 -3.45484e-1 3.06513416e0 3.06513416e0
2.22e-2 -3.45484e-1 3.06513416e0 3.06513416e0
6.6644e-2 -3.45484e-1 3.0530768e0 3.0530768e0
1.11088e-1 -3.45484e-1 3.02920352e0 3.02920352e0
1.55532e-1 -3.45484e-1 2.99330821e0 2.99330821e0
1.99976e-1 -3.45484e-1 2.94663287e0 2.94663287e0
2.4442e-1 -3.45484e-1 2.8889371e0 2.8889371e0
2.88864e-1 -3.45484e-1 2.82118774e0 2.82118774e0
3.33308e-1 -3.45484e-1 2.74411017e0 2.74411017e0
3.77752e-1 -3.45484e-1 2.65877557e0 2.65877557e0
4.22196e-1 -3.45484e-1 2.56615132e0 2.56615132e0
4.6664e-1 -3.45484e-1 2.4666175e0 2.4666175e0
5.11084e-1 -3.45484e-1 2.36159058e0 2.36159058e0
5.55528e-1 -3.45484e-1 2.25238324e0 2.25238324e0
5.999721e-1 -3.45484e-1 2.13972086e0 2.13972086e0
6.44416e-1 -3.45484e-1 2.02463982e0 2.02463982e0
6.8886e-1 -3.45484e-1 1.90786658e0 1.90786658e0
7.33304e-1 -3.45484e-1 1.79105803e0 1.79105803e0
7.77748e-1 -3.45484e-1 1.67459529e0 1.67459529e0
8.221921e-1 -3.45484e-1 1.55986008e0 1.55986008e0
8.66636e-1 -3.45484e-1 1.44688719e0 1.44688719e0
9.1108e-1 -3.45484e-1 1.337023e0 1.337023e0
9.55524e-1 -3.45484e-1 1.23057959e0 1.23057959e0
9.99968e-1 -3.45484e-1 1.12824704e0 1.12824704e0
1.0444121e0 -3.45484e-1 1.03009491e0 1.03009491e0
1.088856e0 -3.45484e-1 9.3681433e-1 9.3681433e-1
1.1333e0 -3.45484e-1 8.4868155e-1 8.4868155e-1
1.177744e0 -3.45484e-1 7.660761e-1 7.660761e-1
1.222188e0 -3.45484e-1 6.8830792e-1 6.8830792e-1
1.2666321e0 -3.45484e-1 6.1648146e-1 6.1648146e-1
1.311076e0 -3.45484e-1 5.494232e-1 5.494232e-1
1.35552e0 -3.45484e-1 4.8827238e-1 4.8827238e-1
1.399964e0 -3.45484e-1 4.3195886e-1 4.3195886e-1
1.444408e0 -3.45484e-1 3.8044676e-1 3.8044676e-1
1.4888521e0 -3.45484e-1 3.34105957e-1 3.34105957e-1
1.533296e0 -3.45484e-1 2.92116228e-1 2.92116228e-1
1.57774e0 -3.45484e-1 2.54391963e-1 2.54391963e-1
1.622184e0 -3.45484e-1 2.20669054e-1 2.20669054e-1
1.666628e0 -3.45484e-1 1.90661246e-1 1.90661246e-1
1.7110721e0 -3.45484e-1 1.64084924e-1 1.64084924e-1
1.755516e0 -3.45484e-1 1.40653152e-1 1.40653152e-1
1.79996e0 -3.45484e-1 1.2009386e-1 1.2009386e-1
1.844404e0 -3.45484e-1 1.02134921e-1 1.02134921e-1
1.888848e0 -3.45484e-1 8.6521455e-2 8.6521455e-2
1.9332921e0 -3.45484e-1 7.3003633e-2 7.3003633e-2
1.977736e0 -3.45484e-1 6.1356728e-2 6.1356728e-2
2.02218e0 -3.45484e-1 5.1363385e-2 5.1363385e-2
2.066624e0 -3.45484e-1 4.2828555e-2 4.2828555e-2
2.111068e0 -3.45484e-1 3.5570102e-2 3.5570102e-2
2.1555121e0 -3.45484e-1 2.94269019e-2 2.94269019e-2
2.199956e0 -3.45484e-1 2.4248021e-2 2.4248021e-2

-2.2e0 -3.091211e-1 2.22139088e-2 2.22139088e-2
-2.155556e0 -3.091211e-1 2.69589479e-2 2.69589479e-2
-2.111112e0 -3.091211e-1 3.2587285e-2 3.2587285e-2
-2.0666681e0 -3.091211e-1 3.9236624e-2 3.9236624e-2
-2.0222241e0 -3.091211e-1 4.7054979e-2 4.7054979e-2
-1.97778e0 -3.091211e-1 5.621088e-2 5.621088e-2
-1.933336e0 -3.091211e-1 6.6882953e-2 6.6882953e-2
-1.888892e0 -3.091211e-1 7.9266476e-2 7.9266476e-2
-1.8444481e0 -3.091211e-1 9.3572713e-2 9.3572713e-2
-1.8000041e0 -3.091211e-1 1.100251e-1 1.100251e-1
-1.75556e0 -3.091211e-1 1.28861176e-1 1.28861176e-1
-1.711116e0 -3.091211e-1 1.5032815e-1 1.5032815e-1
-1.666672e0 -3.091211e-1 1.74676718e-1 1.74676718e-1
-1.6222281e0 -3.091211e-1 2.02172157e-1 2.02172157e-1
-1.5777841e0 -3.091211e-1 2.33068889e-1 2.33068889e-1
-1.53334e0 -3.091211e-1 2.67630869e-1 2.67630869e-1
-1.488896e0 -3.091211e-1 3.06106152e-1 3.06106152e-1
-1.444452e0 -3.091211e-1 3.4875034e-1 3.4875034e-1
-1.4000081e0 -3.091211e-1 3.9573688e-1 3.9573688e-1
-1.3555641e0 -3.091211e-1 4.4739117e-1 4.4739117e-1
-1.31112e0 -3.091211e-1 5.0365097e-1 5.0365097e-1
-1.266676e0 -3.091211e-1 5.6454787e-1 5.6454787e-1
-1.222232e0 -3.091211e-1 6.3073088e-1 6.3073088e-1
-1.177788e0 -3.091211e-1 7.018595e-1 7.018595e-1
-1.133344e0 -3.091211e-1 7.776252e-1 7.776252e-1
-1.0889e0 -3.091211e-1 8.5830582e-1 8.5830582e-1
-1.044456e0 -3.091211e-1 9.4396315e-1 9.4396315e-1
-1.000012e0 -3.091211e-1 1.03360808e0 1.03360808e0
-9.55568e-1 -3.091211e-1 1.12761182e0 1.12761182e0
-9.11124e-1 -3.091211e-1 1.2250159e0 1.2250159e0
-8.6668e-1 -3.091211e-1 1.32582034e0 1.32582034e0
-8.22236e-1 -3.091211e-1 1.42909781e0 1.42909781e0
-7.77792e-1 -3.091211e-1 1.53450821e0 1.53450821e0
-7.33348e-1 -3.091211e-1 1.64115489e0 1.64115489e0
-6.88904e-1 -3.091211e-1 1.74820345e0 1.74820345e0
-6.4446e-1 -3.091211e-1 1.85485013e0 1.85485013e0
-6.00016e-1 -3.091211e-1 1.96060062e0 1.96060062e0
-5.55572e-1 -3.091211e-1 2.06384695e0 2.06384695e0
-5.11128e-1 -3.091211e-1 2.16403302e0 2.16403302e0
-4.66684e-1 -3.091211e-1 2.26020084e0 2.26020084e0
-4.2224e-1 -3.091211e-1 2.3510825e0 2.3510825e0
-3.77796e-1 -3.091211e-1 2.43643042e0 2.43643042e0
-3.33352e-1 -3.091211e-1 2.51466914e0 2.51466914e0
-2.88908e-1 -3.091211e-1 2.58514871e0 2.58514871e0
-2.44464e-1 -3.091211e-1 2.64703473e0 2.64703473e0
-2.0002e-1 -3.091211e-1 2.69986351e0 2.69986351e0
-1.55576e-1 -3.091211e-1 2.74286246e0 2.74286246e0
-1.11132e-1 -3.091211e-1 2.77559808e0 2.77559808e0
-6.6688e-2 -3.091211e-1 2.79757703e0 2.79757703e0
-2.2244e-2 -3.091211e-1 2.80873605e0 2.80873605e0
2.22e-2 -3.091211e-1 2.80873605e0 2.80873605e0
6.6644e-2 -3.091211e-1 2.79757703e0 2.79757703e0
1.11088e-1 -3.091211e-1 2.77559808e0 2.77559808e0
1.55532e-1 -3.091211e-1 2.74286246e0 2.74286246e0
1.99976e-1 -3.091211e-1 2.69986351e0 2.69986351e0
2.4442e-1 -3.091211e-1 2.64703473e0 2.64703473e0
2.88864e-1 -3.091211e-1 2.58514871e0 2.58514871e0
3.33308e-1 -3.091211e-1 2.51466914e0 2.51466914e0
3.77752e-1 -3.091211e-1 2.43643042e0 2.43643042e0
4.22196e-1 -3.091211e-1 2.35142212e0 2.35142212e0
4.6664e-1 -3.091211e-1 2.26020084e0 2.26020084e0
5.11084e-1 -3.091211e-1 2.16403302e0 2.16403302e0
5.55528e-1 -3.091211e-1 2.06384695e0 2.06384695e0
5.999721e-1 -3.091211e-1 1.96060062e0 1.96060062e0
6.44416e-1 -3.091211e-1 1.85515956e0 1.85515956e0
6.8886e-1 -3.091211e-1 1.74848175e0 1.74848175e0
7.33304e-1 -3.091211e-1 1.64115489e0 1.64115489e0
7.77748e-1 -3.091211e-1 1.53450821e0 1.53450821e0
8.221921e-1 -3.091211e-1 1.4293761e0 1.4293761e0
8.66636e-1 -3.091211e-1 1.32582034e0 1.32582034e0
9.1108e-1 -3.091211e-1 1.2250159e0 1.2250159e0
9.55524e-1 -3.091211e-1 1.12761182e0 1.12761182e0
9.99968e-1 -3.091211e-1 1.03360808e0 1.03360808e0
1.0444121e0 -3.091211e-1 9.4396315e-1 9.4396315e-1
1.088856e0 -3.091211e-1 8.5861478e-1 8.5861478e-1
1.1333e0 -3.091211e-1 7.7790302e-1 7.7790302e-1
1.177744e0 -3.091211e-1 7.018595e-1 7.018595e-1
1.222188e0 -3.091211e-1 6.3073088e-1 6.3073088e-1
1.2666321e0 -3.091211e-1 5.6488794e-1 5.6488794e-1
1.311076e0 -3.091211e-1 5.0365097e-1 5.0365097e-1
1.35552e0 -3.091211e-1 4.4739117e-1 4.4739117e-1
1.399964e0 -3.091211e-1 3.9573688e-1 3.9573688e-1
1.444408e0 -3.091211e-1 3.4875034e-1 3.4875034e-1
1.4888521e0 -3.091211e-1 3.0614318e-1 3.0614318e-1
1.533296e0 -3.091211e-1 2.67667e-1 2.67667e-1
1.57774e0 -3.091211e-1 2.33099643e-1 2.33099643e-1
1.622184e0 -3.091211e-1 2.02198854e-1 2.02198854e-1
1.666628e0 -3.091211e-1 1.74704076e-1 1.74704076e-1
1.7110721e0 -3.091211e-1 1.50351733e-1 1.50351733e-1
1.755516e0 -3.091211e-1 1.28881459e-1 1.28881459e-1
1.79996e0 -3.091211e-1 1.10042363e-1 1.10042363e-1
1.844404e0 -3.091211e-1 9.3586957e-2 9.3586957e-2
1.888848e0 -3.091211e-1 7.9280296e-2 7.9280296e-2
1.9332921e0 -3.091211e-1 6.6893849e-2 6.6893849e-2
1.977736e0 -3.091211e-1 5.622102e-2 5.622102e-2
2.02218e0 -3.091211e-1 4.7063751e-2 4.7063751e-2
2.066624e0 -3.091211e-1 3.9243416e-2 3.9243416e-2
2.111068e0 -3.091211e-1 3.2593181e-2 3.2593181e-2
2.1555121e0 -3.091211e-1 2.69638628e-2 2.69638628e-2
2.199956e0 -3.091211e-1 2.22184795e-2 2.22184795e-2

-2.2e0 -2.727582e-1 2.00202489e-2 2.00202489e-2
-2.155556e0 -2.727582e-1 2.42964417e-2 2.42964417e-2
-2.111112e0 -2.727582e-1 2.9368991e-2 2.9368991e-2
-2.0666681e0 -2.727582e-1 3.5360922e-2 3.5360922e-2
-2.0222241e0 -2.727582e-1 4.2408327e-2 4.2408327e-2
-1.97778e0 -2.727582e-1 5.0659286e-2 5.0659286e-2
-1.933336e0 -2.727582e-1 6.0277576e-2 6.0277576e-2
-1.888892e0 -2.727582e-1 7.143812e-2 7.143812e-2
-1.8444481e0 -2.727582e-1 8.4330081e-2 8.4330081e-2
-1.8000041e0 -2.727582e-1 9.9158977e-2 9.9158977e-2
-1.75556e0 -2.727582e-1 1.16134444e-1 1.16134444e-1
-1.711116e0 -2.727582e-1 1.35480064e-1 1.35480064e-1
-1.666672e0 -2.727582e-1 1.57425743e-1 1.57425743e-1
-1.6222281e0 -2.727582e-1 1.82202513e-1 1.82202513e-1
-1.5777841e0 -2.727582e-1 2.10049477e-1 2.10049477e-1
-1.53334e0 -2.727582e-1 2.41198705e-1 2.41198705e-1
-1.488896e0 -2.727582e-1 2.7581305e-1 2.7581305e-1
-1.444452e0 -2.727582e-1 3.1427205e-1 3.1427205e-1
-1.4000081e0 -2.727582e-1 3.5654965e-1 3.5654965e-1
-1.3555641e0 -2.727582e-1 4.0291846e-1 4.0291846e-1
-1.31112e0 -2.727582e-1 4.5370602e-1 4.5370602e-1
-1.266676e0 -2.727582e-1 5.0880328e-1 5.0880328e-1
-1.222232e0 -2.727582e-1 5.6853699e-1 5.6853699e-1
-1.177788e0 -2.727582e-1 6.3236272e-1 6.3236272e-1
-1.133344e0 -2.727582e-1 7.0087938e-1 7.0087938e-1
-1.0889e0 -2.727582e-1 7.7370576e-1 7.7370576e-1
-1.044456e0 -2.727582e-1 8.5065083e-1 8.5065083e-1
-1.000012e0 -2.727582e-1 9.3166003e-1 9.3166003e-1
-9.55568e-1 -2.727582e-1 1.01626976e0 1.01626976e0
-9.11124e-1 -2.727582e-1 1.10409793e0 1.10409793e0
-8.6668e-1 -2.727582e-1 1.1949535e0 1.1949535e0
-8.22236e-1 -2.727582e-1 1.2879912e0 1.2879912e0
-7.77792e-1 -2.727582e-1 1.3829384e0 1.3829384e0
-7.33348e-1 -2.727582e-1 1.47894939e0 1.47894939e0
-6.88904e-1 -2.727582e-1 1.57556055e0 1.57556055e0
-6.4446e-1 -2.727582e-1 1.6718712e0 1.6718712e0
-6.00016e-1 -2.727582e-1 1.76679092e0 1.76679092e0
-5.55572e-1 -2.727582e-1 1.85980157e0 1.85980157e0
-5.11128e-1 -2.727582e-1 1.95013898e0 1.95013898e0
-4.66684e-1 -2.727582e-1 2.03690335e0 2.03690335e0
-4.2224e-1 -2.727582e-1 2.11903088e0 2.11903088e0
-3.77796e-1 -2.727582e-1 2.19570334e0 2.19570334e0
-3.33352e-1 -2.727582e-1 2.266075e0 2.266075e0
-2.88908e-1 -2.727582e-1 2.3296277e0 2.3296277e0
-2.44464e-1 -2.727582e-1 2.38554321e0 2.38554321e0
-2.0002e-1 -2.727582e-1 2.4332759e0 2.4332759e0
-1.55576e-1 -2.727582e-1 2.47203455e0 2.47203455e0
-1.11132e-1 -2.727582e-1 2.5014925e0 2.5014925e0
-6.6688e-2 -2.727582e-1 2.52115857e0 2.52115857e0
-2.2244e-2 -2.727582e-1 2.53125049e0 2.53125049e0
2.22e-2 -2.727582e-1 2.53125049e0 2.53125049e0
6.6644e-2 -2.727582e-1 2.52115857e0 2.52115857e0
1.11088e-1 -2.727582e-1 2.5014925e0 2.5014925e0
1.55532e-1 -2.727582e-1 2.47203455e0 2.47203455e0
1.99976e-1 -2.727582e-1 2.4332759e0 2.4332759e0
2.4442e-1 -2.727582e-1 2.38554321e0 2.38554321e0
2.88864e-1 -2.727582e-1 2.3299003e0 2.3299003e0
3.33308e-1 -2.727582e-1 2.2663476e0 2.2663476e0
3.77752e-1 -2.727582e-1 2.19570334e0 2.19570334e0
4.22196e-1 -2.727582e-1 2.11903088e0 2.11903088e0
4.6664e-1 -2.727582e-1 2.03690335e0 2.03690335e0
5.11084e-1 -2.727582e-1 1.950412e0 1.950412e0
5.55528e-1 -2.727582e-1 1.86010164e0 1.86010164e0
5.999721e-1 -2.727582e-1 1.76703648e0 1.76703648e0
6.44416e-1 -2.727582e-1 1.6718712e0 1.6718712e0
6.8886e-1 -2.727582e-1 1.57556055e0 1.57556055e0
7.33304e-1 -2.727582e-1 1.47924947e0 1.47924947e0
7.77748e-1 -2.727582e-1 1.3829384e0 1.3829384e0
8.221921e-1 -2.727582e-1 1.2879912e0 1.2879912e0
8.66636e-1 -2.727582e-1 1.1949535e0 1.1949535e0
9.1108e-1 -2.727582e-1 1.10409793e0 1.10409793e0
9.55524e-1 -2.727582e-1 1.01626976e0 1.01626976e0
9.99968e-1 -2.727582e-1 9.3166003e-1 9.3166003e-1
1.0444121e0 -2.727582e-1 8.5065083e-1 8.5065083e-1
1.088856e0 -2.727582e-1 7.7370576e-1 7.7370576e-1
1.1333e0 -2.727582e-1 7.0087938e-1 7.0087938e-1
1.177744e0 -2.727582e-1 6.3266278e-1 6.3266278e-1
1.222188e0 -2.727582e-1 5.6853699e-1 5.6853699e-1
1.2666321e0 -2.727582e-1 5.0904843e-1 5.0904843e-1
1.311076e0 -2.727582e-1 4.5395157e-1 4.5395157e-1
1.35552e0 -2.727582e-1 4.0321854e-1 4.0321854e-1
1.399964e0 -2.727582e-1 3.5654965e-1 3.5654965e-1
1.444408e0 -2.727582e-1 3.1427205e-1 3.1427205e-1
1.4888521e0 -2.727582e-1 2.7581305e-1 2.7581305e-1
1.533296e0 -2.727582e-1 2.41228838e-1 2.41228838e-1
1.57774e0 -2.727582e-1 2.10078777e-1 2.10078777e-1
1.622184e0 -2.727582e-1 1.82227525e-1 1.82227525e-1
1.666628e0 -2.727582e-1 1.57448051e-1 1.57448051e-1
1.7110721e0 -2.727582e-1 1.3550104e-1 1.3550104e-1
1.755516e0 -2.727582e-1 1.1615263e-1 1.1615263e-1
1.79996e0 -2.727582e-1 9.9174376e-2 9.9174376e-2
1.844404e0 -2.727582e-1 8.434444e-2 8.434444e-2
1.888848e0 -2.727582e-1 7.1450189e-2 7.1450189e-2
1.9332921e0 -2.727582e-1 6.0287482e-2 6.0287482e-2
1.977736e0 -2.727582e-1 5.0668152e-2 5.0668152e-2
2.02218e0 -2.727582e-1 4.2416235e-2 4.2416235e-2
2.066624e0 -2.727582e-1 3.5367458e-2 3.5367458e-2
2.111068e0 -2.727582e-1 2.9374236e-2 2.9374236e-2
2.1555121e0 -2.727582e-1 2.43008533e-2 2.43008533e-2
2.199956e0 -2.727582e-1 2.00241112e-2 2.00241112e-2

-2.2e0 -2.363953e-1 1.76752928e-2 1.76752928e-2
-2.155556e0 -2.363953e-1 2.14508789e-2 2.14508789e-2
-2.111112e0 -2.363953e-1 2.5929028e-2 2.5929028e-2
-2.0666681e0 -2.363953e-1 3.1219786e-2 3.1219786e-2
-2.0222241e0 -2.363953e-1 3.7441104e-2 3.7441104e-2
-1.97778e0 -2.363953e-1 4.4725943e-2 4.4725943e-2
-1.933336e0 -2.363953e-1 5.3217393e-2 5.3217393e-2
-1.888892e0 -2.363953e-1 6.3070851e-2 6.3070851e-2
-1.8444481e0 -2.363953e-1 7.44543e-2 7.44543e-2
-1.8000041e0 -2.363953e-1 8.7545422e-2 8.7545422e-2
-1.75556e0 -2.363953e-1 1.02532874e-1 1.02532874e-1
-1.711116e0 -2.363953e-1 1.19614069e-1 1.19614069e-1
-1.666672e0 -2.363953e-1 1.3898722e-1 1.3898722e-1
-1.6222281e0 -2.363953e-1 1.60864351e-1 1.60864351e-1
-1.5777841e0 -2.363953e-1 1.8544865e-1 1.8544865e-1
-1.53334e0 -2.363953e-1 2.12949258e-1 2.12949258e-1
-1.488896e0 -2.363953e-1 2.4351064e-1 2.4351064e-1
-1.444452e0 -2.363953e-1 2.7733879e-1 2.7733879e-1
-1.4000081e0 -2.363953e-1 3.149259e-1 3.149259e-1
-1.3555641e0 -2.363953e-1 3.5584564e-1 3.5584564e-1
-1.31112e0 -2.363953e-1 4.0076096e-1 4.0076096e-1
-1.266676e0 -2.363953e-1 4.4922205e-1 4.4922205e-1
-1.222232e0 -2.363953e-1 5.0196155e-1 5.0196155e-1
-1.177788e0 -2.363953e-1 5.5848381e-1 5.5848381e-1
-1.133344e0 -2.363953e-1 6.1876466e-1 6.1876466e-1
-1.0889e0 -2.363953e-1 6.8308765e-1 6.8308765e-1
-1.044456e0 -2.363953e-1 7.5095679e-1 7.5095679e-1
-1.000012e0 -2.363953e-1 8.2234825e-1 8.2234825e-1
-9.55568e-1 -2.363953e-1 8.970965e-1 8.970965e-1
-9.11124e-1 -2.363953e-1 9.748942e-1 9.748942e-1
-8.6668e-1 -2.363953e-1 1.05479555e0 1.05479555e0
-8.22236e-1 -2.363953e-1 1.13706136e0 1.13706136e0
-7.77792e-1 -2.363953e-1 1.22100519e0 1.22100519e0
-7.33348e-1 -2.363953e-1 1.30591826e0 1.30591826e0
-6.88904e-1 -2.363953e-1 1.39104414e0 1.39104414e0
-6.4446e-1 -2.363953e-1 1.47591032e0 1.47591032e0
-6.00016e-1 -2.363953e-1 1.55985416e0 1.55985416e0
-5.55572e-1 -2.363953e-1 1.64214342e0 1.64214342e0
-5.11128e-1 -2.363953e-1 1.7218085e0 1.7218085e0
-4.66684e-1 -2.363953e-1 1.79821132e0 1.79821132e0
-4.2224e-1 -2.363953e-1 1.87078484e0 1.87078484e0
-3.77796e-1 -2.363953e-1 1.93841734e0 1.93841734e0
-3.33352e-1 -2.363953e-1 2.00084949e0 2.00084949e0
-2.88908e-1 -2.363953e-1 2.05687505e0 2.05687505e0
-2.44464e-1 -2.363953e-1 2.10628194e0 2.10628194e0
-2.0002e-1 -2.363953e-1 2.14812364e0 2.14812364e0
-1.55576e-1 -2.363953e-1 2.18244849e0 2.18244849e0
-1.11132e-1 -2.363953e-1 2.20845175e0 2.20845175e0
-6.6688e-2 -2.363953e-1 2.22594513e0 2.22594513e0
-2.2244e-2 -2.363953e-1 2.23471545e0 2.23471545e0
2.22e-2 -2.363953e-1 2.23471545e0 2.23471545e0
6.6644e-2 -2.363953e-1 2.22594513e0 2.22594513e0
1.11088e-1 -2.363953e-1 2.20845175e0 2.20845175e0
1.55532e-1 -2.363953e-1 2.18244849e0 2.18244849e0
1.99976e-1 -2.363953e-1 2.14812364e0 2.14812364e0
2.4442e-1 -2.363953e-1 2.10628194e0 2.10628194e0
2.88864e-1 -2.363953e-1 2.05687505e0 2.05687505e0
3.33308e-1 -2.363953e-1 2.00084949e0 2.00084949e0
3.77752e-1 -2.363953e-1 1.93867741e0 1.93867741e0
4.22196e-1 -2.363953e-1 1.87078484e0 1.87078484e0
4.6664e-1 -2.363953e-1 1.79842415e0 1.79842415e0
5.11084e-1 -2.363953e-1 1.7218085e0 1.7218085e0
5.55528e-1 -2.363953e-1 1.64214342e0 1.64214342e0
5.999721e-1 -2.363953e-1 1.56011423e0 1.56011423e0
6.44416e-1 -2.363953e-1 1.47591032e0 1.47591032e0
6.8886e-1 -2.363953e-1 1.39104414e0 1.39104414e0
7.33304e-1 -2.363953e-1 1.30591826e0 1.30591826e0
7.77748e-1 -2.363953e-1 1.22100519e0 1.22100519e0
8.221921e-1 -2.363953e-1 1.13732106e0 1.13732106e0
8.66636e-1 -2.363953e-1 1.05503217e0 1.05503217e0
9.1108e-1 -2.363953e-1 9.748942e-1 9.748942e-1
9.55524e-1 -2.363953e-1 8.9730896e-1 8.9730896e-1
9.99968e-1 -2.363953e-1 8.2260832e-1 8.2260832e-1
1.0444121e0 -2.363953e-1 7.511696e-1 7.511696e-1
1.088856e0 -2.363953e-1 6.8308765e-1 6.8308765e-1
1.1333e0 -2.363953e-1 6.1876466e-1 6.1876466e-1
1.177744e0 -2.363953e-1 5.5848381e-1 5.5848381e-1
1.222188e0 -2.363953e-1 5.0196155e-1 5.0196155e-1
1.2666321e0 -2.363953e-1 4.4948213e-1 4.4948213e-1
1.311076e0 -2.363953e-1 4.0076096e-1 4.0076096e-1
1.35552e0 -2.363953e-1 3.5584564e-1 3.5584564e-1
1.399964e0 -2.363953e-1 3.149259e-1 3.149259e-1
1.444408e0 -2.363953e-1 2.7757541e-1 2.7757541e-1
1.4888521e0 -2.363953e-1 2.4351064e-1 2.4351064e-1
1.533296e0 -2.363953e-1 2.12976996e-1 2.12976996e-1
1.57774e0 -2.363953e-1 1.85473466e-1 1.85473466e-1
1.622184e0 -2.363953e-1 1.60885992e-1 1.60885992e-1
1.666628e0 -2.363953e-1 1.39009259e-1 1.39009259e-1
1.7110721e0 -2.363953e-1 1.19632285e-1 1.19632285e-1
1.755516e0 -2.363953e-1 1.02548781e-1 1.02548781e-1
1.79996e0 -2.363953e-1 8.7559563e-2 8.7559563e-2
1.844404e0 -2.363953e-1 7.4465482e-2 7.4465482e-2
1.888848e0 -2.363953e-1 6.3081564e-2 6.3081564e-2
1.9332921e0 -2.363953e-1 5.3226231e-2 5.3226231e-2
1.977736e0 -2.363953e-1 4.4734239e-2 4.4734239e-2
2.02218e0 -2.363953e-1 3.7447778e-2 3.7447778e-2
2.066624e0 -2.363953e-1 3.1225594e-2 3.1225594e-2
2.111068e0 -2.363953e-1 2.5933789e-2 2.5933789e-2
2.1555121e0 -2.363953e-1 2.14547746e-2 2.14547746e-2
2.199956e0 -2.363953e-1 1.76789252e-2 1.76789252e-2

-2.2e0 -2.000323e-1 1.51959969e-2 1.51959969e-2
-2.155556e0 -2.000323e-1 1.84415533e-2 1.84415533e-2
-2.111112e0 -2.000323e-1 2.229166e-2 2.229166e-2
-2.0666681e0 -2.000323e-1 2.6839941e-2 2.6839941e-2
-2.0222241e0 -2.000323e-1 3.2188463e-2 3.2188463e-2
-1.97778e0 -2.000323e-1 3.8451408e-2 3.8451408e-2
-1.933336e0 -2.000323e-1 4.5751843e-2 4.5751843e-2
-1.888892e0 -2.000323e-1 5.4223062e-2 5.4223062e-2
-1.8444481e0 -2.000323e-1 6.4009221e-2 6.4009221e-2
-1.8000041e0 -2.000323e-1 7.526394e-2 7.526394e-2
-1.75556e0 -2.000323e-1 8.8148868e-2 8.8148868e-2
-1.711116e0 -2.000323e-1 1.02833463e-1 1.02833463e-1
-1.666672e0 -2.000323e-1 1.19489201e-1 1.19489201e-1
-1.6222281e0 -2.000323e-1 1.38297176e-1 1.38297176e-1
-1.5777841e0 -2.000323e-1 1.5943246e-1 1.5943246e-1
-1.53334e0 -2.000323e-1 1.83075778e-1 1.83075778e-1
-1.488896e0 -2.000323e-1 2.092538e-1 2.092538e-1
-1.444452e0 -2.000323e-1 2.384785e-1 2.384785e-1
-1.4000081e0 -2.000323e-1 2.7070386e-1 2.7070386e-1
-1.3555641e0 -2.000323e-1 3.058896e-1 3.058896e-1
-1.31112e0 -2.000323e-1 3.4451585e-1 3.4451585e-1
-1.266676e0 -2.000323e-1 3.8636252e-1 3.8636252e-1
-1.222232e0 -2.000323e-1 4.3154988e-1 4.3154988e-1
-1.177788e0 -2.000323e-1 4.7995767e-1 4.7995767e-1
-1.133344e0 -2.000323e-1 5.3200589e-1 5.3200589e-1
-1.0889e0 -2.000323e-1 5.8721501e-1 5.8721501e-1
-1.044456e0 -2.000323e-1 6.4564426e-1 6.4564426e-1
-1.000012e0 -2.000323e-1 7.0709431e-1 7.0709431e-1
-9.55568e-1 -2.000323e-1 7.7130484e-1 7.7130484e-1
-9.11124e-1 -2.000323e-1 8.3793549e-1 8.3793549e-1
-8.6668e-1 -2.000323e-1 9.069466e-1 9.069466e-1
-8.22236e-1 -2.000323e-1 9.7757813e-1 9.7757813e-1
-7.77792e-1 -2.000323e-1 1.04960974e0 1.04960974e0
-7.33348e-1 -2.000323e-1 1.12264157e0 1.12264157e0
-6.88904e-1 -2.000323e-1 1.19587332e0 1.19587332e0
-6.4446e-1 -2.000323e-1 1.26890515e0 1.26890515e0
-6.00016e-1 -2.000323e-1 1.34113698e0 1.34113698e0
-5.55572e-1 -2.000323e-1 1.41174838e0 1.41174838e0
-5.11128e-1 -2.000323e-1 1.48017924e0 1.48017924e0
-4.66684e-1 -2.000323e-1 1.54599005e0 1.54599005e0
-4.2224e-1 -2.000323e-1 1.60846017e0 1.60846017e0
-3.77796e-1 -2.000323e-1 1.66664952e0 1.66664952e0
-3.33352e-1 -2.000323e-1 1.72009811e0 1.72009811e0
-2.88908e-1 -2.000323e-1 1.76828583e0 1.76828583e0
-2.44464e-1 -2.000323e-1 1.81071274e0 1.81071274e0
-2.0002e-1 -2.000323e-1 1.84691855e0 1.84691855e0
-1.55576e-1 -2.000323e-1 1.87634348e0 1.87634348e0
-1.11132e-1 -2.000323e-1 1.898747e0 1.898747e0
-6.6688e-2 -2.000323e-1 1.91376956e0 1.91376956e0
-2.2244e-2 -2.000323e-1 1.92137059e0 1.92137059e0
2.22e-2 -2.000323e-1 1.92137059e0 1.92137059e0
6.6644e-2 -2.000323e-1 1.91376956e0 1.91376956e0
1.11088e-1 -2.000323e-1 1.898747e0 1.898747e0
1.55532e-1 -2.000323e-1 1.87634348e0 1.87634348e0
1.99976e-1 -2.000323e-1 1.84691855e0 1.84691855e0
2.4442e-1 -2.000323e-1 1.81071274e0 1.81071274e0
2.88864e-1 -2.000323e-1 1.76828583e0 1.76828583e0
3.33308e-1 -2.000323e-1 1.72009811e0 1.72009811e0
3.77752e-1 -2.000323e-1 1.66664952e0 1.66664952e0
4.22196e-1 -2.000323e-1 1.60846017e0 1.60846017e0
4.6664e-1 -2.000323e-1 1.54621013e0 1.54621013e0
5.11084e-1 -2.000323e-1 1.48037947e0 1.48037947e0
5.55528e-1 -2.000323e-1 1.41174838e0 1.41174838e0
5.999721e-1 -2.000323e-1 1.34113698e0 1.34113698e0
6.44416e-1 -2.000323e-1 1.26890515e0 1.26890515e0
6.8886e-1 -2.000323e-1 1.1960534e0 1.1960534e0
7.33304e-1 -2.000323e-1 1.12264157e0 1.12264157e0
7.77748e-1 -2.000323e-1 1.0498298e0 1.0498298e0
8.221921e-1 -2.000323e-1 9.7779819e-1 9.7779819e-1
8.66636e-1 -2.000323e-1 9.069466e-1 9.069466e-1
9.1108e-1 -2.000323e-1 8.3811557e-1 8.3811557e-1
9.55524e-1 -2.000323e-1 7.7130484e-1 7.7130484e-1
9.99968e-1 -2.000323e-1 7.0709431e-1 7.0709431e-1
1.0444121e0 -2.000323e-1 6.4564426e-1 6.4564426e-1
1.088856e0 -2.000323e-1 5.8721501e-1 5.8721501e-1
1.1333e0 -2.000323e-1 5.3200589e-1 5.3200589e-1
1.177744e0 -2.000323e-1 4.8017775e-1 4.8017775e-1
1.222188e0 -2.000323e-1 4.3154988e-1 4.3154988e-1
1.2666321e0 -2.000323e-1 3.8636252e-1 3.8636252e-1
1.311076e0 -2.000323e-1 3.4451585e-1 3.4451585e-1
1.35552e0 -2.000323e-1 3.058896e-1 3.058896e-1
1.399964e0 -2.000323e-1 2.7070386e-1 2.7070386e-1
1.444408e0 -2.000323e-1 2.384785e-1 2.384785e-1
1.4888521e0 -2.000323e-1 2.092538e-1 2.092538e-1
1.533296e0 -2.000323e-1 1.83099373e-1 1.83099373e-1
1.57774e0 -2.000323e-1 1.59454283e-1 1.59454283e-1
1.622184e0 -2.000323e-1 1.3831616e-1 1.3831616e-1
1.666628e0 -2.000323e-1 1.19507759e-1 1.19507759e-1
1.7110721e0 -2.000323e-1 1.02848846e-1 1.02848846e-1
1.755516e0 -2.000323e-1 8.8162968e-2 8.8162968e-2
1.79996e0 -2.000323e-1 7.5275325e-2 7.5275325e-2
1.844404e0 -2.000323e-1 6.4020485e-2 6.4020485e-2
1.888848e0 -2.000323e-1 5.4232127e-2 5.4232127e-2
1.9332921e0 -2.000323e-1 4.5759138e-2 4.5759138e-2
1.977736e0 -2.000323e-1 3.845858e-2 3.845858e-2
2.02218e0 -2.000323e-1 3.2194568e-2 3.2194568e-2
2.066624e0 -2.000323e-1 2.6844734e-2 2.6844734e-2
2.111068e0 -2.000323e-1 2.2295657e-2 2.2295657e-2
2.1555121e0 -2.000323e-1 1.8444914e-2 1.8444914e-2
2.199956e0 -2.000323e-1 1.51987286e-2 1.51987286e-2

-2.2e0 -1.636696e-1 1.25989693e-2 1.25989693e-2
-2.155556e0 -1.636696e-1 1.52900148e-2 1.52900148e-2
-2.111112e0 -1.636696e-1 1.8482205e-2 1.8482205e-2
-2.0666681e0 -1.636696e-1 2.2253229e-2 2.2253229e-2
-2.0222241e0 -1.636696e-1 2.6688062e-2 2.6688062e-2
-1.97778e0 -1.636696e-1 3.188033e-2 3.188033e-2
-1.933336e0 -1.636696e-1 3.7933153e-2 3.7933153e-2
-1.888892e0 -1.636696e-1 4.4957065e-2 4.4957065e-2
-1.8444481e0 -1.636696e-1 5.3070891e-2 5.3070891e-2
-1.8000041e0 -1.636696e-1 6.2401952e-2 6.2401952e-2
-1.75556e0 -1.636696e-1 7.3084953e-2 7.3084953e-2
-1.711116e0 -1.636696e-1 8.5258878e-2 8.5258878e-2
-1.666672e0 -1.636696e-1 9.9069572e-2 9.9069572e-2
-1.6222281e0 -1.636696e-1 1.14662387e-1 1.14662387e-1
-1.5777841e0 -1.636696e-1 1.3218704e-1 1.3218704e-1
-1.53334e0 -1.636696e-1 1.51789455e-1 1.51789455e-1
-1.488896e0 -1.636696e-1 1.7352257e-1 1.7352257e-1
-1.444452e0 -1.636696e-1 1.977456e-1 1.977456e-1
-1.4000081e0 -1.636696e-1 2.2444005e-1 2.2444005e-1
-1.3555641e0 -1.636696e-1 2.5373705e-1 2.5373705e-1
-1.31112e0 -1.636696e-1 2.8565257e-1 2.8565257e-1
-1.266676e0 -1.636696e-1 3.2018686e-1 3.2018686e-1
-1.222232e0 -1.636696e-1 3.576998e-1 3.576998e-1
-1.177788e0 -1.636696e-1 3.9796263e-1 3.9796263e-1
-1.133344e0 -1.636696e-1 4.4100781e-1 4.4100781e-1
-1.0889e0 -1.636696e-1 4.8686781e-1 4.8686781e-1
-1.044456e0 -1.636696e-1 5.3531412e-1 5.3531412e-1
-1.000012e0 -1.636696e-1 5.862316e-1 5.862316e-1
-9.55568e-1 -1.636696e-1 6.394407e-1 6.394407e-1
-9.11124e-1 -1.636696e-1 6.9477733e-1 6.9477733e-1
-8.6668e-1 -1.636696e-1 7.5189812e-1 7.5189812e-1
-8.22236e-1 -1.636696e-1 8.1050809e-1 8.1050809e-1
-7.77792e-1 -1.636696e-1 8.7026387e-1 8.7026387e-1
-7.33348e-1 -1.636696e-1 9.3083804e-1 9.3083804e-1
-6.88904e-1 -1.636696e-1 9.9155933e-1 9.9155933e-1
-6.4446e-1 -1.636696e-1 1.05198616e0 1.05198616e0
-6.00016e-1 -1.636696e-1 1.11188928e0 1.11188928e0
-5.55572e-1 -1.636696e-1 1.17049951e0 1.17049951e0
-5.11128e-1 -1.636696e-1 1.22732559e0 1.22732559e0
-4.66684e-1 -1.636696e-1 1.28184383e0 1.28184383e0
-4.2224e-1 -1.636696e-1 1.33341614e0 1.33341614e0
-3.77796e-1 -1.636696e-1 1.38169861e0 1.38169861e0
-3.33352e-1 -1.636696e-1 1.42621675e0 1.42621675e0
-2.88908e-1 -1.636696e-1 1.46616841e0 1.46616841e0
-2.44464e-1 -1.636696e-1 1.50121017e0 1.50121017e0
-2.0002e-1 -1.636696e-1 1.53116174e0 1.53116174e0
-1.55576e-1 -1.636696e-1 1.5555486e0 1.5555486e0
-1.11132e-1 -1.636696e-1 1.57420692e0 1.57420692e0
-6.6688e-2 -1.636696e-1 1.58664572e0 1.58664572e0
-2.2244e-2 -1.636696e-1 1.59289795e0 1.59289795e0
2.22e-2 -1.636696e-1 1.59289795e0 1.59289795e0
6.6644e-2 -1.636696e-1 1.58664572e0 1.58664572e0
1.11088e-1 -1.636696e-1 1.57420692e0 1.57420692e0
1.55532e-1 -1.636696e-1 1.55572841e0 1.55572841e0
1.99976e-1 -1.636696e-1 1.53132532e0 1.53132532e0
2.4442e-1 -1.636696e-1 1.50135751e0 1.50135751e0
2.88864e-1 -1.636696e-1 1.46616841e0 1.46616841e0
3.33308e-1 -1.636696e-1 1.42621675e0 1.42621675e0
3.77752e-1 -1.636696e-1 1.38186218e0 1.38186218e0
4.22196e-1 -1.636696e-1 1.33356348e0 1.33356348e0
4.6664e-1 -1.636696e-1 1.28184383e0 1.28184383e0
5.11084e-1 -1.636696e-1 1.22732559e0 1.22732559e0
5.55528e-1 -1.636696e-1 1.17049951e0 1.17049951e0
5.999721e-1 -1.636696e-1 1.11188928e0 1.11188928e0
6.44416e-1 -1.636696e-1 1.05215e0 1.05215e0
6.8886e-1 -1.636696e-1 9.9155933e-1 9.9155933e-1
7.33304e-1 -1.636696e-1 9.3083804e-1 9.3083804e-1
7.77748e-1 -1.636696e-1 8.7041121e-1 8.7041121e-1
8.221921e-1 -1.636696e-1 8.1068816e-1 8.1068816e-1
8.66636e-1 -1.636696e-1 7.5206169e-1 7.5206169e-1
9.1108e-1 -1.636696e-1 6.9492468e-1 6.9492468e-1
9.55524e-1 -1.636696e-1 6.3962076e-1 6.3962076e-1
9.99968e-1 -1.636696e-1 5.862316e-1 5.862316e-1
1.0444121e0 -1.636696e-1 5.3531412e-1 5.3531412e-1
1.088856e0 -1.636696e-1 4.8686781e-1 4.8686781e-1
1.1333e0 -1.636696e-1 4.4118762e-1 4.4118762e-1
1.177744e0 -1.636696e-1 3.981427e-1 3.981427e-1
1.222188e0 -1.636696e-1 3.5784715e-1 3.5784715e-1
1.2666321e0 -1.636696e-1 3.2036693e-1 3.2036693e-1
1.311076e0 -1.636696e-1 2.8565257e-1 2.8565257e-1
1.35552e0 -1.636696e-1 2.5373705e-1 2.5373705e-1
1.399964e0 -1.636696e-1 2.2444005e-1 2.2444005e-1
1.444408e0 -1.636696e-1 1.977456e-1 1.977456e-1
1.4888521e0 -1.636696e-1 1.7352257e-1 1.7352257e-1
1.533296e0 -1.636696e-1 1.51807886e-1 1.51807886e-1
1.57774e0 -1.636696e-1 1.32205971e-1 1.32205971e-1
1.622184e0 -1.636696e-1 1.14680019e-1 1.14680019e-1
1.666628e0 -1.636696e-1 9.9085156e-2 9.9085156e-2
1.7110721e0 -1.636696e-1 8.5271964e-2 8.5271964e-2
1.755516e0 -1.636696e-1 7.3096141e-2 7.3096141e-2
1.79996e0 -1.636696e-1 6.2411691e-2 6.2411691e-2
1.844404e0 -1.636696e-1 5.3079083e-2 5.3079083e-2
1.888848e0 -1.636696e-1 4.4964607e-2 4.4964607e-2
1.9332921e0 -1.636696e-1 3.7939546e-2 3.7939546e-2
1.977736e0 -1.636696e-1 3.188595e-2 3.188595e-2
2.02218e0 -1.636696e-1 2.6692682e-2 2.6692682e-2
2.066624e0 -1.636696e-1 2.225725e-2 2.225725e-2
2.111068e0 -1.636696e-1 1.8485626e-2 1.8485626e-2
2.1555121e0 -1.636696e-1 1.52928494e-2 1.52928494e-2
2.199956e0 -1.636696e-1 1.26014067e-2 1.26014067e-2

-2.2e0 -1.273067e-1 9.904129e-3 9.904129e-3
-2.155556e0 -1.273067e-1 1.20194545e-2 1.20194545e-2
-2.111112e0 -1.273067e-1 1.4528998e-2 1.4528998e-2
-2.0666681e0 -1.273067e-1 1.749338e-2 1.749338e-2
-2.0222241e0 -1.273067e-1 2.0979317e-2 2.0979317e-2
-1.97778e0 -1.273067e-1 2.5061383e-2 2.5061383e-2
-1.933336e0 -1.273067e-1 2.981928e-2 2.981928e-2
-1.888892e0 -1.273067e-1 3.5340207e-2 3.5340207e-2
-1.8444481e0 -1.273067e-1 4.1718828e-2 4.1718828e-2
-1.8000041e0 -1.273067e-1 4.905423e-2 4.905423e-2
-1.75556e0 -1.273067e-1 5.7452011e-2 5.7452011e-2
-1.711116e0 -1.273067e-1 6.7022932e-2 6.7022932e-2
-1.666672e0 -1.273067e-1 7.7878227e-2 7.7878227e-2
-1.6222281e0 -1.273067e-1 9.0137148e-2 9.0137148e-2
-1.5777841e0 -1.273067e-1 1.03911952e-1 1.03911952e-1
-1.53334e0 -1.273067e-1 1.1932139e-1 1.1932139e-1
-1.488896e0 -1.273067e-1 1.364982e-1 1.364982e-1
-1.444452e0 -1.273067e-1 1.5546696e-1 1.5546696e-1
-1.4000081e0 -1.273067e-1 1.7634526e-1 1.7634526e-1
-1.3555641e0 -1.273067e-1 1.9940036e-1 1.9940036e-1
-1.31112e0 -1.273067e-1 2.2447978e-1 2.2447978e-1
-1.266676e0 -1.273067e-1 2.5173624e-1 2.5173624e-1
-1.222232e0 -1.273067e-1 2.812841e-1 2.812841e-1
-1.177788e0 -1.273067e-1 3.1286891e-1 3.1286891e-1
-1.133344e0 -1.273067e-1 3.4671973e-1 3.4671973e-1
-1.0889e0 -1.273067e-1 3.8276016e-1 3.8276016e-1
-1.044456e0 -1.273067e-1 4.2083774e-1 4.2083774e-1
-1.000012e0 -1.273067e-1 4.6082466e-1 4.6082466e-1
-9.55568e-1 -1.273067e-1 5.0270866e-1 5.0270866e-1
-9.11124e-1 -1.273067e-1 5.4614554e-1 5.4614554e-1
-8.6668e-1 -1.273067e-1 5.910976e-1 5.910976e-1
-8.22236e-1 -1.273067e-1 6.3719537e-1 6.3719537e-1
-7.77792e-1 -1.273067e-1 6.8418419e-1 6.8418419e-1
-7.33348e-1 -1.273067e-1 7.3168234e-1 7.3168234e-1
-6.88904e-1 -1.273067e-1 7.7942235e-1 7.7942235e-1
-6.4446e-1 -1.273067e-1 8.2703511e-1 8.2703511e-1
-6.00016e-1 -1.273067e-1 8.7402393e-1 8.7402393e-1
-5.55572e-1 -1.273067e-1 9.201217e-1 9.201217e-1
-5.11128e-1 -1.273067e-1 9.6481909e-1 9.6481909e-1
-4.66684e-1 -1.273067e-1 1.00761958e0 1.00761958e0
-4.2224e-1 -1.273067e-1 1.04824307e0 1.04824307e0
-3.77796e-1 -1.273067e-1 1.0861806e0 1.0861806e0
-3.33352e-1 -1.273067e-1 1.1210625e0 1.1210625e0
-2.88908e-1 -1.273067e-1 1.15253271e0 1.15253271e0
-2.44464e-1 -1.273067e-1 1.18015825e0 1.18015825e0
-2.0002e-1 -1.273067e-1 1.20372269e0 1.20372269e0
-1.55576e-1 -1.273067e-1 1.2229461e0 1.2229461e0
-1.11132e-1 -1.273067e-1 1.23745906e0 1.23745906e0
-6.6688e-2 -1.273067e-1 1.24727435e0 1.24727435e0
-2.2244e-2 -1.273067e-1 1.25222668e0 1.25222668e0
2.22e-2 -1.273067e-1 1.25222668e0 1.25222668e0
6.6644e-2 -1.273067e-1 1.24727435e0 1.24727435e0
1.11088e-1 -1.273067e-1 1.23745906e0 1.23745906e0
1.55532e-1 -1.273067e-1 1.2229461e0 1.2229461e0
1.99976e-1 -1.273067e-1 1.20372269e0 1.20372269e0
2.4442e-1 -1.273067e-1 1.18015825e0 1.18015825e0
2.88864e-1 -1.273067e-1 1.15253271e0 1.15253271e0
3.33308e-1 -1.273067e-1 1.1210625e0 1.1210625e0
3.77752e-1 -1.273067e-1 1.0861806e0 1.0861806e0
4.22196e-1 -1.273067e-1 1.04824307e0 1.04824307e0
4.6664e-1 -1.273067e-1 1.0077342e0 1.0077342e0
5.11084e-1 -1.273067e-1 9.6481909e-1 9.6481909e-1
5.55528e-1 -1.273067e-1 9.201217e-1 9.201217e-1
5.999721e-1 -1.273067e-1 8.7416399e-1 8.7416399e-1
6.44416e-1 -1.273067e-1 8.2703511e-1 8.2703511e-1
6.8886e-1 -1.273067e-1 7.7942235e-1 7.7942235e-1
7.33304e-1 -1.273067e-1 7.3168234e-1 7.3168234e-1
7.77748e-1 -1.273067e-1 6.8418419e-1 6.8418419e-1
8.221921e-1 -1.273067e-1 6.3719537e-1 6.3719537e-1
8.66636e-1 -1.273067e-1 5.910976e-1 5.910976e-1
9.1108e-1 -1.273067e-1 5.4627296e-1 5.4627296e-1
9.55524e-1 -1.273067e-1 5.0270866e-1 5.0270866e-1
9.99968e-1 -1.273067e-1 4.6082466e-1 4.6082466e-1
1.0444121e0 -1.273067e-1 4.2083774e-1 4.2083774e-1
1.088856e0 -1.273067e-1 3.8276016e-1 3.8276016e-1
1.1333e0 -1.273067e-1 3.4671973e-1 3.4671973e-1
1.177744e0 -1.273067e-1 3.1286891e-1 3.1286891e-1
1.222188e0 -1.273067e-1 2.812841e-1 2.812841e-1
1.2666321e0 -1.273067e-1 2.5173624e-1 2.5173624e-1
1.311076e0 -1.273067e-1 2.2447978e-1 2.2447978e-1
1.35552e0 -1.273067e-1 1.9940036e-1 1.9940036e-1
1.399964e0 -1.273067e-1 1.7648532e-1 1.7648532e-1
1.444408e0 -1.273067e-1 1.5546696e-1 1.5546696e-1
1.4888521e0 -1.273067e-1 1.364982e-1 1.364982e-1
1.533296e0 -1.273067e-1 1.1933726e-1 1.1933726e-1
1.57774e0 -1.273067e-1 1.039259e-1 1.039259e-1
1.622184e0 -1.273067e-1 9.0149055e-2 9.0149055e-2
1.666628e0 -1.273067e-1 7.7890388e-2 7.7890388e-2
1.7110721e0 -1.273067e-1 6.7032722e-2 6.7032722e-2
1.755516e0 -1.273067e-1 5.746147e-2 5.746147e-2
1.79996e0 -1.273067e-1 4.906235e-2 4.906235e-2
1.844404e0 -1.273067e-1 4.1726016e-2 4.1726016e-2
1.888848e0 -1.273067e-1 3.5346481e-2 3.5346481e-2
1.9332921e0 -1.273067e-1 2.9824039e-2 2.9824039e-2
1.977736e0 -1.273067e-1 2.5065929e-2 2.5065929e-2
2.02218e0 -1.273067e-1 2.0983144e-2 2.0983144e-2
2.066624e0 -1.273067e-1 1.7496683e-2 1.7496683e-2
2.111068e0 -1.273067e-1 1.4531425e-2 1.4531425e-2
2.1555121e0 -1.273067e-1 1.20218108e-2 1.20218108e-2
2.199956e0 -1.273067e-1 9.9059377e-3 9.9059377e-3

-2.2e0 -9.09438e-2 7.1315727e-3 7.1315727e-3
-2.155556e0 -9.09438e-2 8.65473845e-3 8.65473845e-3
-2.111112e0 -9.09438e-2 1.04617288e-2 1.04617288e-2
-2.0666681e0 -9.09438e-2 1.2596291e-2 1.2596291e-2
-2.0222241e0 -9.09438e-2 1.51065431e-2 1.51065431e-2
-1.97778e0 -9.09438e-2 1.80454533e-2 1.80454533e-2
-1.933336e0 -9.09438e-2 2.14715268e-2 2.14715268e-2
-1.888892e0 -9.09438e-2 2.54470987e-2 2.54470987e-2
-1.8444481e0 -9.09438e-2 3.00398468e-2 3.00398468e-2
-1.8000041e0 -9.09438e-2 3.53219586e-2 3.53219586e-2
-1.75556e0 -9.09438e-2 4.13692163e-2 4.13692163e-2
-1.711116e0 -9.09438e-2 4.82602464e-2 4.82602464e-2
-1.666672e0 -9.09438e-2 5.60772005e-2 5.60772005e-2
-1.6222281e0 -9.09438e-2 6.49040057e-2 6.49040057e-2
-1.5777841e0 -9.09438e-2 7.48228694e-2 7.48228694e-2
-1.53334e0 -9.09438e-2 8.59182742e-2 8.59182742e-2
-1.488896e0 -9.09438e-2 9.8237512e-2 9.8237512e-2
-1.444452e0 -9.09438e-2 1.11969975e-1 1.11969975e-1
-1.4000081e0 -9.09438e-2 1.27066681e-1 1.27066681e-1
-1.3555641e0 -9.09438e-2 1.43627539e-1 1.43627539e-1
-1.31112e0 -9.09438e-2 1.61634373e-1 1.61634373e-1
-1.266676e0 -9.09438e-2 1.81287427e-1 1.81287427e-1
-1.222232e0 -9.09438e-2 2.02477348e-1 2.02477348e-1
-1.177788e0 -9.09438e-2 2.25322371e-1 2.25322371e-1
-1.133344e0 -9.09438e-2 2.49686224e-1 2.49686224e-1
-1.0889e0 -9.09438e-2 2.75623442e-1 2.75623442e-1
-1.044456e0 -9.09438e-2 3.03006496e-1 3.03006496e-1
-1.000012e0 -9.09438e-2 3.31835803e-1 3.31835803e-1
-9.55568e-1 -9.09438e-2 3.61956358e-1 3.61956358e-1
-9.11124e-1 -9.09438e-2 3.93331943e-1 3.93331943e-1
-8.6668e-1 -9.09438e-2 4.2561702e-1 4.2561702e-1
-8.22236e-1 -9.09438e-2 4.58829631e-1 4.58829631e-1
-7.77792e-1 -9.09438e-2 4.92660736e-1 4.92660736e-1
-7.33348e-1 -9.09438e-2 5.26864714e-1 5.26864714e-1
-6.88904e-1 -9.09438e-2 5.6125062e-1 5.6125062e-1
-6.4446e-1 -9.09438e-2 5.95545491e-1 5.95545491e-1
-6.00016e-1 -9.09438e-2 6.29385617e-1 6.29385617e-1
-5.55572e-1 -9.09438e-2 6.62598366e-1 6.62598366e-1
-5.11128e-1 -9.09438e-2 6.94710677e-1 6.94710677e-1
-4.66684e-1 -9.09438e-2 7.25540619e-1 7.25540619e-1
-4.2224e-1 -9.09438e-2 7.54833556e-1 7.54833556e-1
-3.77796e-1 -9.09438e-2 7.82116696e-1 7.82116696e-1
-3.33352e-1 -9.09438e-2 8.07217134e-1 8.07217134e-1
-2.88908e-1 -9.09438e-2 8.2988037e-1 8.2988037e-1
-2.44464e-1 -9.09438e-2 8.49797086e-1 8.49797086e-1
-2.0002e-1 -9.09438e-2 8.66712637e-1 8.66712637e-1
-1.55576e-1 -9.09438e-2 8.80545154e-1 8.80545154e-1
-1.11132e-1 -9.09438e-2 8.91094669e-1 8.91094669e-1
-6.6688e-2 -9.09438e-2 8.9809738e-1 8.9809738e-1
-2.2244e-2 -9.09438e-2 9.01653203e-1 9.01653203e-1
2.22e-2 -9.09438e-2 9.01653203e-1 9.01653203e-1
6.6644e-2 -9.09438e-2 8.9809738e-1 8.9809738e-1
1.11088e-1 -9.09438e-2 8.91094669e-1 8.91094669e-1
1.55532e-1 -9.09438e-2 8.80545154e-1 8.80545154e-1
1.99976e-1 -9.09438e-2 8.66712637e-1 8.66712637e-1
2.4442e-1 -9.09438e-2 8.49797086e-1 8.49797086e-1
2.88864e-1 -9.09438e-2 8.2988037e-1 8.2988037e-1
3.33308e-1 -9.09438e-2 8.07317188e-1 8.07317188e-1
3.77752e-1 -9.09438e-2 7.82116696e-1 7.82116696e-1
4.22196e-1 -9.09438e-2 7.54833556e-1 7.54833556e-1
4.6664e-1 -9.09438e-2 7.25622354e-1 7.25622354e-1
5.11084e-1 -9.09438e-2 6.94792412e-1 6.94792412e-1
5.55528e-1 -9.09438e-2 6.62598366e-1 6.62598366e-1
5.999721e-1 -9.09438e-2 6.29385617e-1 6.29385617e-1
6.44416e-1 -9.09438e-2 5.95545491e-1 5.95545491e-1
6.8886e-1 -9.09438e-2 5.6125062e-1 5.6125062e-1
7.33304e-1 -9.09438e-2 5.26864714e-1 5.26864714e-1
7.77748e-1 -9.09438e-2 4.92660736e-1 4.92660736e-1
8.221921e-1 -9.09438e-2 4.58829631e-1 4.58829631e-1
8.66636e-1 -9.09438e-2 4.25717073e-1 4.25717073e-1
9.1108e-1 -9.09438e-2 3.93331943e-1 3.93331943e-1
9.55524e-1 -9.09438e-2 3.62038232e-1 3.62038232e-1
9.99968e-1 -9.09438e-2 3.31835803e-1 3.31835803e-1
1.0444121e0 -9.09438e-2 3.03006496e-1 3.03006496e-1
1.088856e0 -9.09438e-2 2.75623442e-1 2.75623442e-1
1.1333e0 -9.09438e-2 2.49686224e-1 2.49686224e-1
1.177744e0 -9.09438e-2 2.25322371e-1 2.25322371e-1
1.222188e0 -9.09438e-2 2.02477348e-1 2.02477348e-1
1.2666321e0 -9.09438e-2 1.81287427e-1 1.81287427e-1
1.311076e0 -9.09438e-2 1.61634373e-1 1.61634373e-1
1.35552e0 -9.09438e-2 1.43627539e-1 1.43627539e-1
1.399964e0 -9.09438e-2 1.27066681e-1 1.27066681e-1
1.444408e0 -9.09438e-2 1.11969975e-1 1.11969975e-1
1.4888521e0 -9.09438e-2 9.8237512e-2 9.8237512e-2
1.533296e0 -9.09438e-2 8.59303055e-2 8.59303055e-2
1.57774e0 -9.09438e-2 7.48328053e-2 7.48328053e-2
1.622184e0 -9.09438e-2 6.49127205e-2 6.49127205e-2
1.666628e0 -9.09438e-2 5.60857764e-2 5.60857764e-2
1.7110721e0 -9.09438e-2 4.82678372e-2 4.82678372e-2
1.755516e0 -9.09438e-2 4.13756552e-2 4.13756552e-2
1.79996e0 -9.09438e-2 3.5327565e-2 3.5327565e-2
1.844404e0 -9.09438e-2 3.00450368e-2 3.00450368e-2
1.888848e0 -9.09438e-2 2.5451345e-2 2.5451345e-2
1.9332921e0 -9.09438e-2 2.14754817e-2 2.14754817e-2
1.977736e0 -9.09438e-2 1.8048867e-2 1.8048867e-2
2.02218e0 -9.09438e-2 1.5109041e-2 1.5109041e-2
2.066624e0 -9.09438e-2 1.25986223e-2 1.25986223e-2
2.111068e0 -9.09438e-2 1.04635051e-2 1.04635051e-2
2.1555121e0 -9.09438e-2 8.65641756e-3 8.65641756e-3
2.199956e0 -9.09438e-2 7.13288823e-3 7.13288823e-3

-2.2e0 -5.45808e-2 4.30279074e-3 4.30279074e-3
-2.155556e0 -5.45808e-2 5.2217804e-3 5.2217804e-3
-2.111112e0 -5.45808e-2 6.311987e-3 6.311987e-3
-2.0666681e0 -5.45808e-2 7.5998526e-3 7.5998526e-3
-2.0222241e0 -5.45808e-2 9.1143414e-3 9.1143414e-3
-1.97778e0 -5.45808e-2 1.0887701e-2 1.0887701e-2
-1.933336e0 -5.45808e-2 1.29547603e-2 1.29547603e-2
-1.888892e0 -5.45808e-2 1.53534137e-2 1.53534137e-2
-1.8444481e0 -5.45808e-2 1.81246451e-2 1.81246451e-2
-1.8000041e0 -5.45808e-2 2.13113286e-2 2.13113286e-2
-1.75556e0 -5.45808e-2 2.49595454e-2 2.49595454e-2
-1.711116e0 -5.45808e-2 2.91176749e-2 2.91176749e-2
-1.666672e0 -5.45808e-2 3.38337967e-2 3.38337967e-2
-1.6222281e0 -5.45808e-2 3.91593219e-2 3.91593219e-2
-1.5777841e0 -5.45808e-2 4.51438792e-2 4.51438792e-2
-1.53334e0 -5.45808e-2 5.18384634e-2 5.18384634e-2
-1.488896e0 -5.45808e-2 5.9280159e-2 5.9280159e-2
-1.444452e0 -5.45808e-2 6.7527327e-2 6.7527327e-2
-1.4000081e0 -5.45808e-2 7.6647806e-2 7.6647806e-2
-1.3555641e0 -5.45808e-2 8.6641515e-2 8.6641515e-2
-1.31112e0 -5.45808e-2 9.7557674e-2 9.7557674e-2
-1.266676e0 -5.45808e-2 1.0940178e-1 1.0940178e-1
-1.222232e0 -5.45808e-2 1.2217908e-1 1.2217908e-1
-1.177788e0 -5.45808e-2 1.35933463e-1 1.35933463e-1
-1.133344e0 -5.45808e-2 1.50621124e-1 1.50621124e-1
-1.0889e0 -5.45808e-2 1.66291283e-1 1.66291283e-1
-1.044456e0 -5.45808e-2 1.82834753e-1 1.82834753e-1
-1.000012e0 -5.45808e-2 2.00191406e-1 2.00191406e-1
-9.55568e-1 -5.45808e-2 2.18372318e-1 2.18372318e-1
-9.11124e-1 -5.45808e-2 2.37317274e-1 2.37317274e-1
-8.6668e-1 -5.45808e-2 2.56802658e-1 2.56802658e-1
-8.22236e-1 -5.45808e-2 2.7684471e-1 2.7684471e-1
-7.77792e-1 -5.45808e-2 2.9720882e-1 2.9720882e-1
-7.33348e-1 -5.45808e-2 3.17894905e-1 3.17894905e-1
-6.88904e-1 -5.45808e-2 3.38641121e-1 3.38641121e-1
-6.4446e-1 -5.45808e-2 3.59278067e-1 3.59278067e-1
-6.00016e-1 -5.45808e-2 3.79751363e-1 3.79751363e-1
-5.55572e-1 -5.45808e-2 3.99738864e-1 3.99738864e-1
-5.11128e-1 -5.45808e-2 4.19164117e-1 4.19164117e-1
-4.66684e-1 -5.45808e-2 4.37792595e-1 4.37792595e-1
-4.2224e-1 -5.45808e-2 4.55422168e-1 4.55422168e-1
-3.77796e-1 -5.45808e-2 4.71911005e-1 4.71911005e-1
-3.33352e-1 -5.45808e-2 4.87024413e-1 4.87024413e-1
-2.88908e-1 -5.45808e-2 5.00735155e-1 5.00735155e-1
-2.44464e-1 -5.45808e-2 5.12688362e-1 5.12688362e-1
-2.0002e-1 -5.45808e-2 5.22954993e-1 5.22954993e-1
-1.55576e-1 -5.45808e-2 5.31251213e-1 5.31251213e-1
-1.11132e-1 -5.45808e-2 5.37588103e-1 5.37588103e-1
-6.6688e-2 -5.45808e-2 5.41894536e-1 5.41894536e-1
-2.2244e-2 -5.45808e-2 5.44023183e-1 5.44023183e-1
2.22e-2 -5.45808e-2 5.44023183e-1 5.44023183e-1
6.6644e-2 -5.45808e-2 5.41894536e-1 5.41894536e-1
1.11088e-1 -5.45808e-2 5.37637239e-1 5.37637239e-1
1.55532e-1 -5.45808e-2 5.31251213e-1 5.31251213e-1
1.99976e-1 -5.45808e-2 5.22954993e-1 5.22954993e-1
2.4442e-1 -5.45808e-2 5.12742914e-1 5.12742914e-1
2.88864e-1 -5.45808e-2 5.00735155e-1 5.00735155e-1
3.33308e-1 -5.45808e-2 4.8708446e-1 4.8708446e-1
3.77752e-1 -5.45808e-2 4.71911005e-1 4.71911005e-1
4.22196e-1 -5.45808e-2 4.55422168e-1 4.55422168e-1
4.6664e-1 -5.45808e-2 4.37792595e-1 4.37792595e-1
5.11084e-1 -5.45808e-2 4.19164117e-1 4.19164117e-1
5.55528e-1 -5.45808e-2 3.99787918e-1 3.99787918e-1
5.999721e-1 -5.45808e-2 3.79751363e-1 3.79751363e-1
6.44416e-1 -5.45808e-2 3.59338115e-1 3.59338115e-1
6.8886e-1 -5.45808e-2 3.38641121e-1 3.38641121e-1
7.33304e-1 -5.45808e-2 3.17894905e-1 3.17894905e-1
7.77748e-1 -5.45808e-2 2.97257957e-1 2.97257957e-1
8.221921e-1 -5.45808e-2 2.7684471e-1 2.7684471e-1
8.66636e-1 -5.45808e-2 2.56802658e-1 2.56802658e-1
9.1108e-1 -5.45808e-2 2.37317274e-1 2.37317274e-1
9.55524e-1 -5.45808e-2 2.18426869e-1 2.18426869e-1
9.99968e-1 -5.45808e-2 2.0024604e-1 2.0024604e-1
1.0444121e0 -5.45808e-2 1.82834753e-1 1.82834753e-1
1.088856e0 -5.45808e-2 1.66291283e-1 1.66291283e-1
1.1333e0 -5.45808e-2 1.50675758e-1 1.50675758e-1
1.177744e0 -5.45808e-2 1.35933463e-1 1.35933463e-1
1.222188e0 -5.45808e-2 1.2217908e-1 1.2217908e-1
1.2666321e0 -5.45808e-2 1.0940178e-1 1.0940178e-1
1.311076e0 -5.45808e-2 9.7557674e-2 9.7557674e-2
1.35552e0 -5.45808e-2 8.6641515e-2 8.6641515e-2
1.399964e0 -5.45808e-2 7.6647806e-2 7.6647806e-2
1.444408e0 -5.45808e-2 6.7527327e-2 6.7527327e-2
1.4888521e0 -5.45808e-2 5.9280159e-2 5.9280159e-2
1.533296e0 -5.45808e-2 5.18455675e-2 5.18455675e-2
1.57774e0 -5.45808e-2 4.51500673e-2 4.51500673e-2
1.622184e0 -5.45808e-2 3.91649437e-2 3.91649437e-2
1.666628e0 -5.45808e-2 3.38389436e-2 3.38389436e-2
1.7110721e0 -5.45808e-2 2.9122039e-2 2.9122039e-2
1.755516e0 -5.45808e-2 2.49638928e-2 2.49638928e-2
1.79996e0 -5.45808e-2 2.13145018e-2 2.13145018e-2
1.844404e0 -5.45808e-2 1.81274933e-2 1.81274933e-2
1.888848e0 -5.45808e-2 1.53559955e-2 1.53559955e-2
1.9332921e0 -5.45808e-2 1.29569673e-2 1.29569673e-2
1.977736e0 -5.45808e-2 1.08895915e-2 1.08895915e-2
2.02218e0 -5.45808e-2 9.1159904e-3 9.1159904e-3
2.066624e0 -5.45808e-2 7.6012685e-3 7.6012685e-3
2.111068e0 -5.45808e-2 6.3131197e-3 6.3131197e-3
2.1555121e0 -5.45808e-2 5.22273315e-3 5.22273315e-3
2.199956e0 -5.45808e-2 4.30357028e-3 4.30357028e-3

-2.2e0 -1.8218e-2 1.43998997e-3 1.43998997e-3
-2.155556e0 -1.8218e-2 1.74753801e-3 1.74753801e-3
-2.111112e0 -1.8218e-2 2.1124025e-3 2.1124025e-3
-2.0666681e0 -1.8218e-2 2.5433899e-3 2.5433899e-3
-2.0222241e0 -1.8218e-2 3.0502727e-3 3.0502727e-3
-1.97778e0 -1.8218e-2 3.6437477e-3 3.6437477e-3
-1.933336e0 -1.8218e-2 4.3355237e-3 4.3355237e-3
-1.888892e0 -1.8218e-2 5.1383156e-3 5.1383156e-3
-1.8444481e0 -1.8218e-2 6.0656111e-3 6.0656111e-3
-1.8000041e0 -1.8218e-2 7.132191e-3 7.132191e-3
-1.75556e0 -1.8218e-2 8.3531247e-3 8.3531247e-3
-1.711116e0 -1.8218e-2 9.7446213e-3 9.7446213e-3
-1.666672e0 -1.8218e-2 1.13230878e-2 1.13230878e-2
-1.6222281e0 -1.8218e-2 1.31052501e-2 1.31052501e-2
-1.5777841e0 -1.8218e-2 1.51081628e-2 1.51081628e-2
-1.53334e0 -1.8218e-2 1.7348419e-2 1.7348419e-2
-1.488896e0 -1.8218e-2 1.9843044e-2 1.9843044e-2
-1.444452e0 -1.8218e-2 2.2593953e-2 2.2593953e-2
-1.4000081e0 -1.8218e-2 2.5654591e-2 2.5654591e-2
-1.3555641e0 -1.8218e-2 2.8990295e-2 2.8990295e-2
-1.31112e0 -1.8218e-2 3.2635732e-2 3.2635732e-2
-1.266676e0 -1.8218e-2 3.6607242e-2 3.6607242e-2
-1.222232e0 -1.8218e-2 4.0888484e-2 4.0888484e-2
-1.177788e0 -1.8218e-2 4.5501279e-2 4.5501279e-2
-1.133344e0 -1.8218e-2 5.0420132e-2 5.0420132e-2
-1.0889e0 -1.8218e-2 5.5650525e-2 5.5650525e-2
-1.044456e0 -1.8218e-2 6.119062e-2 6.119062e-2
-1.000012e0 -1.8218e-2 6.7002168e-2 6.7002168e-2
-9.55568e-1 -1.8218e-2 7.3086974e-2 7.3086974e-2
-9.11124e-1 -1.8218e-2 7.9412265e-2 7.9412265e-2
-8.6668e-1 -1.8218e-2 8.5936148e-2 8.5936148e-2
-8.22236e-1 -1.8218e-2 9.264036e-2 9.264036e-2
-7.77792e-1 -1.8218e-2 9.9473944e-2 9.9473944e-2
-7.33348e-1 -1.8218e-2 1.06382198e-1 1.06382198e-1
-6.88904e-1 -1.8218e-2 1.13323251e-1 1.13323251e-1
-6.4446e-1 -1.8218e-2 1.20247932e-1 1.20247932e-1
-6.00016e-1 -1.8218e-2 1.2708149e-1 1.2708149e-1
-5.55572e-1 -1.8218e-2 1.3378937e-1 1.3378937e-1
-5.11128e-1 -1.8218e-2 1.40273141e-1 1.40273141e-1
-4.66684e-1 -1.8218e-2 1.46505528e-1 1.46505528e-1
-4.2224e-1 -1.8218e-2 1.52411813e-1 1.52411813e-1
-3.77796e-1 -1.8218e-2 1.57931866e-1 1.57931866e-1
-3.33352e-1 -1.8218e-2 1.62998276e-1 1.62998276e-1
-2.88908e-1 -1.8218e-2 1.67572818e-1 1.67572818e-1
-2.44464e-1 -1.8218e-2 1.71580801e-1 1.71580801e-1
-2.0002e-1 -1.8218e-2 1.75007602e-1 1.75007602e-1
-1.55576e-1 -1.8218e-2 1.7779676e-1 1.7779676e-1
-1.11132e-1 -1.8218e-2 1.79926456e-1 1.79926456e-1
-6.6688e-2 -1.8218e-2 1.81349294e-1 1.81349294e-1
-2.2244e-2 -1.8218e-2 1.82057959e-1 1.82057959e-1
2.22e-2 -1.8218e-2 1.82057959e-1 1.82057959e-1
6.6644e-2 -1.8218e-2 1.81349294e-1 1.81349294e-1
1.11088e-1 -1.8218e-2 1.79926456e-1 1.79926456e-1
1.55532e-1 -1.8218e-2 1.7779676e-1 1.7779676e-1
1.99976e-1 -1.8218e-2 1.75007602e-1 1.75007602e-1
2.4442e-1 -1.8218e-2 1.71600816e-1 1.71600816e-1
2.88864e-1 -1.8218e-2 1.67572818e-1 1.67572818e-1
3.33308e-1 -1.8218e-2 1.62998276e-1 1.62998276e-1
3.77752e-1 -1.8218e-2 1.57931866e-1 1.57931866e-1
4.22196e-1 -1.8218e-2 1.52411813e-1 1.52411813e-1
4.6664e-1 -1.8218e-2 1.46505528e-1 1.46505528e-1
5.11084e-1 -1.8218e-2 1.40273141e-1 1.40273141e-1
5.55528e-1 -1.8218e-2 1.3378937e-1 1.3378937e-1
5.999721e-1 -1.8218e-2 1.2708149e-1 1.2708149e-1
6.44416e-1 -1.8218e-2 1.20247932e-1 1.20247932e-1
6.8886e-1 -1.8218e-2 1.13343294e-1 1.13343294e-1
7.33304e-1 -1.8218e-2 1.06382198e-1 1.06382198e-1
7.77748e-1 -1.8218e-2 9.9473944e-2 9.9473944e-2
8.221921e-1 -1.8218e-2 9.264036e-2 9.264036e-2
8.66636e-1 -1.8218e-2 8.595252e-2 8.595252e-2
9.1108e-1 -1.8218e-2 7.9412265e-2 7.9412265e-2
9.55524e-1 -1.8218e-2 7.3086974e-2 7.3086974e-2
9.99968e-1 -1.8218e-2 6.7002168e-2 6.7002168e-2
1.0444121e0 -1.8218e-2 6.119062e-2 6.119062e-2
1.088856e0 -1.8218e-2 5.5650525e-2 5.5650525e-2
1.1333e0 -1.8218e-2 5.0420132e-2 5.0420132e-2
1.177744e0 -1.8218e-2 4.5501279e-2 4.5501279e-2
1.222188e0 -1.8218e-2 4.0888484e-2 4.0888484e-2
1.2666321e0 -1.8218e-2 3.6607242e-2 3.6607242e-2
1.311076e0 -1.8218e-2 3.2652132e-2 3.2652132e-2
1.35552e0 -1.8218e-2 2.8990295e-2 2.8990295e-2
1.399964e0 -1.8218e-2 2.5654591e-2 2.5654591e-2
1.444408e0 -1.8218e-2 2.2610353e-2 2.2610353e-2
1.4888521e0 -1.8218e-2 1.9843044e-2 1.9843044e-2
1.533296e0 -1.8218e-2 1.73507373e-2 1.73507373e-2
1.57774e0 -1.8218e-2 1.5110281e-2 1.5110281e-2
1.622184e0 -1.8218e-2 1.31069597e-2 1.31069597e-2
1.666628e0 -1.8218e-2 1.13246945e-2 1.13246945e-2
1.7110721e0 -1.8218e-2 9.746053e-3 9.746053e-3
1.755516e0 -1.8218e-2 8.3544868e-3 8.3544868e-3
1.79996e0 -1.8218e-2 7.1332669e-3 7.1332669e-3
1.844404e0 -1.8218e-2 6.0666454e-3 6.0666454e-3
1.888848e0 -1.8218e-2 5.1391467e-3 5.1391467e-3
1.9332921e0 -1.8218e-2 4.3362714e-3 4.3362714e-3
1.977736e0 -1.8218e-2 3.6443927e-3 3.6443927e-3
2.02218e0 -1.8218e-2 3.050826e-3 3.050826e-3
2.066624e0 -1.8218e-2 2.5438625e-3 2.5438625e-3
2.111068e0 -1.8218e-2 2.1127834e-3 2.1127834e-3
2.1555121e0 -1.8218e-2 1.74787965e-3 1.74787965e-3
2.199956e0 -1.8218e-2 1.44026935e-3 1.44026935e-3

-2.2e0 1.8145e-2 -1.43422005e-3 -1.43422005e-3
-2.155556e0 1.8145e-2 -1.74055571e-3 -1.74055571e-3
-2.111112e0 1.8145e-2 -2.1039383e-3 -2.1039383e-3
-2.0666681e0 1.8145e-2 -2.5331989e-3 -2.5331989e-3
-2.0222241e0 1.8145e-2 -3.0380505e-3 -3.0380505e-3
-1.97778e0 1.8145e-2 -3.6291475e-3 -3.6291475e-3
-1.933336e0 1.8145e-2 -4.3181516e-3 -4.3181516e-3
-1.888892e0 1.8145e-2 -5.1177267e-3 -5.1177267e-3
-1.8444481e0 1.8145e-2 -6.0414369e-3 -6.0414369e-3
-1.8000041e0 1.8145e-2 -7.103613e-3 -7.103613e-3
-1.75556e0 1.8145e-2 -8.3196544e-3 -8.3196544e-3
-1.711116e0 1.8145e-2 -9.7055754e-3 -9.7055754e-3
-1.666672e0 1.8145e-2 -1.1277717e-2 -1.1277717e-2
-1.6222281e0 1.8145e-2 -1.30527385e-2 -1.30527385e-2
-1.5777841e0 1.8145e-2 -1.50476257e-2 -1.50476257e-2
-1.53334e0 1.8145e-2 -1.72791295e-2 -1.72791295e-2
-1.488896e0 1.8145e-2 -1.9763535e-2 -1.9763535e-2
-1.444452e0 1.8145e-2 -2.2503421e-2 -2.2503421e-2
-1.4000081e0 1.8145e-2 -2.5551796e-2 -2.5551796e-2
-1.3555641e0 1.8145e-2 -2.8874135e-2 -2.8874135e-2
-1.31112e0 1.8145e-2 -3.2504962e-2 -3.2504962e-2
-1.266676e0 1.8145e-2 -3.646056e-2 -3.646056e-2
-1.222232e0 1.8145e-2 -4.0724648e-2 -4.0724648e-2
-1.177788e0 1.8145e-2 -4.5318958e-2 -4.5318958e-2
-1.133344e0 1.8145e-2 -5.0218103e-2 -5.0218103e-2
-1.0889e0 1.8145e-2 -5.5427539e-2 -5.5427539e-2
-1.044456e0 1.8145e-2 -6.0945435e-2 -6.0945435e-2
-1.000012e0 1.8145e-2 -6.6733696e-2 -6.6733696e-2
-9.55568e-1 1.8145e-2 -7.2794121e-2 -7.2794121e-2
-9.11124e-1 1.8145e-2 -7.9094066e-2 -7.9094066e-2
-8.6668e-1 1.8145e-2 -8.5591809e-2 -8.5591809e-2
-8.22236e-1 1.8145e-2 -9.2269157e-2 -9.2269157e-2
-7.77792e-1 1.8145e-2 -9.907536e-2 -9.907536e-2
-7.33348e-1 1.8145e-2 -1.05955933e-1 -1.05955933e-1
-6.88904e-1 1.8145e-2 -1.12869174e-1 -1.12869174e-1
-6.4446e-1 1.8145e-2 -1.19766109e-1 -1.19766109e-1
-6.00016e-1 1.8145e-2 -1.26572285e-1 -1.26572285e-1
-5.55572e-1 1.8145e-2 -1.33253288e-1 -1.33253288e-1
-5.11128e-1 1.8145e-2 -1.39711078e-1 -1.39711078e-1
-4.66684e-1 1.8145e-2 -1.45918494e-1 -1.45918494e-1
-4.2224e-1 1.8145e-2 -1.51801112e-1 -1.51801112e-1
-3.77796e-1 1.8145e-2 -1.57299046e-1 -1.57299046e-1
-3.33352e-1 1.8145e-2 -1.62345154e-1 -1.62345154e-1
-2.88908e-1 1.8145e-2 -1.66901367e-1 -1.66901367e-1
-2.44464e-1 1.8145e-2 -1.7089329e-1 -1.7089329e-1
-2.0002e-1 1.8145e-2 -1.7430636e-1 -1.7430636e-1
-1.55576e-1 1.8145e-2 -1.77084343e-1 -1.77084343e-1
-1.11132e-1 1.8145e-2 -1.79205505e-1 -1.79205505e-1
-6.6688e-2 1.8145e-2 -1.80622641e-1 -1.80622641e-1
-2.2244e-2 1.8145e-2 -1.81328468e-1 -1.81328468e-1
2.22e-2 1.8145e-2 -1.81328468e-1 -1.81328468e-1
6.6644e-2 1.8145e-2 -1.80622641e-1 -1.80622641e-1
1.11088e-1 1.8145e-2 -1.79205505e-1 -1.79205505e-1
1.55532e-1 1.8145e-2 -1.77084343e-1 -1.77084343e-1
1.99976e-1 1.8145e-2 -1.74322696e-1 -1.74322696e-1
2.4442e-1 1.8145e-2 -1.70913226e-1 -1.70913226e-1
2.88864e-1 1.8145e-2 -1.66901367e-1 -1.66901367e-1
3.33308e-1 1.8145e-2 -1.62345154e-1 -1.62345154e-1
3.77752e-1 1.8145e-2 -1.57299046e-1 -1.57299046e-1
4.22196e-1 1.8145e-2 -1.51801112e-1 -1.51801112e-1
4.6664e-1 1.8145e-2 -1.45918494e-1 -1.45918494e-1
5.11084e-1 1.8145e-2 -1.39711078e-1 -1.39711078e-1
5.55528e-1 1.8145e-2 -1.33253288e-1 -1.33253288e-1
5.999721e-1 1.8145e-2 -1.26572285e-1 -1.26572285e-1
6.44416e-1 1.8145e-2 -1.19766109e-1 -1.19766109e-1
6.8886e-1 1.8145e-2 -1.12889137e-1 -1.12889137e-1
7.33304e-1 1.8145e-2 -1.05955933e-1 -1.05955933e-1
7.77748e-1 1.8145e-2 -9.907536e-2 -9.907536e-2
8.221921e-1 1.8145e-2 -9.2269157e-2 -9.2269157e-2
8.66636e-1 1.8145e-2 -8.5608116e-2 -8.5608116e-2
9.1108e-1 1.8145e-2 -7.9094066e-2 -7.9094066e-2
9.55524e-1 1.8145e-2 -7.2794121e-2 -7.2794121e-2
9.99968e-1 1.8145e-2 -6.6733696e-2 -6.6733696e-2
1.0444121e0 1.8145e-2 -6.0945435e-2 -6.0945435e-2
1.088856e0 1.8145e-2 -5.5427539e-2 -5.5427539e-2
1.1333e0 1.8145e-2 -5.0218103e-2 -5.0218103e-2
1.177744e0 1.8145e-2 -4.5318958e-2 -4.5318958e-2
1.222188e0 1.8145e-2 -4.0724648e-2 -4.0724648e-2
1.2666321e0 1.8145e-2 -3.646056e-2 -3.646056e-2
1.311076e0 1.8145e-2 -3.2521298e-2 -3.2521298e-2
1.35552e0 1.8145e-2 -2.8874135e-2 -2.8874135e-2
1.399964e0 1.8145e-2 -2.5551796e-2 -2.5551796e-2
1.444408e0 1.8145e-2 -2.2519756e-2 -2.2519756e-2
1.4888521e0 1.8145e-2 -1.9763535e-2 -1.9763535e-2
1.533296e0 1.8145e-2 -1.72812144e-2 -1.72812144e-2
1.57774e0 1.8145e-2 -1.50497354e-2 -1.50497354e-2
1.622184e0 1.8145e-2 -1.30547595e-2 -1.30547595e-2
1.666628e0 1.8145e-2 -1.12793839e-2 -1.12793839e-2
1.7110721e0 1.8145e-2 -9.7070013e-3 -9.7070013e-3
1.755516e0 1.8145e-2 -8.321011e-3 -8.321011e-3
1.79996e0 1.8145e-2 -7.1046844e-3 -7.1046844e-3
1.844404e0 1.8145e-2 -6.0423367e-3 -6.0423367e-3
1.888848e0 1.8145e-2 -5.1185545e-3 -5.1185545e-3
1.9332921e0 1.8145e-2 -4.3188963e-3 -4.3188963e-3
1.977736e0 1.8145e-2 -3.6297899e-3 -3.6297899e-3
2.02218e0 1.8145e-2 -3.0386015e-3 -3.0386015e-3
2.066624e0 1.8145e-2 -2.5336694e-3 -2.5336694e-3
2.111068e0 1.8145e-2 -2.1043176e-3 -2.1043176e-3
2.1555121e0 1.8145e-2 -1.74087605e-3 -1.74087605e-3
2.199956e0 1.8145e-2 -1.4344983e-3 -1.4344983e-3

-2.2e0 5.45079e-2 -4.29704448e-3 -4.29704448e-3
-2.155556e0 5.45079e-2 -5.21480684e-3 -5.21480684e-3
-2.111112e0 5.45079e-2 -6.3035825e-3 -6.3035825e-3
-2.0666681e0 5.45079e-2 -7.5897032e-3 -7.5897032e-3
-2.0222241e0 5.45079e-2 -9.1022527e-3 -9.1022527e-3
-1.97778e0 5.45079e-2 -1.08733936e-2 -1.08733936e-2
-1.933336e0 5.45079e-2 -1.29376758e-2 -1.29376758e-2
-1.888892e0 5.45079e-2 -1.53330927e-2 -1.53330927e-2
-1.8444481e0 5.45079e-2 -1.810044e-2 -1.810044e-2
-1.8000041e0 5.45079e-2 -2.12831757e-2 -2.12831757e-2
-1.75556e0 5.45079e-2 -2.4926828e-2 -2.4926828e-2
-1.711116e0 5.45079e-2 -2.9078789e-2 -2.9078789e-2
-1.666672e0 5.45079e-2 -3.37890866e-2 -3.37890866e-2
-1.6222281e0 5.45079e-2 -3.91070258e-2 -3.91070258e-2
-1.5777841e0 5.45079e-2 -4.50843976e-2 -4.50843976e-2
-1.53334e0 5.45079e-2 -5.17692345e-2 -5.17692345e-2
-1.488896e0 5.45079e-2 -5.9200992e-2 -5.9200992e-2
-1.444452e0 5.45079e-2 -6.7437146e-2 -6.7437146e-2
-1.4000081e0 5.45079e-2 -7.6545445e-2 -7.6545445e-2
-1.3555641e0 5.45079e-2 -8.6525807e-2 -8.6525807e-2
-1.31112e0 5.45079e-2 -9.7427388e-2 -9.7427388e-2
-1.266676e0 5.45079e-2 -1.09255676e-1 -1.09255676e-1
-1.222232e0 5.45079e-2 -1.22015912e-1 -1.22015912e-1
-1.177788e0 5.45079e-2 -1.35751927e-1 -1.35751927e-1
-1.133344e0 5.45079e-2 -1.50419974e-1 -1.50419974e-1
-1.0889e0 5.45079e-2 -1.66069205e-1 -1.66069205e-1
-1.044456e0 5.45079e-2 -1.82590582e-1 -1.82590582e-1
-1.000012e0 5.45079e-2 -1.99924055e-1 -1.99924055e-1
-9.55568e-1 5.45079e-2 -2.18135165e-1 -2.18135165e-1
-9.11124e-1 5.45079e-2 -2.37000343e-1 -2.37000343e-1
-8.6668e-1 5.45079e-2 -2.56459705e-1 -2.56459705e-1
-8.22236e-1 5.45079e-2 -2.76474991e-1 -2.76474991e-1
-7.77792e-1 5.45079e-2 -2.96860977e-1 -2.96860977e-1
-7.33348e-1 5.45079e-2 -3.17470364e-1 -3.17470364e-1
-6.88904e-1 5.45079e-2 -3.38188873e-1 -3.38188873e-1
-6.4446e-1 5.45079e-2 -3.5879826e-1 -3.5879826e-1
-6.00016e-1 5.45079e-2 -3.79244214e-1 -3.79244214e-1
-5.55572e-1 5.45079e-2 -3.99205023e-1 -3.99205023e-1
-5.11128e-1 5.45079e-2 -4.18604333e-1 -4.18604333e-1
-4.66684e-1 5.45079e-2 -4.37207935e-1 -4.37207935e-1
-4.2224e-1 5.45079e-2 -4.54813963e-1 -4.54813963e-1
-3.77796e-1 5.45079e-2 -4.7128078e-1 -4.7128078e-1
-3.33352e-1 5.45079e-2 -4.86374004e-1 -4.86374004e-1
-2.88908e-1 5.45079e-2 -5.00066437e-1 -5.00066437e-1
-2.44464e-1 5.45079e-2 -5.12058159e-1 -5.12058159e-1
-2.0002e-1 5.45079e-2 -5.222566e-1 -5.222566e-1
-1.55576e-1 5.45079e-2 -5.3054174e-1 -5.3054174e-1
-1.11132e-1 5.45079e-2 -5.3691924e-1 -5.3691924e-1
-6.6688e-2 5.45079e-2 -5.4117085e-1 -5.4117085e-1
-2.2244e-2 5.45079e-2 -5.43296654e-1 -5.43296654e-1
2.22e-2 5.45079e-2 -5.43296654e-1 -5.43296654e-1
6.6644e-2 5.45079e-2 -5.4117085e-1 -5.4117085e-1
1.11088e-1 5.45079e-2 -5.3691924e-1 -5.3691924e-1
1.55532e-1 5.45079e-2 -5.30596303e-1 -5.30596303e-1
1.99976e-1 5.45079e-2 -5.222566e-1 -5.222566e-1
2.4442e-1 5.45079e-2 -5.12058159e-1 -5.12058159e-1
2.88864e-1 5.45079e-2 -5.00066437e-1 -5.00066437e-1
3.33308e-1 5.45079e-2 -4.8643397e-1 -4.8643397e-1
3.77752e-1 5.45079e-2 -4.7128078e-1 -4.7128078e-1
4.22196e-1 5.45079e-2 -4.54813963e-1 -4.54813963e-1
4.6664e-1 5.45079e-2 -4.37207935e-1 -4.37207935e-1
5.11084e-1 5.45079e-2 -4.18604333e-1 -4.18604333e-1
5.55528e-1 5.45079e-2 -3.99254012e-1 -3.99254012e-1
5.999721e-1 5.45079e-2 -3.79244214e-1 -3.79244214e-1
6.44416e-1 5.45079e-2 -3.58858229e-1 -3.58858229e-1
6.8886e-1 5.45079e-2 -3.38188873e-1 -3.38188873e-1
7.33304e-1 5.45079e-2 -3.17470364e-1 -3.17470364e-1
7.77748e-1 5.45079e-2 -2.96860977e-1 -2.96860977e-1
8.221921e-1 5.45079e-2 -2.76474991e-1 -2.76474991e-1
8.66636e-1 5.45079e-2 -2.56459705e-1 -2.56459705e-1
9.1108e-1 5.45079e-2 -2.37000343e-1 -2.37000343e-1
9.55524e-1 5.45079e-2 -2.18135165e-1 -2.18135165e-1
9.99968e-1 5.45079e-2 -1.99978616e-1 -1.99978616e-1
1.0444121e0 5.45079e-2 -1.82590582e-1 -1.82590582e-1
1.088856e0 5.45079e-2 -1.66069205e-1 -1.66069205e-1
1.1333e0 5.45079e-2 -1.50474535e-1 -1.50474535e-1
1.177744e0 5.45079e-2 -1.35751927e-1 -1.35751927e-1
1.222188e0 5.45079e-2 -1.22015912e-1 -1.22015912e-1
1.2666321e0 5.45079e-2 -1.09255676e-1 -1.09255676e-1
1.311076e0 5.45079e-2 -9.7427388e-2 -9.7427388e-2
1.35552e0 5.45079e-2 -8.6525807e-2 -8.6525807e-2
1.399964e0 5.45079e-2 -7.6545445e-2 -7.6545445e-2
1.444408e0 5.45079e-2 -6.7437146e-2 -6.7437146e-2
1.4888521e0 5.45079e-2 -5.9200992e-2 -5.9200992e-2
1.533296e0 5.45079e-2 -5.1776329e-2 -5.1776329e-2
1.57774e0 5.45079e-2 -4.50903444e-2 -4.50903444e-2
1.622184e0 5.45079e-2 -3.91126399e-2 -3.91126399e-2
1.666628e0 5.45079e-2 -3.37937526e-2 -3.37937526e-2
1.7110721e0 5.45079e-2 -2.90831473e-2 -2.90831473e-2
1.755516e0 5.45079e-2 -2.49305542e-2 -2.49305542e-2
1.79996e0 5.45079e-2 -2.12864693e-2 -2.12864693e-2
1.844404e0 5.45079e-2 -1.81032845e-2 -1.81032845e-2
1.888848e0 5.45079e-2 -1.53357042e-2 -1.53357042e-2
1.9332921e0 5.45079e-2 -1.29397551e-2 -1.29397551e-2
1.977736e0 5.45079e-2 -1.08750487e-2 -1.08750487e-2
2.02218e0 5.45079e-2 -9.103966e-3 -9.103966e-3
2.066624e0 5.45079e-2 -7.5911171e-3 -7.5911171e-3
2.111068e0 5.45079e-2 -6.3047304e-3 -6.3047304e-3
2.1555121e0 5.45079e-2 -5.21584317e-3 -5.21584317e-3
2.199956e0 5.45079e-2 -4.29790614e-3 -4.29790614e-3

-2.2e0 9.08708e-2 -7.12594545e-3 -7.12594545e-3
-2.155556e0 9.08708e-2 -8.64787611e-3 -8.64787611e-3
-2.111112e0 9.08708e-2 -1.0453387e-2 -1.0453387e-2
-2.0666681e0 9.08708e-2 -1.25863467e-2 -1.25863467e-2
-2.0222241e0 9.08708e-2 -1.50944174e-2 -1.50944174e-2
-1.97778e0 9.08708e-2 -1.80313292e-2 -1.80313292e-2
-1.933336e0 9.08708e-2 -2.14546666e-2 -2.14546666e-2
-1.888892e0 9.08708e-2 -2.54271028e-2 -2.54271028e-2
-1.8444481e0 9.08708e-2 -3.00164694e-2 -3.00164694e-2
-1.8000041e0 9.08708e-2 -3.52939534e-2 -3.52939534e-2
-1.75556e0 9.08708e-2 -4.13360104e-2 -4.13360104e-2
-1.711116e0 9.08708e-2 -4.82222026e-2 -4.82222026e-2
-1.666672e0 9.08708e-2 -5.60330623e-2 -5.60330623e-2
-1.6222281e0 9.08708e-2 -6.48527827e-2 -6.48527827e-2
-1.5777841e0 9.08708e-2 -7.47637819e-2 -7.47637819e-2
-1.53334e0 9.08708e-2 -8.58504747e-2 -8.58504747e-2
-1.488896e0 9.08708e-2 -9.815866e-2 -9.815866e-2
-1.444452e0 9.08708e-2 -1.11880101e-1 -1.11880101e-1
-1.4000081e0 9.08708e-2 -1.26964688e-1 -1.26964688e-1
-1.3555641e0 9.08708e-2 -1.43512253e-1 -1.43512253e-1
-1.31112e0 9.08708e-2 -1.61504634e-1 -1.61504634e-1
-1.266676e0 9.08708e-2 -1.81141911e-1 -1.81141911e-1
-1.222232e0 9.08708e-2 -2.02314825e-1 -2.02314825e-1
-1.177788e0 9.08708e-2 -2.25141512e-1 -2.25141512e-1
-1.133344e0 9.08708e-2 -2.49485808e-1 -2.49485808e-1
-1.0889e0 9.08708e-2 -2.75402206e-1 -2.75402206e-1
-1.044456e0 9.08708e-2 -3.02763281e-1 -3.02763281e-1
-1.000012e0 9.08708e-2 -3.31569449e-1 -3.31569449e-1
-9.55568e-1 9.08708e-2 -3.61665826e-1 -3.61665826e-1
-9.11124e-1 9.08708e-2 -3.93016226e-1 -3.93016226e-1
-8.6668e-1 9.08708e-2 -4.25275389e-1 -4.25275389e-1
-8.22236e-1 9.08708e-2 -4.5846134e-1 -4.5846134e-1
-7.77792e-1 9.08708e-2 -4.92265291e-1 -4.92265291e-1
-7.33348e-1 9.08708e-2 -5.26441815e-1 -5.26441815e-1
-6.88904e-1 9.08708e-2 -5.60800119e-1 -5.60800119e-1
-6.4446e-1 9.08708e-2 -5.95067464e-1 -5.95067464e-1
-6.00016e-1 9.08708e-2 -6.28880426e-1 -6.28880426e-1
-5.55572e-1 9.08708e-2 -6.62066518e-1 -6.62066518e-1
-5.11128e-1 9.08708e-2 -6.94153052e-1 -6.94153052e-1
-4.66684e-1 9.08708e-2 -7.24958249e-1 -7.24958249e-1
-4.2224e-1 9.08708e-2 -7.54227672e-1 -7.54227672e-1
-3.77796e-1 9.08708e-2 -7.81488913e-1 -7.81488913e-1
-3.33352e-1 9.08708e-2 -8.06569205e-1 -8.06569205e-1
-2.88908e-1 9.08708e-2 -8.29214249e-1 -8.29214249e-1
-2.44464e-1 9.08708e-2 -8.49114977e-1 -8.49114977e-1
-2.0002e-1 9.08708e-2 -8.66016951e-1 -8.66016951e-1
-1.55576e-1 9.08708e-2 -8.79838365e-1 -8.79838365e-1
-1.11132e-1 9.08708e-2 -8.90379411e-1 -8.90379411e-1
-6.6688e-2 9.08708e-2 -8.97376503e-1 -8.97376503e-1
-2.2244e-2 9.08708e-2 -9.00929471e-1 -9.00929471e-1
2.22e-2 9.08708e-2 -9.0101128e-1 -9.0101128e-1
6.6644e-2 9.08708e-2 -8.97376503e-1 -8.97376503e-1
1.11088e-1 9.08708e-2 -8.90379411e-1 -8.90379411e-1
1.55532e-1 9.08708e-2 -8.79838365e-1 -8.79838365e-1
1.99976e-1 9.08708e-2 -8.66116924e-1 -8.66116924e-1
2.4442e-1 9.08708e-2 -8.49114977e-1 -8.49114977e-1
2.88864e-1 9.08708e-2 -8.29214249e-1 -8.29214249e-1
3.33308e-1 9.08708e-2 -8.06669176e-1 -8.06669176e-1
3.77752e-1 9.08708e-2 -7.81579733e-1 -7.81579733e-1
4.22196e-1 9.08708e-2 -7.54227672e-1 -7.54227672e-1
4.6664e-1 9.08708e-2 -7.25039919e-1 -7.25039919e-1
5.11084e-1 9.08708e-2 -6.94234721e-1 -6.94234721e-1
5.55528e-1 9.08708e-2 -6.62066518e-1 -6.62066518e-1
5.999721e-1 9.08708e-2 -6.28880426e-1 -6.28880426e-1
6.44416e-1 9.08708e-2 -5.95067464e-1 -5.95067464e-1
6.8886e-1 9.08708e-2 -5.60800119e-1 -5.60800119e-1
7.33304e-1 9.08708e-2 -5.26441815e-1 -5.26441815e-1
7.77748e-1 9.08708e-2 -4.92265291e-1 -4.92265291e-1
8.221921e-1 9.08708e-2 -4.5846134e-1 -4.5846134e-1
8.66636e-1 9.08708e-2 -4.25375362e-1 -4.25375362e-1
9.1108e-1 9.08708e-2 -3.93016226e-1 -3.93016226e-1
9.55524e-1 9.08708e-2 -3.61747635e-1 -3.61747635e-1
9.99968e-1 9.08708e-2 -3.31569449e-1 -3.31569449e-1
1.0444121e0 9.08708e-2 -3.0284509e-1 -3.0284509e-1
1.088856e0 9.08708e-2 -2.75402206e-1 -2.75402206e-1
1.1333e0 9.08708e-2 -2.49485808e-1 -2.49485808e-1
1.177744e0 9.08708e-2 -2.25141512e-1 -2.25141512e-1
1.222188e0 9.08708e-2 -2.02314825e-1 -2.02314825e-1
1.2666321e0 9.08708e-2 -1.81141911e-1 -1.81141911e-1
1.311076e0 9.08708e-2 -1.61504634e-1 -1.61504634e-1
1.35552e0 9.08708e-2 -1.43512253e-1 -1.43512253e-1
1.399964e0 9.08708e-2 -1.26964688e-1 -1.26964688e-1
1.444408e0 9.08708e-2 -1.11880101e-1 -1.11880101e-1
1.4888521e0 9.08708e-2 -9.815866e-2 -9.815866e-2
1.533296e0 9.08708e-2 -8.58625795e-2 -8.58625795e-2
1.57774e0 9.08708e-2 -7.47742227e-2 -7.47742227e-2
1.622184e0 9.08708e-2 -6.48616429e-2 -6.48616429e-2
1.666628e0 9.08708e-2 -5.60414096e-2 -5.60414096e-2
1.7110721e0 9.08708e-2 -4.8229801e-2 -4.8229801e-2
1.755516e0 9.08708e-2 -4.13432068e-2 -4.13432068e-2
1.79996e0 9.08708e-2 -3.53001236e-2 -3.53001236e-2
1.844404e0 9.08708e-2 -3.00212254e-2 -3.00212254e-2
1.888848e0 9.08708e-2 -2.54313597e-2 -2.54313597e-2
1.9332921e0 9.08708e-2 -2.1458244e-2 -2.1458244e-2
1.977736e0 9.08708e-2 -1.80345323e-2 -1.80345323e-2
2.02218e0 9.08708e-2 -1.50973016e-2 -1.50973016e-2
2.066624e0 9.08708e-2 -1.25886206e-2 -1.25886206e-2
2.111068e0 9.08708e-2 -1.04552588e-2 -1.04552588e-2
2.1555121e0 9.08708e-2 -8.64962459e-3 -8.64962459e-3
2.199956e0 9.08708e-2 -7.12725021e-3 -7.12725021e-3

-2.2e0 1.272337e-1 -9.8985927e-3 -9.8985927e-3
-2.155556e0 1.272337e-1 -1.20126906e-2 -1.20126906e-2
-2.111112e0 1.272337e-1 -1.4520848e-2 -1.4520848e-2
-2.0666681e0 1.272337e-1 -1.7483649e-2 -1.7483649e-2
-2.0222241e0 1.272337e-1 -2.096788e-2 -2.096788e-2
-1.97778e0 1.272337e-1 -2.5047743e-2 -2.5047743e-2
-1.933336e0 1.272337e-1 -2.980237e-2 -2.980237e-2
-1.888892e0 1.272337e-1 -3.5320699e-2 -3.5320699e-2
-1.8444481e0 1.272337e-1 -4.1695625e-2 -4.1695625e-2
-1.8000041e0 1.272337e-1 -4.9026921e-2 -4.9026921e-2
-1.75556e0 1.272337e-1 -5.7420726e-2 -5.7420726e-2
-1.711116e0 1.272337e-1 -6.6985349e-2 -6.6985349e-2
-1.666672e0 1.272337e-1 -7.7836444e-2 -7.7836444e-2
-1.6222281e0 1.272337e-1 -9.0086806e-2 -9.0086806e-2
-1.5777841e0 1.272337e-1 -1.03853932e-1 -1.03853932e-1
-1.53334e0 1.272337e-1 -1.1925458e-1 -1.1925458e-1
-1.488896e0 1.272337e-1 -1.3642e-1 -1.3642e-1
-1.444452e0 1.272337e-1 -1.553779e-1 -1.553779e-1
-1.4000081e0 1.272337e-1 -1.7624423e-1 -1.7624423e-1
-1.3555641e0 1.272337e-1 -1.9928612e-1 -1.9928612e-1
-1.31112e0 1.272337e-1 -2.2435118e-1 -2.2435118e-1
-1.266676e0 1.272337e-1 -2.5159201e-1 -2.5159201e-1
-1.222232e0 1.272337e-1 -2.8112294e-1 -2.8112294e-1
-1.177788e0 1.272337e-1 -3.1268967e-1 -3.1268967e-1
-1.133344e0 1.272337e-1 -3.4652107e-1 -3.4652107e-1
-1.0889e0 1.272337e-1 -3.8254086e-1 -3.8254086e-1
-1.044456e0 1.272337e-1 -4.2059663e-1 -4.2059663e-1
-1.000012e0 1.272337e-1 -4.6056064e-1 -4.6056064e-1
-9.55568e-1 1.272337e-1 -5.0242064e-1 -5.0242064e-1
-9.11124e-1 1.272337e-1 -5.4595999e-1 -5.4595999e-1
-8.6668e-1 1.272337e-1 -5.9075894e-1 -5.9075894e-1
-8.22236e-1 1.272337e-1 -6.368303e-1 -6.368303e-1
-7.77792e-1 1.272337e-1 -6.837922e-1 -6.837922e-1
-7.33348e-1 1.272337e-1 -7.3126314e-1 -7.3126314e-1
-6.88904e-1 1.272337e-1 -7.789758e-1 -7.789758e-1
-6.4446e-1 1.272337e-1 -8.2656128e-1 -8.2656128e-1
-6.00016e-1 1.272337e-1 -8.7352318e-1 -8.7352318e-1
-5.55572e-1 1.272337e-1 -9.1959454e-1 -9.1959454e-1
-5.11128e-1 1.272337e-1 -9.6426633e-1 -9.6426633e-1
-4.66684e-1 1.272337e-1 -1.00715685e0 -1.00715685e0
-4.2224e-1 1.272337e-1 -1.04764252e0 -1.04764252e0
-3.77796e-1 1.272337e-1 -1.0855583e0 -1.0855583e0
-3.33352e-1 1.272337e-1 -1.12042023e0 -1.12042023e0
-2.88908e-1 1.272337e-1 -1.1518724e0 -1.1518724e0
-2.44464e-1 1.272337e-1 -1.1794821e0 -1.1794821e0
-2.0002e-1 1.272337e-1 -1.20303304e0 -1.20303304e0
-1.55576e-1 1.272337e-1 -1.22224545e0 -1.22224545e0
-1.11132e-1 1.272337e-1 -1.23675009e0 -1.23675009e0
-6.6688e-2 1.272337e-1 -1.24655977e0 -1.24655977e0
-2.2244e-2 1.272337e-1 -1.25150926e0 -1.25150926e0
2.22e-2 1.272337e-1 -1.25150926e0 -1.25150926e0
6.6644e-2 1.272337e-1 -1.24655977e0 -1.24655977e0
1.11088e-1 1.272337e-1 -1.23675009e0 -1.23675009e0
1.55532e-1 1.272337e-1 -1.22224545e0 -1.22224545e0
1.99976e-1 1.272337e-1 -1.20303304e0 -1.20303304e0
2.4442e-1 1.272337e-1 -1.17960947e0 -1.17960947e0
2.88864e-1 1.272337e-1 -1.1518724e0 -1.1518724e0
3.33308e-1 1.272337e-1 -1.12054758e0 -1.12054758e0
3.77752e-1 1.272337e-1 -1.08568547e0 -1.08568547e0
4.22196e-1 1.272337e-1 -1.04775705e0 -1.04775705e0
4.6664e-1 1.272337e-1 -1.00715685e0 -1.00715685e0
5.11084e-1 1.272337e-1 -9.6426633e-1 -9.6426633e-1
5.55528e-1 1.272337e-1 -9.1959454e-1 -9.1959454e-1
5.999721e-1 1.272337e-1 -8.7366316e-1 -8.7366316e-1
6.44416e-1 1.272337e-1 -8.2656128e-1 -8.2656128e-1
6.8886e-1 1.272337e-1 -7.7910295e-1 -7.7910295e-1
7.33304e-1 1.272337e-1 -7.3126314e-1 -7.3126314e-1
7.77748e-1 1.272337e-1 -6.837922e-1 -6.837922e-1
8.221921e-1 1.272337e-1 -6.3694485e-1 -6.3694485e-1
8.66636e-1 1.272337e-1 -5.9087349e-1 -5.9087349e-1
9.1108e-1 1.272337e-1 -5.4595999e-1 -5.4595999e-1
9.55524e-1 1.272337e-1 -5.0242064e-1 -5.0242064e-1
9.99968e-1 1.272337e-1 -4.606878e-1 -4.606878e-1
1.0444121e0 1.272337e-1 -4.2059663e-1 -4.2059663e-1
1.088856e0 1.272337e-1 -3.8254086e-1 -3.8254086e-1
1.1333e0 1.272337e-1 -3.4652107e-1 -3.4652107e-1
1.177744e0 1.272337e-1 -3.1280421e-1 -3.1280421e-1
1.222188e0 1.272337e-1 -2.8112294e-1 -2.8112294e-1
1.2666321e0 1.272337e-1 -2.5159201e-1 -2.5159201e-1
1.311076e0 1.272337e-1 -2.2435118e-1 -2.2435118e-1
1.35552e0 1.272337e-1 -1.9928612e-1 -1.9928612e-1
1.399964e0 1.272337e-1 -1.763842e-1 -1.763842e-1
1.444408e0 1.272337e-1 -1.553779e-1 -1.553779e-1
1.4888521e0 1.272337e-1 -1.3642e-1 -1.3642e-1
1.533296e0 1.272337e-1 -1.19270656e-1 -1.19270656e-1
1.57774e0 1.272337e-1 -1.03869891e-1 -1.03869891e-1
1.622184e0 1.272337e-1 -9.0099367e-2 -9.0099367e-2
1.666628e0 1.272337e-1 -7.784718e-2 -7.784718e-2
1.7110721e0 1.272337e-1 -6.699529e-2 -6.699529e-2
1.755516e0 1.272337e-1 -5.7429655e-2 -5.7429655e-2
1.79996e0 1.272337e-1 -4.9035289e-2 -4.9035289e-2
1.844404e0 1.272337e-1 -4.1702596e-2 -4.1702596e-2
1.888848e0 1.272337e-1 -3.5326619e-2 -3.5326619e-2
1.9332921e0 1.272337e-1 -2.9807883e-2 -2.9807883e-2
1.977736e0 1.272337e-1 -2.5051703e-2 -2.5051703e-2
2.02218e0 1.272337e-1 -2.097153e-2 -2.097153e-2
2.066624e0 1.272337e-1 -1.7486755e-2 -1.7486755e-2
2.111068e0 1.272337e-1 -1.452345e-2 -1.452345e-2
2.1555121e0 1.272337e-1 -1.20151659e-2 -1.20151659e-2
2.199956e0 1.272337e-1 -9.9005826e-3 -9.9005826e-3

-2.2e0 1.635966e-1 -1.25937317e-2 -1.25937317e-2
-2.155556e0 1.635966e-1 -1.5283558e-2 -1.5283558e-2
-2.111112e0 1.635966e-1 -1.8474643e-2 -1.8474643e-2
-2.0666681e0 1.635966e-1 -2.2244037e-2 -2.2244037e-2
-2.0222241e0 1.635966e-1 -2.6676942e-2 -2.6676942e-2
-1.97778e0 1.635966e-1 -3.1867122e-2 -3.1867122e-2
-1.933336e0 1.635966e-1 -3.7916873e-2 -3.7916873e-2
-1.888892e0 1.635966e-1 -4.4937404e-2 -4.4937404e-2
-1.8444481e0 1.635966e-1 -5.304794e-2 -5.304794e-2
-1.8000041e0 1.635966e-1 -6.2375615e-2 -6.2375615e-2
-1.75556e0 1.635966e-1 -7.3054456e-2 -7.3054456e-2
-1.711116e0 1.635966e-1 -8.5223628e-2 -8.5223628e-2
-1.666672e0 1.635966e-1 -9.9028694e-2 -9.9028694e-2
-1.6222281e0 1.635966e-1 -1.14615083e-1 -1.14615083e-1
-1.5777841e0 1.635966e-1 -1.3213068e-1 -1.3213068e-1
-1.53334e0 1.635966e-1 -1.51724109e-1 -1.51724109e-1
-1.488896e0 1.635966e-1 -1.7344524e-1 -1.7344524e-1
-1.444452e0 1.635966e-1 -1.9765747e-1 -1.9765747e-1
-1.4000081e0 1.635966e-1 -2.2434004e-1 -2.2434004e-1
-1.3555641e0 1.635966e-1 -2.5362398e-1 -2.5362398e-1
-1.31112e0 1.635966e-1 -2.8552527e-1 -2.8552527e-1
-1.266676e0 1.635966e-1 -3.2004417e-1 -3.2004417e-1
-1.222232e0 1.635966e-1 -3.575404e-1 -3.575404e-1
-1.177788e0 1.635966e-1 -3.9778528e-1 -3.9778528e-1
-1.133344e0 1.635966e-1 -4.4099101e-1 -4.4099101e-1
-1.0889e0 1.635966e-1 -4.8665085e-1 -4.8665085e-1
-1.044456e0 1.635966e-1 -5.3507556e-1 -5.3507556e-1
-1.000012e0 1.635966e-1 -5.8597035e-1 -5.8597035e-1
-9.55568e-1 1.635966e-1 -6.3915575e-1 -6.3915575e-1
-9.11124e-1 1.635966e-1 -6.9446771e-1 -6.9446771e-1
-8.6668e-1 1.635966e-1 -7.5156303e-1 -7.5156303e-1
-8.22236e-1 1.635966e-1 -8.1032687e-1 -8.1032687e-1
-7.77792e-1 1.635966e-1 -8.6987605e-1 -8.6987605e-1
-7.33348e-1 1.635966e-1 -9.3042323e-1 -9.3042323e-1
-6.88904e-1 1.635966e-1 -9.9111745e-1 -9.9111745e-1
-6.4446e-1 1.635966e-1 -1.0516811e0 -1.0516811e0
-6.00016e-1 1.635966e-1 -1.11139378e0 -1.11139378e0
-5.55572e-1 1.635966e-1 -1.16997789e0 -1.16997789e0
-5.11128e-1 1.635966e-1 -1.22677866e0 -1.22677866e0
-4.66684e-1 1.635966e-1 -1.2812726e0 -1.2812726e0
-4.2224e-1 1.635966e-1 -1.3329692e0 -1.3329692e0
-3.77796e-1 1.635966e-1 -1.38108287e0 -1.38108287e0
-3.33352e-1 1.635966e-1 -1.42558118e0 -1.42558118e0
-2.88908e-1 1.635966e-1 -1.46551503e0 -1.46551503e0
-2.44464e-1 1.635966e-1 -1.50068846e0 -1.50068846e0
-2.0002e-1 1.635966e-1 -1.5306429e0 -1.5306429e0
-1.55576e-1 1.635966e-1 -1.55503513e0 -1.55503513e0
-1.11132e-1 1.635966e-1 -1.5735054e0 -1.5735054e0
-6.6688e-2 1.635966e-1 -1.58593864e0 -1.58593864e0
-2.2244e-2 1.635966e-1 -1.59233513e0 -1.59233513e0
2.22e-2 1.635966e-1 -1.59233513e0 -1.59233513e0
6.6644e-2 1.635966e-1 -1.58593864e0 -1.58593864e0
1.11088e-1 1.635966e-1 -1.5735054e0 -1.5735054e0
1.55532e-1 1.635966e-1 -1.55503513e0 -1.55503513e0
1.99976e-1 1.635966e-1 -1.5306429e0 -1.5306429e0
2.4442e-1 1.635966e-1 -1.50068846e0 -1.50068846e0
2.88864e-1 1.635966e-1 -1.46551503e0 -1.46551503e0
3.33308e-1 1.635966e-1 -1.42558118e0 -1.42558118e0
3.77752e-1 1.635966e-1 -1.38124638e0 -1.38124638e0
4.22196e-1 1.635966e-1 -1.3329692e0 -1.3329692e0
4.6664e-1 1.635966e-1 -1.2812726e0 -1.2812726e0
5.11084e-1 1.635966e-1 -1.22692569e0 -1.22692569e0
5.55528e-1 1.635966e-1 -1.16997789e0 -1.16997789e0
5.999721e-1 1.635966e-1 -1.11157378e0 -1.11157378e0
6.44416e-1 1.635966e-1 -1.0516811e0 -1.0516811e0
6.8886e-1 1.635966e-1 -9.9111745e-1 -9.9111745e-1
7.33304e-1 1.635966e-1 -9.3042323e-1 -9.3042323e-1
7.77748e-1 1.635966e-1 -8.7002333e-1 -8.7002333e-1
8.221921e-1 1.635966e-1 -8.1032687e-1 -8.1032687e-1
8.66636e-1 1.635966e-1 -7.5172655e-1 -7.5172655e-1
9.1108e-1 1.635966e-1 -6.94615e-1 -6.94615e-1
9.55524e-1 1.635966e-1 -6.3933572e-1 -6.3933572e-1
9.99968e-1 1.635966e-1 -5.8613411e-1 -5.8613411e-1
1.0444121e0 1.635966e-1 -5.3507556e-1 -5.3507556e-1
1.088856e0 1.635966e-1 -4.8679813e-1 -4.8679813e-1
1.1333e0 1.635966e-1 -4.4099101e-1 -4.4099101e-1
1.177744e0 1.635966e-1 -3.9796527e-1 -3.9796527e-1
1.222188e0 1.635966e-1 -3.5768768e-1 -3.5768768e-1
1.2666321e0 1.635966e-1 -3.2022415e-1 -3.2022415e-1
1.311076e0 1.635966e-1 -2.8552527e-1 -2.8552527e-1
1.35552e0 1.635966e-1 -2.5362398e-1 -2.5362398e-1
1.399964e0 1.635966e-1 -2.2434004e-1 -2.2434004e-1
1.444408e0 1.635966e-1 -1.9765747e-1 -1.9765747e-1
1.4888521e0 1.635966e-1 -1.7344524e-1 -1.7344524e-1
1.533296e0 1.635966e-1 -1.51744853e-1 -1.51744853e-1
1.57774e0 1.635966e-1 -1.32151e-1 -1.32151e-1
1.622184e0 1.635966e-1 -1.14630261e-1 -1.14630261e-1
1.666628e0 1.635966e-1 -9.9042574e-2 -9.9042574e-2
1.7110721e0 1.635966e-1 -8.5236958e-2 -8.5236958e-2
1.755516e0 1.635966e-1 -7.3065964e-2 -7.3065964e-2
1.79996e0 1.635966e-1 -6.238575e-2 -6.238575e-2
1.844404e0 1.635966e-1 -5.3057002e-2 -5.3057002e-2
1.888848e0 1.635966e-1 -4.4945168e-2 -4.4945168e-2
1.9332921e0 1.635966e-1 -3.7924013e-2 -3.7924013e-2
1.977736e0 1.635966e-1 -3.1872688e-2 -3.1872688e-2
2.02218e0 1.635966e-1 -2.6681111e-2 -2.6681111e-2
2.066624e0 1.635966e-1 -2.2247905e-2 -2.2247905e-2
2.111068e0 1.635966e-1 -1.8478163e-2 -1.8478163e-2
2.1555121e0 1.635966e-1 -1.52864862e-2 -1.52864862e-2
2.199956e0 1.635966e-1 -1.25961931e-2 -1.25961931e-2

-2.2e0 1.999596e-1 -1.51906598e-2 -1.51906598e-2
-2.155556e0 1.999596e-1 -1.84354382e-2 -1.84354382e-2
-2.111112e0 1.999596e-1 -2.228425e-2 -2.228425e-2
-2.0666681e0 1.999596e-1 -2.6831152e-2 -2.6831152e-2
-2.0222241e0 1.999596e-1 -3.2177757e-2 -3.2177757e-2
-1.97778e0 1.999596e-1 -3.843879e-2 -3.843879e-2
-1.933336e0 1.999596e-1 -4.5736356e-2 -4.5736356e-2
-1.888892e0 1.999596e-1 -5.420492e-2 -5.420492e-2
-1.8444481e0 1.999596e-1 -6.3987791e-2 -6.3987791e-2
-1.8000041e0 1.999596e-1 -7.5239056e-2 -7.5239056e-2
-1.75556e0 1.999596e-1 -8.8118837e-2 -8.8118837e-2
-1.711116e0 1.999596e-1 -1.02799005e-1 -1.02799005e-1
-1.666672e0 1.999596e-1 -1.19449934e-1 -1.19449934e-1
-1.6222281e0 1.999596e-1 -1.38251735e-1 -1.38251735e-1
-1.5777841e0 1.999596e-1 -1.59378995e-1 -1.59378995e-1
-1.53334e0 1.999596e-1 -1.83014778e-1 -1.83014778e-1
-1.488896e0 1.999596e-1 -2.0917766e-1 -2.0917766e-1
-1.444452e0 1.999596e-1 -2.3839172e-1 -2.3839172e-1
-1.4000081e0 1.999596e-1 -2.7060536e-1 -2.7060536e-1
-1.3555641e0 1.999596e-1 -3.057783e-1 -3.057783e-1
-1.31112e0 1.999596e-1 -3.4439049e-1 -3.4439049e-1
-1.266676e0 1.999596e-1 -3.8622194e-1 -3.8622194e-1
-1.222232e0 1.999596e-1 -4.3139285e-1 -4.3139285e-1
-1.177788e0 1.999596e-1 -4.7978304e-1 -4.7978304e-1
-1.133344e0 1.999596e-1 -5.3181232e-1 -5.3181232e-1
-1.0889e0 1.999596e-1 -5.8700134e-1 -5.8700134e-1
-1.044456e0 1.999596e-1 -6.4540933e-1 -6.4540933e-1
-1.000012e0 1.999596e-1 -7.0683704e-1 -7.0683704e-1
-9.55568e-1 1.999596e-1 -7.7102419e-1 -7.7102419e-1
-9.11124e-1 1.999596e-1 -8.3781061e-1 -8.3781061e-1
-8.6668e-1 1.999596e-1 -9.0661658e-1 -9.0661658e-1
-8.22236e-1 1.999596e-1 -9.7722243e-1 -9.7722243e-1
-7.77792e-1 1.999596e-1 -1.04944781e0 -1.04944781e0
-7.33348e-1 1.999596e-1 -1.12223308e0 -1.12223308e0
-6.88904e-1 1.999596e-1 -1.19543819e0 -1.19543819e0
-6.4446e-1 1.999596e-1 -1.26844344e0 -1.26844344e0
-6.00016e-1 1.999596e-1 -1.34064899e0 -1.34064899e0
-5.55572e-1 1.999596e-1 -1.4112347e0 -1.4112347e0
-5.11128e-1 1.999596e-1 -1.47984082e0 -1.47984082e0
-4.66684e-1 1.999596e-1 -1.54542752e0 -1.54542752e0
-4.2224e-1 1.999596e-1 -1.60787492e0 -1.60787492e0
-3.77796e-1 1.999596e-1 -1.66604309e0 -1.66604309e0
-3.33352e-1 1.999596e-1 -1.71947223e0 -1.71947223e0
-2.88908e-1 1.999596e-1 -1.76764243e0 -1.76764243e0
-2.44464e-1 1.999596e-1 -1.81005388e0 -1.81005388e0
-2.0002e-1 1.999596e-1 -1.84624652e0 -1.84624652e0
-1.55576e-1 1.999596e-1 -1.87566074e0 -1.87566074e0
-1.11132e-1 1.999596e-1 -1.8980561e0 -1.8980561e0
-6.6688e-2 1.999596e-1 -1.91307321e0 -1.91307321e0
-2.2244e-2 1.999596e-1 -1.92067146e0 -1.92067146e0
2.22e-2 1.999596e-1 -1.92067146e0 -1.92067146e0
6.6644e-2 1.999596e-1 -1.91307321e0 -1.91307321e0
1.11088e-1 1.999596e-1 -1.8980561e0 -1.8980561e0
1.55532e-1 1.999596e-1 -1.87566074e0 -1.87566074e0
1.99976e-1 1.999596e-1 -1.84624652e0 -1.84624652e0
2.4442e-1 1.999596e-1 -1.81027388e0 -1.81027388e0
2.88864e-1 1.999596e-1 -1.76764243e0 -1.76764243e0
3.33308e-1 1.999596e-1 -1.71965225e0 -1.71965225e0
3.77752e-1 1.999596e-1 -1.66604309e0 -1.66604309e0
4.22196e-1 1.999596e-1 -1.60787492e0 -1.60787492e0
4.6664e-1 1.999596e-1 -1.54564752e0 -1.54564752e0
5.11084e-1 1.999596e-1 -1.47984082e0 -1.47984082e0
5.55528e-1 1.999596e-1 -1.4112347e0 -1.4112347e0
5.999721e-1 1.999596e-1 -1.34064899e0 -1.34064899e0
6.44416e-1 1.999596e-1 -1.2686436e0 -1.2686436e0
6.8886e-1 1.999596e-1 -1.1956182e0 -1.1956182e0
7.33304e-1 1.999596e-1 -1.12243292e0 -1.12243292e0
7.77748e-1 1.999596e-1 -1.04944781e0 -1.04944781e0
8.221921e-1 1.999596e-1 -9.7744241e-1 -9.7744241e-1
8.66636e-1 1.999596e-1 -9.0661658e-1 -9.0661658e-1
9.1108e-1 1.999596e-1 -8.3781061e-1 -8.3781061e-1
9.55524e-1 1.999596e-1 -7.7102419e-1 -7.7102419e-1
9.99968e-1 1.999596e-1 -7.0683704e-1 -7.0683704e-1
1.0444121e0 1.999596e-1 -6.4540933e-1 -6.4540933e-1
1.088856e0 1.999596e-1 -5.872012e-1 -5.872012e-1
1.1333e0 1.999596e-1 -5.3181232e-1 -5.3181232e-1
1.177744e0 1.999596e-1 -4.8000302e-1 -4.8000302e-1
1.222188e0 1.999596e-1 -4.3139285e-1 -4.3139285e-1
1.2666321e0 1.999596e-1 -3.8622194e-1 -3.8622194e-1
1.311076e0 1.999596e-1 -3.4439049e-1 -3.4439049e-1
1.35552e0 1.999596e-1 -3.057783e-1 -3.057783e-1
1.399964e0 1.999596e-1 -2.7060536e-1 -2.7060536e-1
1.444408e0 1.999596e-1 -2.3839172e-1 -2.3839172e-1
1.4888521e0 1.999596e-1 -2.0939764e-1 -2.0939764e-1
1.533296e0 1.999596e-1 -1.83038455e-1 -1.83038455e-1
1.57774e0 1.999596e-1 -1.59401329e-1 -1.59401329e-1
1.622184e0 1.999596e-1 -1.38269829e-1 -1.38269829e-1
1.666628e0 1.999596e-1 -1.1946815e-1 -1.1946815e-1
1.7110721e0 1.999596e-1 -1.02814383e-1 -1.02814383e-1
1.755516e0 1.999596e-1 -8.8132751e-2 -8.8132751e-2
1.79996e0 1.999596e-1 -7.525056e-2 -7.525056e-2
1.844404e0 1.999596e-1 -6.3997617e-2 -6.3997617e-2
1.888848e0 1.999596e-1 -5.4214317e-2 -5.4214317e-2
1.9332921e0 1.999596e-1 -4.5743861e-2 -4.5743861e-2
1.977736e0 1.999596e-1 -3.8445715e-2 -3.8445715e-2
2.02218e0 1.999596e-1 -3.2183829e-2 -3.2183829e-2
2.066624e0 1.999596e-1 -2.6836064e-2 -2.6836064e-2
2.111068e0 1.999596e-1 -2.2288126e-2 -2.2288126e-2
2.1555121e0 1.999596e-1 -1.84387822e-2 -1.84387822e-2
2.199956e0 1.999596e-1 -1.51936896e-2 -1.51936896e-2

-2.2e0 2.363223e-1 -1.76707697e-2 -1.76707697e-2
-2.155556e0 2.363223e-1 -2.14449025e-2 -2.14449025e-2
-2.111112e0 2.363223e-1 -2.592229e-2 -2.592229e-2
-2.0666681e0 2.363223e-1 -3.1211163e-2 -3.1211163e-2
-2.0222241e0 2.363223e-1 -3.7431284e-2 -3.7431284e-2
-1.97778e0 2.363223e-1 -4.471355e-2 -4.471355e-2
-1.933336e0 2.363223e-1 -5.3202489e-2 -5.3202489e-2
-1.888892e0 2.363223e-1 -6.3053339e-2 -6.3053339e-2
-1.8444481e0 2.363223e-1 -7.4433707e-2 -7.4433707e-2
-1.8000041e0 2.363223e-1 -8.752144e-2 -8.752144e-2
-1.75556e0 2.363223e-1 -1.02504881e-1 -1.02504881e-1
-1.711116e0 2.363223e-1 -1.1958059e-1 -1.1958059e-1
-1.666672e0 2.363223e-1 -1.38949348e-1 -1.38949348e-1
-1.6222281e0 2.363223e-1 -1.60819946e-1 -1.60819946e-1
-1.5777841e0 2.363223e-1 -1.85396985e-1 -1.85396985e-1
-1.53334e0 2.363223e-1 -2.12890225e-1 -2.12890225e-1
-1.488896e0 2.363223e-1 -2.434355e-1 -2.434355e-1
-1.444452e0 2.363223e-1 -2.7725322e-1 -2.7725322e-1
-1.4000081e0 2.363223e-1 -3.1482875e-1 -3.1482875e-1
-1.3555641e0 2.363223e-1 -3.5573584e-1 -3.5573584e-1
-1.31112e0 2.363223e-1 -4.006373e-1 -4.006373e-1
-1.266676e0 2.363223e-1 -4.4908345e-1 -4.4908345e-1
-1.222232e0 2.363223e-1 -5.0180667e-1 -5.0180667e-1
-1.177788e0 2.363223e-1 -5.583115e-1 -5.583115e-1
-1.133344e0 2.363223e-1 -6.1857376e-1 -6.1857376e-1
-1.0889e0 2.363223e-1 -6.8287689e-1 -6.8287689e-1
-1.044456e0 2.363223e-1 -7.5072508e-1 -7.5072508e-1
-1.000012e0 2.363223e-1 -8.2235452e-1 -8.2235452e-1
-9.55568e-1 2.363223e-1 -8.9681972e-1 -8.9681972e-1
-9.11124e-1 2.363223e-1 -9.745934e-1 -9.745934e-1
-8.6668e-1 2.363223e-1 -1.05470665e0 -1.05470665e0
-8.22236e-1 2.363223e-1 -1.13697015e0 -1.13697015e0
-7.77792e-1 2.363223e-1 -1.22062846e0 -1.22062846e0
-7.33348e-1 2.363223e-1 -1.30551534e0 -1.30551534e0
-6.88904e-1 2.363223e-1 -1.39061496e0 -1.39061496e0
-6.4446e-1 2.363223e-1 -1.47545494e0 -1.47545494e0
-6.00016e-1 2.363223e-1 -1.55937288e0 -1.55937288e0
-5.55572e-1 2.363223e-1 -1.64163675e0 -1.64163675e0
-5.11128e-1 2.363223e-1 -1.72127725e0 -1.72127725e0
-4.66684e-1 2.363223e-1 -1.79786926e0 -1.79786926e0
-4.2224e-1 2.363223e-1 -1.87020763e0 -1.87020763e0
-3.77796e-1 2.363223e-1 -1.93807927e0 -1.93807927e0
-3.33352e-1 2.363223e-1 -2.00023215e0 -2.00023215e0
-2.88908e-1 2.363223e-1 -2.05624043e0 -2.05624043e0
-2.44464e-1 2.363223e-1 -2.10563206e0 -2.10563206e0
-2.0002e-1 2.363223e-1 -2.14772086e0 -2.14772086e0
-1.55576e-1 2.363223e-1 -2.18177513e0 -2.18177513e0
-1.11132e-1 2.363223e-1 -2.20777037e0 -2.20777037e0
-6.6688e-2 2.363223e-1 -2.22525835e0 -2.22525835e0
-2.2244e-2 2.363223e-1 -2.23423871e0 -2.23423871e0
2.22e-2 2.363223e-1 -2.23423871e0 -2.23423871e0
6.6644e-2 2.363223e-1 -2.22551834e0 -2.22551834e0
1.11088e-1 2.363223e-1 -2.20777037e0 -2.20777037e0
1.55532e-1 2.363223e-1 -2.18198752e0 -2.18198752e0
1.99976e-1 2.363223e-1 -2.14772086e0 -2.14772086e0
2.4442e-1 2.363223e-1 -2.10563206e0 -2.10563206e0
2.88864e-1 2.363223e-1 -2.05624043e0 -2.05624043e0
3.33308e-1 2.363223e-1 -2.00023215e0 -2.00023215e0
3.77752e-1 2.363223e-1 -1.93807927e0 -1.93807927e0
4.22196e-1 2.363223e-1 -1.87046762e0 -1.87046762e0
4.6664e-1 2.363223e-1 -1.79786926e0 -1.79786926e0
5.11084e-1 2.363223e-1 -1.72153725e0 -1.72153725e0
5.55528e-1 2.363223e-1 -1.64163675e0 -1.64163675e0
5.999721e-1 2.363223e-1 -1.55963287e0 -1.55963287e0
6.44416e-1 2.363223e-1 -1.47571494e0 -1.47571494e0
6.8886e-1 2.363223e-1 -1.39082771e0 -1.39082771e0
7.33304e-1 2.363223e-1 -1.30551534e0 -1.30551534e0
7.77748e-1 2.363223e-1 -1.22062846e0 -1.22062846e0
8.221921e-1 2.363223e-1 -1.13697015e0 -1.13697015e0
8.66636e-1 2.363223e-1 -1.05470665e0 -1.05470665e0
9.1108e-1 2.363223e-1 -9.745934e-1 -9.745934e-1
9.55524e-1 2.363223e-1 -8.970321e-1 -8.970321e-1
9.99968e-1 2.363223e-1 -8.2235452e-1 -8.2235452e-1
1.0444121e0 2.363223e-1 -7.5093784e-1 -7.5093784e-1
1.088856e0 2.363223e-1 -6.8287689e-1 -6.8287689e-1
1.1333e0 2.363223e-1 -6.1883374e-1 -6.1883374e-1
1.177744e0 2.363223e-1 -5.583115e-1 -5.583115e-1
1.222188e0 2.363223e-1 -5.0180667e-1 -5.0180667e-1
1.2666321e0 2.363223e-1 -4.4934344e-1 -4.4934344e-1
1.311076e0 2.363223e-1 -4.006373e-1 -4.006373e-1
1.35552e0 2.363223e-1 -3.5573584e-1 -3.5573584e-1
1.399964e0 2.363223e-1 -3.1482875e-1 -3.1482875e-1
1.444408e0 2.363223e-1 -2.7748978e-1 -2.7748978e-1
1.4888521e0 2.363223e-1 -2.434355e-1 -2.434355e-1
1.533296e0 2.363223e-1 -2.12918388e-1 -2.12918388e-1
1.57774e0 2.363223e-1 -1.85421397e-1 -1.85421397e-1
1.622184e0 2.363223e-1 -1.6084187e-1 -1.6084187e-1
1.666628e0 2.363223e-1 -1.38970192e-1 -1.38970192e-1
1.7110721e0 2.363223e-1 -1.1959898e-1 -1.1959898e-1
1.755516e0 2.363223e-1 -1.02521107e-1 -1.02521107e-1
1.79996e0 2.363223e-1 -8.7535973e-2 -8.7535973e-2
1.844404e0 2.363223e-1 -7.4446255e-2 -7.4446255e-2
1.888848e0 2.363223e-1 -6.306376e-2 -6.306376e-2
1.9332921e0 2.363223e-1 -5.3212152e-2 -5.3212152e-2
1.977736e0 2.363223e-1 -4.4721626e-2 -4.4721626e-2
2.02218e0 2.363223e-1 -3.7437521e-2 -3.7437521e-2
2.066624e0 2.363223e-1 -3.1216824e-2 -3.1216824e-2
2.111068e0 2.363223e-1 -2.5926509e-2 -2.5926509e-2
2.1555121e0 2.363223e-1 -2.14490205e-2 -2.14490205e-2
2.199956e0 2.363223e-1 -1.76740007e-2 -1.76740007e-2

-2.2e0 2.726852e-1 -2.00157317e-2 -2.00157317e-2
-2.155556e0 2.726852e-1 -2.42906602e-2 -2.42906602e-2
-2.111112e0 2.726852e-1 -2.9362178e-2 -2.9362178e-2
-2.0666681e0 2.726852e-1 -3.5353131e-2 -3.5353131e-2
-2.0222241e0 2.726852e-1 -4.2398817e-2 -4.2398817e-2
-1.97778e0 2.726852e-1 -5.0647447e-2 -5.0647447e-2
-1.933336e0 2.726852e-1 -6.0262914e-2 -6.0262914e-2
-1.888892e0 2.726852e-1 -7.142143e-2 -7.142143e-2
-1.8444481e0 2.726852e-1 -8.4311607e-2 -8.4311607e-2
-1.8000041e0 2.726852e-1 -9.913579e-2 -9.913579e-2
-1.75556e0 2.726852e-1 -1.16109796e-1 -1.16109796e-1
-1.711116e0 2.726852e-1 -1.35449245e-1 -1.35449245e-1
-1.666672e0 2.726852e-1 -1.57389056e-1 -1.57389056e-1
-1.6222281e0 2.726852e-1 -1.82162404e-1 -1.82162404e-1
-1.5777841e0 2.726852e-1 -2.0999984e-1 -2.0999984e-1
-1.53334e0 2.726852e-1 -2.41141905e-1 -2.41141905e-1
-1.488896e0 2.726852e-1 -2.7573929e-1 -2.7573929e-1
-1.444452e0 2.726852e-1 -3.1418802e-1 -3.1418802e-1
-1.4000081e0 2.726852e-1 -3.5645432e-1 -3.5645432e-1
-1.3555641e0 2.726852e-1 -4.0311072e-1 -4.0311072e-1
-1.31112e0 2.726852e-1 -4.535847e-1 -4.535847e-1
-1.266676e0 2.726852e-1 -5.0891231e-1 -5.0891231e-1
-1.222232e0 2.726852e-1 -5.6838495e-1 -5.6838495e-1
-1.177788e0 2.726852e-1 -6.3219362e-1 -6.3219362e-1
-1.133344e0 2.726852e-1 -7.0069197e-1 -7.0069197e-1
-1.0889e0 2.726852e-1 -7.7349887e-1 -7.7349887e-1
-1.044456e0 2.726852e-1 -8.5042336e-1 -8.5042336e-1
-1.000012e0 2.726852e-1 -9.314109e-1 -9.314109e-1
-9.55568e-1 2.726852e-1 -1.015998e0 -1.015998e0
-9.11124e-1 2.726852e-1 -1.10380269e0 -1.10380269e0
-8.6668e-1 2.726852e-1 -1.19463397e0 -1.19463397e0
-8.22236e-1 2.726852e-1 -1.28764679e0 -1.28764679e0
-7.77792e-1 2.726852e-1 -1.38256859e0 -1.38256859e0
-7.33348e-1 2.726852e-1 -1.47855391e0 -1.47855391e0
-6.88904e-1 2.726852e-1 -1.57513924e0 -1.57513924e0
-6.4446e-1 2.726852e-1 -1.67142413e0 -1.67142413e0
-6.00016e-1 2.726852e-1 -1.76631848e0 -1.76631848e0
-5.55572e-1 2.726852e-1 -1.85960425e0 -1.85960425e0
-5.11128e-1 2.726852e-1 -1.94989046e0 -1.94989046e0
-4.66684e-1 2.726852e-1 -2.03635867e0 -2.03635867e0
-4.2224e-1 2.726852e-1 -2.11846423e0 -2.11846423e0
-3.77796e-1 2.726852e-1 -2.1951162e0 -2.1951162e0
-3.33352e-1 2.726852e-1 -2.26574156e0 -2.26574156e0
-2.88908e-1 2.726852e-1 -2.32927728e0 -2.32927728e0
-2.44464e-1 2.726852e-1 -2.38520488e0 -2.38520488e0
-2.0002e-1 2.726852e-1 -2.43262521e0 -2.43262521e0
-1.55576e-1 2.726852e-1 -2.47137352e0 -2.47137352e0
-1.11132e-1 2.726852e-1 -2.50082358e0 -2.50082358e0
-6.6688e-2 2.726852e-1 -2.52075694e0 -2.52075694e0
-2.2244e-2 2.726852e-1 -2.53057362e0 -2.53057362e0
2.22e-2 2.726852e-1 -2.53084616e0 -2.53084616e0
6.6644e-2 2.726852e-1 -2.52075694e0 -2.52075694e0
1.11088e-1 2.726852e-1 -2.50082358e0 -2.50082358e0
1.55532e-1 2.726852e-1 -2.47137352e0 -2.47137352e0
1.99976e-1 2.726852e-1 -2.43262521e0 -2.43262521e0
2.4442e-1 2.726852e-1 -2.38520488e0 -2.38520488e0
2.88864e-1 2.726852e-1 -2.32927728e0 -2.32927728e0
3.33308e-1 2.726852e-1 -2.26574156e0 -2.26574156e0
3.77752e-1 2.726852e-1 -2.19533421e0 -2.19533421e0
4.22196e-1 2.726852e-1 -2.11870973e0 -2.11870973e0
4.6664e-1 2.726852e-1 -2.03660416e0 -2.03660416e0
5.11084e-1 2.726852e-1 -1.94989046e0 -1.94989046e0
5.55528e-1 2.726852e-1 -1.85960425e0 -1.85960425e0
5.999721e-1 2.726852e-1 -1.76656396e0 -1.76656396e0
6.44416e-1 2.726852e-1 -1.67142413e0 -1.67142413e0
6.8886e-1 2.726852e-1 -1.57538431e0 -1.57538431e0
7.33304e-1 2.726852e-1 -1.47885391e0 -1.47885391e0
7.77748e-1 2.726852e-1 -1.38281409e0 -1.38281409e0
8.221921e-1 2.726852e-1 -1.28789227e0 -1.28789227e0
8.66636e-1 2.726852e-1 -1.19463397e0 -1.19463397e0
9.1108e-1 2.726852e-1 -1.10380269e0 -1.10380269e0
9.55524e-1 2.726852e-1 -1.015998e0 -1.015998e0
9.99968e-1 2.726852e-1 -9.314109e-1 -9.314109e-1
1.0444121e0 2.726852e-1 -8.5042336e-1 -8.5042336e-1
1.088856e0 2.726852e-1 -7.7349887e-1 -7.7349887e-1
1.1333e0 2.726852e-1 -7.0093745e-1 -7.0093745e-1
1.177744e0 2.726852e-1 -6.324936e-1 -6.324936e-1
1.222188e0 2.726852e-1 -5.6838495e-1 -5.6838495e-1
1.2666321e0 2.726852e-1 -5.0891231e-1 -5.0891231e-1
1.311076e0 2.726852e-1 -4.5383018e-1 -4.5383018e-1
1.35552e0 2.726852e-1 -4.0311072e-1 -4.0311072e-1
1.399964e0 2.726852e-1 -3.5645432e-1 -3.5645432e-1
1.444408e0 2.726852e-1 -3.1418802e-1 -3.1418802e-1
1.4888521e0 2.726852e-1 -2.7573929e-1 -2.7573929e-1
1.533296e0 2.726852e-1 -2.41175357e-1 -2.41175357e-1
1.57774e0 2.726852e-1 -2.10029881e-1 -2.10029881e-1
1.622184e0 2.726852e-1 -1.82187328e-1 -1.82187328e-1
1.666628e0 2.726852e-1 -1.57412231e-1 -1.57412231e-1
1.7110721e0 2.726852e-1 -1.35470049e-1 -1.35470049e-1
1.755516e0 2.726852e-1 -1.16126897e-1 -1.16126897e-1
1.79996e0 2.726852e-1 -9.9152682e-2 -9.9152682e-2
1.844404e0 2.726852e-1 -8.4325089e-2 -8.4325089e-2
1.888848e0 2.726852e-1 -7.1432997e-2 -7.1432997e-2
1.9332921e0 2.726852e-1 -6.0273814e-2 -6.0273814e-2
1.977736e0 2.726852e-1 -5.0656892e-2 -5.0656892e-2
2.02218e0 2.726852e-1 -4.2405891e-2 -4.2405891e-2
2.066624e0 2.726852e-1 -3.535929e-2 -3.535929e-2
2.111068e0 2.726852e-1 -2.9367296e-2 -2.9367296e-2
2.1555121e0 2.726852e-1 -2.42956076e-2 -2.42956076e-2
2.199956e0 2.726852e-1 -2.00194472e-2 -2.00194472e-2

-2.2e0 3.090482e-1 -2.22098747e-2 -2.22098747e-2
-2.155556e0 3.090482e-1 -2.69537234e-2 -2.69537234e-2
-2.111112e0 3.090482e-1 -3.2581105e-2 -3.2581105e-2
-2.0666681e0 3.090482e-1 -3.9228687e-2 -3.9228687e-2
-2.0222241e0 3.090482e-1 -4.7046848e-2 -4.7046848e-2
-1.97778e0 3.090482e-1 -5.6200163e-2 -5.6200163e-2
-1.933336e0 3.090482e-1 -6.6869766e-2 -6.6869766e-2
-1.888892e0 3.090482e-1 -7.9252017e-2 -7.9252017e-2
-1.8444481e0 3.090482e-1 -9.3555539e-2 -9.3555539e-2
-1.8000041e0 3.090482e-1 -1.10004657e-1 -1.10004657e-1
-1.75556e0 3.090482e-1 -1.28835959e-1 -1.28835959e-1
-1.711116e0 3.090482e-1 -1.50299092e-1 -1.50299092e-1
-1.666672e0 3.090482e-1 -1.74643425e-1 -1.74643425e-1
-1.6222281e0 3.090482e-1 -2.02133366e-1 -2.02133366e-1
-1.5777841e0 3.090482e-1 -2.33023045e-1 -2.33023045e-1
-1.53334e0 3.090482e-1 -2.67579558e-1 -2.67579558e-1
-1.488896e0 3.090482e-1 -3.06047697e-1 -3.06047697e-1
-1.444452e0 3.090482e-1 -3.4866805e-1 -3.4866805e-1
-1.4000081e0 3.090482e-1 -3.9564351e-1 -3.9564351e-1
-1.3555641e0 3.090482e-1 -4.4728561e-1 -4.4728561e-1
-1.31112e0 3.090482e-1 -5.0353214e-1 -5.0353214e-1
-1.266676e0 3.090482e-1 -5.6441466e-1 -5.6441466e-1
-1.222232e0 3.090482e-1 -6.3058206e-1 -6.3058206e-1
-1.177788e0 3.090482e-1 -7.016939e-1 -7.016939e-1
-1.133344e0 3.090482e-1 -7.7744171e-1 -7.7744171e-1
-1.0889e0 3.090482e-1 -8.5841219e-1 -8.5841219e-1
-1.044456e0 3.090482e-1 -9.4374043e-1 -9.4374043e-1
-1.000012e0 3.090482e-1 -1.03336421e0 -1.03336421e0
-9.55568e-1 3.090482e-1 -1.12734576e0 -1.12734576e0
-9.11124e-1 3.090482e-1 -1.22472687e0 -1.22472687e0
-8.6668e-1 3.090482e-1 -1.32550752e0 -1.32550752e0
-8.22236e-1 3.090482e-1 -1.42903883e0 -1.42903883e0
-7.77792e-1 3.090482e-1 -1.53414615e0 -1.53414615e0
-7.33348e-1 3.090482e-1 -1.64076767e0 -1.64076767e0
-6.88904e-1 3.090482e-1 -1.74779097e0 -1.74779097e0
-6.4446e-1 3.090482e-1 -1.85472183e0 -1.85472183e0
-6.00016e-1 3.090482e-1 -1.96013802e0 -1.96013802e0
-5.55572e-1 3.090482e-1 -2.06335999e0 -2.06335999e0
-5.11128e-1 3.090482e-1 -2.16352242e0 -2.16352242e0
-4.66684e-1 3.090482e-1 -2.25966754e0 -2.25966754e0
-4.2224e-1 3.090482e-1 -2.3508673e0 -2.3508673e0
-3.77796e-1 3.090482e-1 -2.43585555e0 -2.43585555e0
-3.33352e-1 3.090482e-1 -2.5140758e0 -2.5140758e0
-2.88908e-1 3.090482e-1 -2.58453876e0 -2.58453876e0
-2.44464e-1 3.090482e-1 -2.64668839e0 -2.64668839e0
-2.0002e-1 3.090482e-1 -2.69922649e0 -2.69922649e0
-1.55576e-1 3.090482e-1 -2.74221529e0 -2.74221529e0
-1.11132e-1 3.090482e-1 -2.77494319e0 -2.77494319e0
-6.6688e-2 3.090482e-1 -2.79691693e0 -2.79691693e0
-2.2244e-2 3.090482e-1 -2.80807333e0 -2.80807333e0
2.22e-2 3.090482e-1 -2.80807333e0 -2.80807333e0
6.6644e-2 3.090482e-1 -2.79719469e0 -2.79719469e0
1.11088e-1 3.090482e-1 -2.77494319e0 -2.77494319e0
1.55532e-1 3.090482e-1 -2.7424935e0 -2.7424935e0
1.99976e-1 3.090482e-1 -2.69953583e0 -2.69953583e0
2.4442e-1 3.090482e-1 -2.64668839e0 -2.64668839e0
2.88864e-1 3.090482e-1 -2.58453876e0 -2.58453876e0
3.33308e-1 3.090482e-1 -2.5140758e0 -2.5140758e0
3.77752e-1 3.090482e-1 -2.43585555e0 -2.43585555e0
4.22196e-1 3.090482e-1 -2.3508673e0 -2.3508673e0
4.6664e-1 3.090482e-1 -2.25966754e0 -2.25966754e0
5.11084e-1 3.090482e-1 -2.16383177e0 -2.16383177e0
5.55528e-1 3.090482e-1 -2.06335999e0 -2.06335999e0
5.999721e-1 3.090482e-1 -1.96013802e0 -1.96013802e0
6.44416e-1 3.090482e-1 -1.85472183e0 -1.85472183e0
6.8886e-1 3.090482e-1 -1.74806918e0 -1.74806918e0
7.33304e-1 3.090482e-1 -1.64076767e0 -1.64076767e0
7.77748e-1 3.090482e-1 -1.5344239e0 -1.5344239e0
8.221921e-1 3.090482e-1 -1.42903883e0 -1.42903883e0
8.66636e-1 3.090482e-1 -1.32581639e0 -1.32581639e0
9.1108e-1 3.090482e-1 -1.22506686e0 -1.22506686e0
9.55524e-1 3.090482e-1 -1.12734576e0 -1.12734576e0
9.99968e-1 3.090482e-1 -1.03367355e0 -1.03367355e0
1.0444121e0 3.090482e-1 -9.4374043e-1 -9.4374043e-1
1.088856e0 3.090482e-1 -8.5841219e-1 -8.5841219e-1
1.1333e0 3.090482e-1 -7.7771947e-1 -7.7771947e-1
1.177744e0 3.090482e-1 -7.016939e-1 -7.016939e-1
1.222188e0 3.090482e-1 -6.3058206e-1 -6.3058206e-1
1.2666321e0 3.090482e-1 -5.6475465e-1 -5.6475465e-1
1.311076e0 3.090482e-1 -5.0353214e-1 -5.0353214e-1
1.35552e0 3.090482e-1 -4.4728561e-1 -4.4728561e-1
1.399964e0 3.090482e-1 -3.9564351e-1 -3.9564351e-1
1.444408e0 3.090482e-1 -3.4866805e-1 -3.4866805e-1
1.4888521e0 3.090482e-1 -3.06084999e-1 -3.06084999e-1
1.533296e0 3.090482e-1 -2.6761601e-1 -2.6761601e-1
1.57774e0 3.090482e-1 -2.3305681e-1 -2.3305681e-1
1.622184e0 3.090482e-1 -2.02161755e-1 -2.02161755e-1
1.666628e0 3.090482e-1 -1.74669691e-1 -1.74669691e-1
1.7110721e0 3.090482e-1 -1.50322577e-1 -1.50322577e-1
1.755516e0 3.090482e-1 -1.28856708e-1 -1.28856708e-1
1.79996e0 3.090482e-1 -1.1002102e-1 -1.1002102e-1
1.844404e0 3.090482e-1 -9.3569733e-2 -9.3569733e-2
1.888848e0 3.090482e-1 -7.9264938e-2 -7.9264938e-2
1.9332921e0 3.090482e-1 -6.6880847e-2 -6.6880847e-2
1.977736e0 3.090482e-1 -5.6209877e-2 -5.6209877e-2
2.02218e0 3.090482e-1 -4.7054958e-2 -4.7054958e-2
2.066624e0 3.090482e-1 -3.9235808e-2 -3.9235808e-2
2.111068e0 3.090482e-1 -3.2586905e-2 -3.2586905e-2
2.1555121e0 3.090482e-1 -2.69587598e-2 -2.69587598e-2
2.199956e0 3.090482e-1 -2.22141801e-2 -2.22141801e-2

-2.2e0 3.45411e-1 -2.42394601e-2 -2.42394601e-2
-2.155556e0 3.45411e-1 -2.94166312e-2 -2.94166312e-2
-2.111112e0 3.45411e-1 -3.5558376e-2 -3.5558376e-2
-2.0666681e0 3.45411e-1 -4.2813347e-2 -4.2813347e-2
-2.0222241e0 3.45411e-1 -5.1345743e-2 -5.1345743e-2
-1.97778e0 3.45411e-1 -6.1335446e-2 -6.1335446e-2
-1.933336e0 3.45411e-1 -7.2979472e-2 -7.2979472e-2
-1.888892e0 3.45411e-1 -8.6492648e-2 -8.6492648e-2
-1.8444481e0 3.45411e-1 -1.02103452e-1 -1.02103452e-1
-1.8000041e0 3.45411e-1 -1.20055435e-1 -1.20055435e-1
-1.75556e0 3.45411e-1 -1.40610703e-1 -1.40610703e-1
-1.711116e0 3.45411e-1 -1.64031677e-1 -1.64031677e-1
-1.666672e0 3.45411e-1 -1.90600755e-1 -1.90600755e-1
-1.6222281e0 3.45411e-1 -2.20601964e-1 -2.20601964e-1
-1.5777841e0 3.45411e-1 -2.5431454e-1 -2.5431454e-1
-1.53334e0 3.45411e-1 -2.92027783e-1 -2.92027783e-1
-1.488896e0 3.45411e-1 -3.34012442e-1 -3.34012442e-1
-1.444452e0 3.45411e-1 -3.8036644e-1 -3.8036644e-1
-1.4000081e0 3.45411e-1 -4.3186766e-1 -4.3186766e-1
-1.3555641e0 3.45411e-1 -4.8816931e-1 -4.8816931e-1
-1.31112e0 3.45411e-1 -5.4930722e-1 -5.4930722e-1
-1.266676e0 3.45411e-1 -6.159713e-1 -6.159713e-1
-1.222232e0 3.45411e-1 -6.8816261e-1 -6.8816261e-1
-1.177788e0 3.45411e-1 -7.656034e-1 -7.656034e-1
-1.133344e0 3.45411e-1 -8.4850238e-1 -8.4850238e-1
-1.0889e0 3.45411e-1 -9.3661656e-1 -9.3661656e-1
-1.044456e0 3.45411e-1 -1.02987744e0 -1.02987744e0
-1.000012e0 3.45411e-1 -1.12800885e0 -1.12800885e0
-9.55568e-1 3.45411e-1 -1.23031981e0 -1.23031981e0
-9.11124e-1 3.45411e-1 -1.33674074e0 -1.33674074e0
-8.6668e-1 3.45411e-1 -1.44658173e0 -1.44658173e0
-8.22236e-1 3.45411e-1 -1.55953078e0 -1.55953078e0
-7.77792e-1 3.45411e-1 -1.67424176e0 -1.67424176e0
-7.33348e-1 3.45411e-1 -1.7906799e0 -1.7906799e0
-6.88904e-1 3.45411e-1 -1.9074638e0 -1.9074638e0
-6.4446e-1 3.45411e-1 -2.02421239e0 -2.02421239e0
-6.00016e-1 3.45411e-1 -2.13926912e0 -2.13926912e0
-5.55572e-1 3.45411e-1 -2.25190773e0 -2.25190773e0
-5.11128e-1 3.45411e-1 -2.36109201e0 -2.36109201e0
-4.66684e-1 3.45411e-1 -2.46609674e0 -2.46609674e0
-4.2224e-1 3.45411e-1 -2.56560956e0 -2.56560956e0
-3.77796e-1 3.45411e-1 -2.65856001e0 -2.65856001e0
-3.33352e-1 3.45411e-1 -2.74391084e0 -2.74391084e0
-2.88908e-1 3.45411e-1 -2.82059215e0 -2.82059215e0
-2.44464e-1 3.45411e-1 -2.88832721e0 -2.88832721e0
-2.0002e-1 3.45411e-1 -2.94601079e0 -2.94601079e0
-1.55576e-1 3.45411e-1 -2.99298672e0 -2.99298672e0
-1.11132e-1 3.45411e-1 -3.02856401e0 -3.02856401e0
-6.6688e-2 3.45411e-1 -3.05274321e0 -3.05274321e0
-2.2244e-2 3.45411e-1 -3.06486707e0 -3.06486707e0
2.22e-2 3.45411e-1 -3.06486707e0 -3.06486707e0
6.6644e-2 3.45411e-1 -3.05274321e0 -3.05274321e0
1.11088e-1 3.45411e-1 -3.02856401e0 -3.02856401e0
1.55532e-1 3.45411e-1 -2.99298672e0 -2.99298672e0
1.99976e-1 3.45411e-1 -2.94601079e0 -2.94601079e0
2.4442e-1 3.45411e-1 -2.88832721e0 -2.88832721e0
2.88864e-1 3.45411e-1 -2.82059215e0 -2.82059215e0
3.33308e-1 3.45411e-1 -2.74391084e0 -2.74391084e0
3.77752e-1 3.45411e-1 -2.65856001e0 -2.65856001e0
4.22196e-1 3.45411e-1 -2.56560956e0 -2.56560956e0
4.6664e-1 3.45411e-1 -2.46609674e0 -2.46609674e0
5.11084e-1 3.45411e-1 -2.36140297e0 -2.36140297e0
5.55528e-1 3.45411e-1 -2.25190773e0 -2.25190773e0
5.999721e-1 3.45411e-1 -2.13926912e0 -2.13926912e0
6.44416e-1 3.45411e-1 -2.02421239e0 -2.02421239e0
6.8886e-1 3.45411e-1 -1.90777423e0 -1.90777423e0
7.33304e-1 3.45411e-1 -1.7906799e0 -1.7906799e0
7.77748e-1 3.45411e-1 -1.67462177e0 -1.67462177e0
8.221921e-1 3.45411e-1 -1.55953078e0 -1.55953078e0
8.66636e-1 3.45411e-1 -1.44692696e0 -1.44692696e0
9.1108e-1 3.45411e-1 -1.3370169e0 -1.3370169e0
9.55524e-1 3.45411e-1 -1.23031981e0 -1.23031981e0
9.99968e-1 3.45411e-1 -1.12800885e0 -1.12800885e0
1.0444121e0 3.45411e-1 -1.02987744e0 -1.02987744e0
1.088856e0 3.45411e-1 -9.3696231e-1 -9.3696231e-1
1.1333e0 3.45411e-1 -8.4888239e-1 -8.4888239e-1
1.177744e0 3.45411e-1 -7.6591437e-1 -7.6591437e-1
1.222188e0 3.45411e-1 -6.8816261e-1 -6.8816261e-1
1.2666321e0 3.45411e-1 -6.163513e-1 -6.163513e-1
1.311076e0 3.45411e-1 -5.4965244e-1 -5.4965244e-1
1.35552e0 3.45411e-1 -4.8816931e-1 -4.8816931e-1
1.399964e0 3.45411e-1 -4.3186766e-1 -4.3186766e-1
1.444408e0 3.45411e-1 -3.8036644e-1 -3.8036644e-1
1.4888521e0 3.45411e-1 -3.3405682e-1 -3.3405682e-1
1.533296e0 3.45411e-1 -2.92068788e-1 -2.92068788e-1
1.57774e0 3.45411e-1 -2.5435001e-1 -2.5435001e-1
1.622184e0 3.45411e-1 -2.20633482e-1 -2.20633482e-1
1.666628e0 3.45411e-1 -1.90628847e-1 -1.90628847e-1
1.7110721e0 3.45411e-1 -1.64057082e-1 -1.64057082e-1
1.755516e0 3.45411e-1 -1.40631996e-1 -1.40631996e-1
1.79996e0 3.45411e-1 -1.20076253e-1 -1.20076253e-1
1.844404e0 3.45411e-1 -1.02119948e-1 -1.02119948e-1
1.888848e0 3.45411e-1 -8.6506825e-2 -8.6506825e-2
1.9332921e0 3.45411e-1 -7.2993176e-2 -7.2993176e-2
1.977736e0 3.45411e-1 -6.1346199e-2 -6.1346199e-2
2.02218e0 3.45411e-1 -5.1354544e-2 -5.1354544e-2
2.066624e0 3.45411e-1 -4.2821042e-2 -4.2821042e-2
2.111068e0 3.45411e-1 -3.5564174e-2 -3.5564174e-2
2.1555121e0 3.45411e-1 -2.94224919e-2 -2.94224919e-2
2.199956e0 3.45411e-1 -2.42439664e-2 -2.42439664e-2

-2.2e0 3.81774e-1 -2.60921222e-2 -2.60921222e-2
-2.155556e0 3.81774e-1 -3.16649004e-2 -3.16649004e-2
-2.111112e0 3.81774e-1 -3.8275905e-2 -3.8275905e-2
-2.0666681e0 3.81774e-1 -4.6085681e-2 -4.6085681e-2
-2.0222241e0 3.81774e-1 -5.5270313e-2 -5.5270313e-2
-1.97778e0 3.81774e-1 -6.6023608e-2 -6.6023608e-2
-1.933336e0 3.81774e-1 -7.8558025e-2 -7.8558025e-2
-1.888892e0 3.81774e-1 -9.3103079e-2 -9.3103079e-2
-1.8444481e0 3.81774e-1 -1.09907228e-1 -1.09907228e-1
-1.8000041e0 3.81774e-1 -1.29231973e-1 -1.29231973e-1
-1.75556e0 3.81774e-1 -1.51357167e-1 -1.51357167e-1
-1.711116e0 3.81774e-1 -1.76569128e-1 -1.76569128e-1
-1.666672e0 3.81774e-1 -2.0517072e-1 -2.0517072e-1
-1.6222281e0 3.81774e-1 -2.3746428e-1 -2.3746428e-1
-1.5777841e0 3.81774e-1 -2.73752267e-1 -2.73752267e-1
-1.53334e0 3.81774e-1 -3.14348317e-1 -3.14348317e-1
-1.488896e0 3.81774e-1 -3.59539041e-1 -3.59539041e-1
-1.444452e0 3.81774e-1 -4.0933806e-1 -4.0933806e-1
-1.4000081e0 3.81774e-1 -4.6469518e-1 -4.6469518e-1
-1.3555641e0 3.81774e-1 -5.253971e-1 -5.253971e-1
-1.31112e0 3.81774e-1 -5.9144443e-1 -5.9144443e-1
-1.266676e0 3.81774e-1 -6.6329385e-1 -6.6329385e-1
-1.222232e0 3.81774e-1 -7.4083237e-1 -7.4083237e-1
-1.177788e0 3.81774e-1 -8.2440251e-1 -8.2440251e-1
-1.133344e0 3.81774e-1 -9.1335593e-1 -9.1335593e-1
-1.0889e0 3.81774e-1 -1.00849417e0 -1.00849417e0
-1.044456e0 3.81774e-1 -1.10851877e0 -1.10851877e0
-1.000012e0 3.81774e-1 -1.21388876e0 -1.21388876e0
-9.55568e-1 3.81774e-1 -1.32429773e0 -1.32429773e0
-9.11124e-1 3.81774e-1 -1.43882993e0 -1.43882993e0
-8.6668e-1 3.81774e-1 -1.55725583e0 -1.55725583e0
-8.22236e-1 3.81774e-1 -1.67866026e0 -1.67866026e0
-7.77792e-1 3.81774e-1 -1.80235524e0 -1.80235524e0
-7.33348e-1 3.81774e-1 -1.92761493e0 -1.92761493e0
-6.88904e-1 3.81774e-1 -2.05329521e0 -2.05329521e0
-6.4446e-1 3.81774e-1 -2.17886073e0 -2.17886073e0
-6.00016e-1 3.81774e-1 -2.30259357e0 -2.30259357e0
-5.55572e-1 3.81774e-1 -2.42407373e0 -2.42407373e0
-5.11128e-1 3.81774e-1 -2.54169864e0 -2.54169864e0
-4.66684e-1 3.81774e-1 -2.65470341e0 -2.65470341e0
-4.2224e-1 3.81774e-1 -2.7616387e0 -2.7616387e0
-3.77796e-1 3.81774e-1 -2.8616633e0 -2.8616633e0
-3.33352e-1 3.81774e-1 -2.95328882e0 -2.95328882e0
-2.88908e-1 3.81774e-1 -3.0362106e0 -3.0362106e0
-2.44464e-1 3.81774e-1 -3.10912898e0 -3.10912898e0
-2.0002e-1 3.81774e-1 -3.17101463e0 -3.17101463e0
-1.55576e-1 3.81774e-1 -3.22179065e0 -3.22179065e0
-1.11132e-1 3.81774e-1 -3.25996805e0 -3.25996805e0
-6.6688e-2 3.81774e-1 -3.28592897e0 -3.28592897e0
-2.2244e-2 3.81774e-1 -3.29890915e0 -3.29890915e0
2.22e-2 3.81774e-1 -3.29890915e0 -3.29890915e0
6.6644e-2 3.81774e-1 -3.28592897e0 -3.28592897e0
1.11088e-1 3.81774e-1 -3.25996805e0 -3.25996805e0
1.55532e-1 3.81774e-1 -3.22179065e0 -3.22179065e0
1.99976e-1 3.81774e-1 -3.17135834e0 -3.17135834e0
2.4442e-1 3.81774e-1 -3.10912898e0 -3.10912898e0
2.88864e-1 3.81774e-1 -3.0362106e0 -3.0362106e0
3.33308e-1 3.81774e-1 -2.95370883e0 -2.95370883e0
3.77752e-1 3.81774e-1 -2.8616633e0 -2.8616633e0
4.22196e-1 3.81774e-1 -2.7616387e0 -2.7616387e0
4.6664e-1 3.81774e-1 -2.65470341e0 -2.65470341e0
5.11084e-1 3.81774e-1 -2.54204234e0 -2.54204234e0
5.55528e-1 3.81774e-1 -2.42407373e0 -2.42407373e0
5.999721e-1 3.81774e-1 -2.30259357e0 -2.30259357e0
6.44416e-1 3.81774e-1 -2.17886073e0 -2.17886073e0
6.8886e-1 3.81774e-1 -2.0536389e0 -2.0536389e0
7.33304e-1 3.81774e-1 -1.92761493e0 -1.92761493e0
7.77748e-1 3.81774e-1 -1.80235524e0 -1.80235524e0
8.221921e-1 3.81774e-1 -1.67866026e0 -1.67866026e0
8.66636e-1 3.81774e-1 -1.55725583e0 -1.55725583e0
9.1108e-1 3.81774e-1 -1.43882993e0 -1.43882993e0
9.55524e-1 3.81774e-1 -1.32429773e0 -1.32429773e0
9.99968e-1 3.81774e-1 -1.21430878e0 -1.21430878e0
1.0444121e0 3.81774e-1 -1.10851877e0 -1.10851877e0
1.088856e0 3.81774e-1 -1.00849417e0 -1.00849417e0
1.1333e0 3.81774e-1 -9.1335593e-1 -9.1335593e-1
1.177744e0 3.81774e-1 -8.2440251e-1 -8.2440251e-1
1.222188e0 3.81774e-1 -7.4083237e-1 -7.4083237e-1
1.2666321e0 3.81774e-1 -6.6329385e-1 -6.6329385e-1
1.311076e0 3.81774e-1 -5.9144443e-1 -5.9144443e-1
1.35552e0 3.81774e-1 -5.253971e-1 -5.253971e-1
1.399964e0 3.81774e-1 -4.6469518e-1 -4.6469518e-1
1.444408e0 3.81774e-1 -4.0971964e-1 -4.0971964e-1
1.4888521e0 3.81774e-1 -3.59590596e-1 -3.59590596e-1
1.533296e0 3.81774e-1 -3.1439061e-1 -3.1439061e-1
1.57774e0 3.81774e-1 -2.73795667e-1 -2.73795667e-1
1.622184e0 3.81774e-1 -2.37496263e-1 -2.37496263e-1
1.666628e0 3.81774e-1 -2.05199963e-1 -2.05199963e-1
1.7110721e0 3.81774e-1 -1.76597498e-1 -1.76597498e-1
1.755516e0 3.81774e-1 -1.51379886e-1 -1.51379886e-1
1.79996e0 3.81774e-1 -1.2925376e-1 -1.2925376e-1
1.844404e0 3.81774e-1 -1.09925345e-1 -1.09925345e-1
1.888848e0 3.81774e-1 -9.3119333e-2 -9.3119333e-2
1.9332921e0 3.81774e-1 -7.8572064e-2 -7.8572064e-2
1.977736e0 3.81774e-1 -6.6034793e-2 -6.6034793e-2
2.02218e0 3.81774e-1 -5.5279808e-2 -5.5279808e-2
2.066624e0 3.81774e-1 -4.6093953e-2 -4.6093953e-2
2.111068e0 3.81774e-1 -3.828348e-2 -3.828348e-2
2.1555121e0 3.81774e-1 -3.16711278e-2 -3.16711278e-2
2.199956e0 3.81774e-1 -2.60972777e-2 -2.60972777e-2

-2.2e0 4.181369e-1 -2.77582137e-2 -2.77582137e-2
-2.155556e0 4.181369e-1 -3.3686875e-2 -3.3686875e-2
-2.111112e0 4.181369e-1 -4.07203491e-2 -4.07203491e-2
-2.0666681e0 4.181369e-1 -4.9028235e-2 -4.9028235e-2
-2.0222241e0 4.181369e-1 -5.8798013e-2 -5.8798013e-2
-1.97778e0 4.181369e-1 -7.0238654e-2 -7.0238654e-2
-1.933336e0 4.181369e-1 -8.3574104e-2 -8.3574104e-2
-1.888892e0 4.181369e-1 -9.9047581e-2 -9.9047581e-2
-1.8444481e0 4.181369e-1 -1.16924823e-1 -1.16924823e-1
-1.8000041e0 4.181369e-1 -1.37483496e-1 -1.37483496e-1
-1.75556e0 4.181369e-1 -1.61019904e-1 -1.61019904e-1
-1.711116e0 4.181369e-1 -1.87844443e-1 -1.87844443e-1
-1.666672e0 4.181369e-1 -2.18270065e-1 -2.18270065e-1
-1.6222281e0 4.181369e-1 -2.52625484e-1 -2.52625484e-1
-1.5777841e0 4.181369e-1 -2.91232454e-1 -2.91232454e-1
-1.53334e0 4.181369e-1 -3.34419751e-1 -3.34419751e-1
-1.488896e0 4.181369e-1 -3.82497072e-1 -3.82497072e-1
-1.444452e0 4.181369e-1 -4.3578215e-1 -4.3578215e-1
-1.4000081e0 4.181369e-1 -4.9436317e-1 -4.9436317e-1
-1.3555641e0 4.181369e-1 -5.587145e-1 -5.587145e-1
-1.31112e0 4.181369e-1 -6.2904541e-1 -6.2904541e-1
-1.266676e0 4.181369e-1 -7.0552243e-1 -7.0552243e-1
-1.222232e0 4.181369e-1 -7.8835547e-1 -7.8835547e-1
-1.177788e0 4.181369e-1 -8.770424e-1 -8.770424e-1
-1.133344e0 4.181369e-1 -9.7195901e-1 -9.7195901e-1
-1.0889e0 4.181369e-1 -1.07277228e0 -1.07277228e0
-1.044456e0 4.181369e-1 -1.17939667e0 -1.17939667e0
-1.000012e0 4.181369e-1 -1.29149916e0 -1.29149916e0
-9.55568e-1 4.181369e-1 -1.40903764e0 -1.40903764e0
-9.11124e-1 4.181369e-1 -1.53067352e0 -1.53067352e0
-8.6668e-1 4.181369e-1 -1.65665819e0 -1.65665819e0
-8.22236e-1 4.181369e-1 -1.78586298e0 -1.78586298e0
-7.77792e-1 4.181369e-1 -1.91757585e0 -1.91757585e0
-7.33348e-1 4.181369e-1 -2.0506273e0 -2.0506273e0
-6.88904e-1 4.181369e-1 -2.18443098e0 -2.18443098e0
-6.4446e-1 4.181369e-1 -2.31781676e0 -2.31781676e0
-6.00016e-1 4.181369e-1 -2.44957109e0 -2.44957109e0
-5.55572e-1 4.181369e-1 -2.57881735e0 -2.57881735e0
-5.11128e-1 4.181369e-1 -2.70388199e0 -2.70388199e0
-4.66684e-1 4.181369e-1 -2.82434773e0 -2.82434773e0
-4.2224e-1 4.181369e-1 -2.93812248e0 -2.93812248e0
-3.77796e-1 4.181369e-1 -3.04432962e0 -3.04432962e0
-3.33352e-1 4.181369e-1 -3.14221497e0 -3.14221497e0
-2.88908e-1 4.181369e-1 -3.23002397e0 -3.23002397e0
-2.44464e-1 4.181369e-1 -3.30783894e0 -3.30783894e0
-2.0002e-1 4.181369e-1 -3.37352821e0 -3.37352821e0
-1.55576e-1 4.181369e-1 -3.42742612e0 -3.42742612e0
-1.11132e-1 4.181369e-1 -3.46798544e0 -3.46798544e0
-6.6688e-2 4.181369e-1 -3.49562474e0 -3.49562474e0
-2.2244e-2 4.181369e-1 -3.5094227e0 -3.5094227e0
2.22e-2 4.181369e-1 -3.5094227e0 -3.5094227e0
6.6644e-2 4.181369e-1 -3.49562474e0 -3.49562474e0
1.11088e-1 4.181369e-1 -3.46844547e0 -3.46844547e0
1.55532e-1 4.181369e-1 -3.42742612e0 -3.42742612e0
1.99976e-1 4.181369e-1 -3.37352821e0 -3.37352821e0
2.4442e-1 4.181369e-1 -3.30783894e0 -3.30783894e0
2.88864e-1 4.181369e-1 -3.23002397e0 -3.23002397e0
3.33308e-1 4.181369e-1 -3.14221497e0 -3.14221497e0
3.77752e-1 4.181369e-1 -3.04432962e0 -3.04432962e0
4.22196e-1 4.181369e-1 -2.93812248e0 -2.93812248e0
4.6664e-1 4.181369e-1 -2.82434773e0 -2.82434773e0
5.11084e-1 4.181369e-1 -2.70425842e0 -2.70425842e0
5.55528e-1 4.181369e-1 -2.57881735e0 -2.57881735e0
5.999721e-1 4.181369e-1 -2.45003111e0 -2.45003111e0
6.44416e-1 4.181369e-1 -2.31781676e0 -2.31781676e0
6.8886e-1 4.181369e-1 -2.18443098e0 -2.18443098e0
7.33304e-1 4.181369e-1 -2.0510031e0 -2.0510031e0
7.77748e-1 4.181369e-1 -1.91757585e0 -1.91757585e0
8.221921e-1 4.181369e-1 -1.78586298e0 -1.78586298e0
8.66636e-1 4.181369e-1 -1.65665819e0 -1.65665819e0
9.1108e-1 4.181369e-1 -1.53067352e0 -1.53067352e0
9.55524e-1 4.181369e-1 -1.40903764e0 -1.40903764e0
9.99968e-1 4.181369e-1 -1.2918756e0 -1.2918756e0
1.0444121e0 4.181369e-1 -1.17939667e0 -1.17939667e0
1.088856e0 4.181369e-1 -1.07277228e0 -1.07277228e0
1.1333e0 4.181369e-1 -9.7195901e-1 -9.7195901e-1
1.177744e0 4.181369e-1 -8.770424e-1 -8.770424e-1
1.222188e0 4.181369e-1 -7.8835547e-1 -7.8835547e-1
1.2666321e0 4.181369e-1 -7.0552243e-1 -7.0552243e-1
1.311076e0 4.181369e-1 -6.294212e-1 -6.294212e-1
1.35552e0 4.181369e-1 -5.587145e-1 -5.587145e-1
1.399964e0 4.181369e-1 -4.9436317e-1 -4.9436317e-1
1.444408e0 4.181369e-1 -4.3578215e-1 -4.3578215e-1
1.4888521e0 4.181369e-1 -3.82542117e-1 -3.82542117e-1
1.533296e0 4.181369e-1 -3.34465369e-1 -3.34465369e-1
1.57774e0 4.181369e-1 -2.91270735e-1 -2.91270735e-1
1.622184e0 4.181369e-1 -2.52659682e-1 -2.52659682e-1
1.666628e0 4.181369e-1 -2.1830254e-1 -2.1830254e-1
1.7110721e0 4.181369e-1 -1.87872961e-1 -1.87872961e-1
1.755516e0 4.181369e-1 -1.61046445e-1 -1.61046445e-1
1.79996e0 4.181369e-1 -1.37505254e-1 -1.37505254e-1
1.844404e0 4.181369e-1 -1.16944537e-1 -1.16944537e-1
1.888848e0 4.181369e-1 -9.9064297e-2 -9.9064297e-2
1.9332921e0 4.181369e-1 -8.3587184e-2 -8.3587184e-2
1.977736e0 4.181369e-1 -7.025186e-2 -7.025186e-2
2.02218e0 4.181369e-1 -5.880886e-2 -5.880886e-2
2.066624e0 4.181369e-1 -4.9037167e-2 -4.9037167e-2
2.111068e0 4.181369e-1 -4.07278395e-2 -4.07278395e-2
2.1555121e0 4.181369e-1 -3.36929362e-2 -3.36929362e-2
2.199956e0 4.181369e-1 -2.77634328e-2 -2.77634328e-2

-2.2e0 4.544998e-1 -2.9229534e-2 -2.9229534e-2
-2.155556e0 4.544998e-1 -3.54724707e-2 -3.54724707e-2
-2.111112e0 4.544998e-1 -4.28795084e-2 -4.28795084e-2
-2.0666681e0 4.544998e-1 -5.1627367e-2 -5.1627367e-2
-2.0222241e0 4.544998e-1 -6.1916168e-2 -6.1916168e-2
-1.97778e0 4.544998e-1 -7.396302e-2 -7.396302e-2
-1.933336e0 4.544998e-1 -8.8004482e-2 -8.8004482e-2
-1.888892e0 4.544998e-1 -1.04299718e-1 -1.04299718e-1
-1.8444481e0 4.544998e-1 -1.23123012e-1 -1.23123012e-1
-1.8000041e0 4.544998e-1 -1.44773615e-1 -1.44773615e-1
-1.75556e0 4.544998e-1 -1.69557295e-1 -1.69557295e-1
-1.711116e0 4.544998e-1 -1.97800488e-1 -1.97800488e-1
-1.666672e0 4.544998e-1 -2.29841977e-1 -2.29841977e-1
-1.6222281e0 4.544998e-1 -2.66016309e-1 -2.66016309e-1
-1.5777841e0 4.544998e-1 -3.0667468e-1 -3.0667468e-1
-1.53334e0 4.544998e-1 -3.52147617e-1 -3.52147617e-1
-1.488896e0 4.544998e-1 -4.02771335e-1 -4.02771335e-1
-1.444452e0 4.544998e-1 -4.5868098e-1 -4.5868098e-1
-1.4000081e0 4.544998e-1 -5.20493e-1 -5.20493e-1
-1.3555641e0 4.544998e-1 -5.8825879e-1 -5.8825879e-1
-1.31112e0 4.544998e-1 -6.6229741e-1 -6.6229741e-1
-1.266676e0 4.544998e-1 -7.4283423e-1 -7.4283423e-1
-1.222232e0 4.544998e-1 -8.3005302e-1 -8.3005302e-1
-1.177788e0 4.544998e-1 -9.232707e-1 -9.232707e-1
-1.133344e0 4.544998e-1 -1.02326123e0 -1.02326123e0
-1.0889e0 4.544998e-1 -1.12965909e0 -1.12965909e0
-1.044456e0 4.544998e-1 -1.24192061e0 -1.24192061e0
-1.000012e0 4.544998e-1 -1.36018169e0 -1.36018169e0
-9.55568e-1 4.544998e-1 -1.48385077e0 -1.48385077e0
-9.11124e-1 4.544998e-1 -1.61202005e0 -1.61202005e0
-8.6668e-1 4.544998e-1 -1.74432474e0 -1.74432474e0
-8.22236e-1 4.544998e-1 -1.88067468e0 -1.88067468e0
-7.77792e-1 4.544998e-1 -2.01888809e0 -2.01888809e0
-7.33348e-1 4.544998e-1 -2.15937415e0 -2.15937415e0
-6.88904e-1 4.544998e-1 -2.30031444e0 -2.30031444e0
-6.4446e-1 4.544998e-1 -2.44075471e0 -2.44075471e0
-6.00016e-1 4.544998e-1 -2.57946815e0 -2.57946815e0
-5.55572e-1 4.544998e-1 -2.71536385e0 -2.71536385e0
-5.11128e-1 4.544998e-1 -2.8472143e0 -2.8472143e0
-4.66684e-1 4.544998e-1 -2.9740652e0 -2.9740652e0
-4.2224e-1 4.544998e-1 -3.09359819e0 -3.09359819e0
-3.77796e-1 4.544998e-1 -3.20540544e0 -3.20540544e0
-3.33352e-1 4.544998e-1 -3.30862218e0 -3.30862218e0
-2.88908e-1 4.544998e-1 -3.40134053e0 -3.40134053e0
-2.44464e-1 4.544998e-1 -3.48314993e0 -3.48314993e0
-2.0002e-1 4.544998e-1 -3.55232495e0 -3.55232495e0
-1.55576e-1 4.544998e-1 -3.60909236e0 -3.60909236e0
-1.11132e-1 4.544998e-1 -3.65231477e0 -3.65231477e0
-6.6688e-2 4.544998e-1 -3.68094849e0 -3.68094849e0
-2.2244e-2 4.544998e-1 -3.69594707e0 -3.69594707e0
2.22e-2 4.544998e-1 -3.69594707e0 -3.69594707e0
6.6644e-2 4.544998e-1 -3.68094849e0 -3.68094849e0
1.11088e-1 4.544998e-1 -3.65231477e0 -3.65231477e0
1.55532e-1 4.544998e-1 -3.60909236e0 -3.60909236e0
1.99976e-1 4.544998e-1 -3.55273413e0 -3.55273413e0
2.4442e-1 4.544998e-1 -3.48314993e0 -3.48314993e0
2.88864e-1 4.544998e-1 -3.40134053e0 -3.40134053e0
3.33308e-1 4.544998e-1 -3.30862218e0 -3.30862218e0
3.77752e-1 4.544998e-1 -3.20590547e0 -3.20590547e0
4.22196e-1 4.544998e-1 -3.09359819e0 -3.09359819e0
4.6664e-1 4.544998e-1 -2.9740652e0 -2.9740652e0
5.11084e-1 4.544998e-1 -2.84762346e0 -2.84762346e0
5.55528e-1 4.544998e-1 -2.71577303e0 -2.71577303e0
5.999721e-1 4.544998e-1 -2.57987732e0 -2.57987732e0
6.44416e-1 4.544998e-1 -2.44075471e0 -2.44075471e0
6.8886e-1 4.544998e-1 -2.30031444e0 -2.30031444e0
7.33304e-1 4.544998e-1 -2.15937415e0 -2.15937415e0
7.77748e-1 4.544998e-1 -2.01934235e0 -2.01934235e0
8.221921e-1 4.544998e-1 -1.88067468e0 -1.88067468e0
8.66636e-1 4.544998e-1 -1.74473392e0 -1.74473392e0
9.1108e-1 4.544998e-1 -1.61202005e0 -1.61202005e0
9.55524e-1 4.544998e-1 -1.48385077e0 -1.48385077e0
9.99968e-1 4.544998e-1 -1.36018169e0 -1.36018169e0
1.0444121e0 4.544998e-1 -1.24192061e0 -1.24192061e0
1.088856e0 4.544998e-1 -1.12965909e0 -1.12965909e0
1.1333e0 4.544998e-1 -1.02326123e0 -1.02326123e0
1.177744e0 4.544998e-1 -9.232707e-1 -9.232707e-1
1.222188e0 4.544998e-1 -8.3005302e-1 -8.3005302e-1
1.2666321e0 4.544998e-1 -7.432434e-1 -7.432434e-1
1.311076e0 4.544998e-1 -6.6279674e-1 -6.6279674e-1
1.35552e0 4.544998e-1 -5.8866797e-1 -5.8866797e-1
1.399964e0 4.544998e-1 -5.20493e-1 -5.20493e-1
1.444408e0 4.544998e-1 -4.5868098e-1 -4.5868098e-1
1.4888521e0 4.544998e-1 -4.0282848e-1 -4.0282848e-1
1.533296e0 4.544998e-1 -3.52194221e-1 -3.52194221e-1
1.57774e0 4.544998e-1 -3.06716985e-1 -3.06716985e-1
1.622184e0 4.544998e-1 -2.66052649e-1 -2.66052649e-1
1.666628e0 4.544998e-1 -2.29872769e-1 -2.29872769e-1
1.7110721e0 4.544998e-1 -1.97830656e-1 -1.97830656e-1
1.755516e0 4.544998e-1 -1.69583371e-1 -1.69583371e-1
1.79996e0 4.544998e-1 -1.44794627e-1 -1.44794627e-1
1.844404e0 4.544998e-1 -1.23143678e-1 -1.23143678e-1
1.888848e0 4.544998e-1 -1.04317542e-1 -1.04317542e-1
1.9332921e0 4.544998e-1 -8.8019392e-2 -8.8019392e-2
1.977736e0 4.544998e-1 -7.3975435e-2 -7.3975435e-2
2.02218e0 4.544998e-1 -6.1927264e-2 -6.1927264e-2
2.066624e0 4.544998e-1 -5.163666e-2 -5.163666e-2
2.111068e0 4.544998e-1 -4.28874144e-2 -4.28874144e-2
2.1555121e0 4.544998e-1 -3.5479378e-2 -3.5479378e-2
2.199956e0 4.544998e-1 -2.92353595e-2 -2.92353595e-2

-2.2e0 4.908627e-1 -3.05014233e-2 -3.05014233e-2
-2.155556e0 4.908627e-1 -3.70165295e-2 -3.70165295e-2
-2.111112e0 4.908627e-1 -4.47450784e-2 -4.47450784e-2
-2.0666681e0 4.908627e-1 -5.3872888e-2 -5.3872888e-2
-2.0222241e0 4.908627e-1 -6.4609985e-2 -6.4609985e-2
-1.97778e0 4.908627e-1 -7.7180629e-2 -7.7180629e-2
-1.933336e0 4.908627e-1 -9.1834532e-2 -9.1834532e-2
-1.888892e0 4.908627e-1 -1.0883759e-1 -1.0883759e-1
-1.8444481e0 4.908627e-1 -1.2847914e-1 -1.2847914e-1
-1.8000041e0 4.908627e-1 -1.51072487e-1 -1.51072487e-1
-1.75556e0 4.908627e-1 -1.76935507e-1 -1.76935507e-1
-1.711116e0 4.908627e-1 -2.06406969e-1 -2.06406969e-1
-1.666672e0 4.908627e-1 -2.398422e-1 -2.398422e-1
-1.6222281e0 4.908627e-1 -2.77588956e-1 -2.77588956e-1
-1.5777841e0 4.908627e-1 -3.2001762e-1 -3.2001762e-1
-1.53334e0 4.908627e-1 -3.67474149e-1 -3.67474149e-1
-1.488896e0 4.908627e-1 -4.20297768e-1 -4.20297768e-1
-1.444452e0 4.908627e-1 -4.78824326e-1 -4.78824326e-1
-1.4000081e0 4.908627e-1 -5.4348352e-1 -5.4348352e-1
-1.3555641e0 4.908627e-1 -6.1416711e-1 -6.1416711e-1
-1.31112e0 4.908627e-1 -6.9123293e-1 -6.9123293e-1
-1.266676e0 4.908627e-1 -7.7521947e-1 -7.7521947e-1
-1.222232e0 4.908627e-1 -8.6607806e-1 -8.6607806e-1
-1.177788e0 4.908627e-1 -9.6371057e-1 -9.6371057e-1
-1.133344e0 4.908627e-1 -1.06782268e0 -1.06782268e0
-1.0889e0 4.908627e-1 -1.17875813e0 -1.17875813e0
-1.044456e0 4.908627e-1 -1.29612297e0 -1.29612297e0
-1.000012e0 4.908627e-1 -1.41942812e0 -1.41942812e0
-9.55568e-1 4.908627e-1 -1.54803392e0 -1.54803392e0
-9.11124e-1 4.908627e-1 -1.68208867e0 -1.68208867e0
-8.6668e-1 4.908627e-1 -1.82051157e0 -1.82051157e0
-8.22236e-1 4.908627e-1 -1.96246898e0 -1.96246898e0
-7.77792e-1 4.908627e-1 -2.10678275e0 -2.10678275e0
-7.33348e-1 4.908627e-1 -2.25305963e0 -2.25305963e0
-6.88904e-1 4.908627e-1 -2.40036789e0 -2.40036789e0
-6.4446e-1 4.908627e-1 -2.54664478e0 -2.54664478e0
-6.00016e-1 4.908627e-1 -2.69149857e0 -2.69149857e0
-5.55572e-1 4.908627e-1 -2.83389789e0 -2.83389789e0
-5.11128e-1 4.908627e-1 -2.97143771e0 -2.97143771e0
-4.66684e-1 4.908627e-1 -3.10293988e0 -3.10293988e0
-4.2224e-1 4.908627e-1 -3.22815872e0 -3.22815872e0
-3.77796e-1 4.908627e-1 -3.34503297e0 -3.34503297e0
-3.33352e-1 4.908627e-1 -3.45258147e0 -3.45258147e0
-2.88908e-1 4.908627e-1 -3.54928148e0 -3.54928148e0
-2.44464e-1 4.908627e-1 -3.63474055e0 -3.63474055e0
-2.0002e-1 4.908627e-1 -3.706848e0 -3.706848e0
-1.55576e-1 4.908627e-1 -3.76624272e0 -3.76624272e0
-1.11132e-1 4.908627e-1 -3.8109601e0 -3.8109601e0
-6.6688e-2 4.908627e-1 -3.84139334e0 -3.84139334e0
-2.2244e-2 4.908627e-1 -3.85665941e0 -3.85665941e0
2.22e-2 4.908627e-1 -3.85665941e0 -3.85665941e0
6.6644e-2 4.908627e-1 -3.84139334e0 -3.84139334e0
1.11088e-1 4.908627e-1 -3.8109601e0 -3.8109601e0
1.55532e-1 4.908627e-1 -3.76624272e0 -3.76624272e0
1.99976e-1 4.908627e-1 -3.70738803e0 -3.70738803e0
2.4442e-1 4.908627e-1 -3.63474055e0 -3.63474055e0
2.88864e-1 4.908627e-1 -3.54928148e0 -3.54928148e0
3.33308e-1 4.908627e-1 -3.45258147e0 -3.45258147e0
3.77752e-1 4.908627e-1 -3.34503297e0 -3.34503297e0
4.22196e-1 4.908627e-1 -3.2286493e0 -3.2286493e0
4.6664e-1 4.908627e-1 -3.10347992e0 -3.10347992e0
5.11084e-1 4.908627e-1 -2.97143771e0 -2.97143771e0
5.55528e-1 4.908627e-1 -2.83389789e0 -2.83389789e0
5.999721e-1 4.908627e-1 -2.69203859e0 -2.69203859e0
6.44416e-1 4.908627e-1 -2.5471848e0 -2.5471848e0
6.8886e-1 4.908627e-1 -2.40036789e0 -2.40036789e0
7.33304e-1 4.908627e-1 -2.25355098e0 -2.25355098e0
7.77748e-1 4.908627e-1 -2.10722466e0 -2.10722466e0
8.221921e-1 4.908627e-1 -1.96246898e0 -1.96246898e0
8.66636e-1 4.908627e-1 -1.82051157e0 -1.82051157e0
9.1108e-1 4.908627e-1 -1.68208867e0 -1.68208867e0
9.55524e-1 4.908627e-1 -1.54803392e0 -1.54803392e0
9.99968e-1 4.908627e-1 -1.41942812e0 -1.41942812e0
1.0444121e0 4.908627e-1 -1.29612297e0 -1.29612297e0
1.088856e0 4.908627e-1 -1.17875813e0 -1.17875813e0
1.1333e0 4.908627e-1 -1.06782268e0 -1.06782268e0
1.177744e0 4.908627e-1 -9.6371057e-1 -9.6371057e-1
1.222188e0 4.908627e-1 -8.6607806e-1 -8.6607806e-1
1.2666321e0 4.908627e-1 -7.7521947e-1 -7.7521947e-1
1.311076e0 4.908627e-1 -6.9123293e-1 -6.9123293e-1
1.35552e0 4.908627e-1 -6.1416711e-1 -6.1416711e-1
1.399964e0 4.908627e-1 -5.4348352e-1 -5.4348352e-1
1.444408e0 4.908627e-1 -4.78888965e-1 -4.78888965e-1
1.4888521e0 4.908627e-1 -4.20352519e-1 -4.20352519e-1
1.533296e0 4.908627e-1 -3.67518115e-1 -3.67518115e-1
1.57774e0 4.908627e-1 -3.20060011e-1 -3.20060011e-1
1.622184e0 4.908627e-1 -2.77628653e-1 -2.77628653e-1
1.666628e0 4.908627e-1 -2.3987493e-1 -2.3987493e-1
1.7110721e0 4.908627e-1 -2.06437079e-1 -2.06437079e-1
1.755516e0 4.908627e-1 -1.76962021e-1 -1.76962021e-1
1.79996e0 4.908627e-1 -1.51094882e-1 -1.51094882e-1
1.844404e0 4.908627e-1 -1.28501161e-1 -1.28501161e-1
1.888848e0 4.908627e-1 -1.08857588e-1 -1.08857588e-1
1.9332921e0 4.908627e-1 -9.1849362e-2 -9.1849362e-2
1.977736e0 4.908627e-1 -7.7193736e-2 -7.7193736e-2
2.02218e0 4.908627e-1 -6.4621895e-2 -6.4621895e-2
2.066624e0 4.908627e-1 -5.3883374e-2 -5.3883374e-2
2.111068e0 4.908627e-1 -4.47533325e-2 -4.47533325e-2
2.1555121e0 4.908627e-1 -3.70231657e-2 -3.70231657e-2
2.199956e0 4.908627e-1 -3.05075201e-2 -3.05075201e-2

-2.2e0 5.272256e-1 -3.15701375e-2 -3.15701375e-2
-2.155556e0 5.272256e-1 -3.83130684e-2 -3.83130684e-2
-2.111112e0 5.272256e-1 -4.63132285e-2 -4.63132285e-2
-2.0666681e0 5.272256e-1 -5.5760933e-2 -5.5760933e-2
-2.0222241e0 5.272256e-1 -6.6874216e-2 -6.6874216e-2
-1.97778e0 5.272256e-1 -7.9885432e-2 -7.9885432e-2
-1.933336e0 5.272256e-1 -9.5053145e-2 -9.5053145e-2
-1.888892e0 5.272256e-1 -1.12651442e-1 -1.12651442e-1
-1.8444481e0 5.272256e-1 -1.32982162e-1 -1.32982162e-1
-1.8000041e0 5.272256e-1 -1.56362596e-1 -1.56362596e-1
-1.75556e0 5.272256e-1 -1.83135854e-1 -1.83135854e-1
-1.711116e0 5.272256e-1 -2.13639658e-1 -2.13639658e-1
-1.666672e0 5.272256e-1 -2.48248093e-1 -2.48248093e-1
-1.6222281e0 5.272256e-1 -2.87317946e-1 -2.87317946e-1
-1.5777841e0 5.272256e-1 -3.31233276e-1 -3.31233276e-1
-1.53334e0 5.272256e-1 -3.80346451e-1 -3.80346451e-1
-1.488896e0 5.272256e-1 -4.35026804e-1 -4.35026804e-1
-1.444452e0 5.272256e-1 -4.95604416e-1 -4.95604416e-1
-1.4000081e0 5.272256e-1 -5.6207501e-1 -5.6207501e-1
-1.3555641e0 5.272256e-1 -6.3535934e-1 -6.3535934e-1
-1.31112e0 5.272256e-1 -7.1560326e-1 -7.1560326e-1
-1.266676e0 5.272256e-1 -8.0254288e-1 -8.0254288e-1
-1.222232e0 5.272256e-1 -8.9644208e-1 -8.9644208e-1
-1.177788e0 5.272256e-1 -9.9714156e-1 -9.9714156e-1
-1.133344e0 5.272256e-1 -1.10527608e0 -1.10527608e0
-1.0889e0 5.272256e-1 -1.21973624e0 -1.21973624e0
-1.044456e0 5.272256e-1 -1.34157832e0 -1.34157832e0
-1.000012e0 5.272256e-1 -1.46916684e0 -1.46916684e0
-9.55568e-1 5.272256e-1 -1.60260796e0 -1.60260796e0
-9.11124e-1 5.272256e-1 -1.74074081e0 -1.74074081e0
-8.6668e-1 5.272256e-1 -1.88419936e0 -1.88419936e0
-8.22236e-1 5.272256e-1 -2.03087341e0 -2.03087341e0
-7.77792e-1 5.272256e-1 -2.1805522e0 -2.1805522e0
-7.33348e-1 5.272256e-1 -2.33244655e0 -2.33244655e0
-6.88904e-1 5.272256e-1 -2.48428699e0 -2.48428699e0
-6.4446e-1 5.272256e-1 -2.63623361e0 -2.63623361e0
-6.00016e-1 5.272256e-1 -2.7860186e0 -2.7860186e0
-5.55572e-1 5.272256e-1 -2.9330619e0 -2.9330619e0
-5.11128e-1 5.272256e-1 -3.07546497e0 -3.07546497e0
-4.66684e-1 5.272256e-1 -3.2120693e0 -3.2120693e0
-4.2224e-1 5.272256e-1 -3.34123944e0 -3.34123944e0
-3.77796e-1 5.272256e-1 -3.46202686e0 -3.46202686e0
-3.33352e-1 5.272256e-1 -3.57332458e0 -3.57332458e0
-2.88908e-1 5.272256e-1 -3.67349715e0 -3.67349715e0
-2.44464e-1 5.272256e-1 -3.76207147e0 -3.76207147e0
-2.0002e-1 5.272256e-1 -3.8369897e0 -3.8369897e0
-1.55576e-1 5.272256e-1 -3.89809578e0 -3.89809578e0
-1.11132e-1 5.272256e-1 -3.94454419e0 -3.94454419e0
-6.6688e-2 5.272256e-1 -3.9756503e0 -3.9756503e0
-2.2244e-2 5.272256e-1 -3.99151953e0 -3.99151953e0
2.22e-2 5.272256e-1 -3.99151953e0 -3.99151953e0
6.6644e-2 5.272256e-1 -3.9756503e0 -3.9756503e0
1.11088e-1 5.272256e-1 -3.94454419e0 -3.94454419e0
1.55532e-1 5.272256e-1 -3.89809578e0 -3.89809578e0
1.99976e-1 5.272256e-1 -3.8369897e0 -3.8369897e0
2.4442e-1 5.272256e-1 -3.76207147e0 -3.76207147e0
2.88864e-1 5.272256e-1 -3.67397179e0 -3.67397179e0
3.33308e-1 5.272256e-1 -3.57385153e0 -3.57385153e0
3.77752e-1 5.272256e-1 -3.4625546e0 -3.4625546e0
4.22196e-1 5.272256e-1 -3.34123944e0 -3.34123944e0
4.6664e-1 5.272256e-1 -3.2120693e0 -3.2120693e0
5.11084e-1 5.272256e-1 -3.07546497e0 -3.07546497e0
5.55528e-1 5.272256e-1 -2.9330619e0 -2.9330619e0
5.999721e-1 5.272256e-1 -2.78649324e0 -2.78649324e0
6.44416e-1 5.272256e-1 -2.63623361e0 -2.63623361e0
6.8886e-1 5.272256e-1 -2.48486702e0 -2.48486702e0
7.33304e-1 5.272256e-1 -2.33244655e0 -2.33244655e0
7.77748e-1 5.272256e-1 -2.18113223e0 -2.18113223e0
8.221921e-1 5.272256e-1 -2.03129495e0 -2.03129495e0
8.66636e-1 5.272256e-1 -1.88419936e0 -1.88419936e0
9.1108e-1 5.272256e-1 -1.74132085e0 -1.74132085e0
9.55524e-1 5.272256e-1 -1.60260796e0 -1.60260796e0
9.99968e-1 5.272256e-1 -1.46916684e0 -1.46916684e0
1.0444121e0 5.272256e-1 -1.34157832e0 -1.34157832e0
1.088856e0 5.272256e-1 -1.22026398e0 -1.22026398e0
1.1333e0 5.272256e-1 -1.10527608e0 -1.10527608e0
1.177744e0 5.272256e-1 -9.9714156e-1 -9.9714156e-1
1.222188e0 5.272256e-1 -8.9644208e-1 -8.9644208e-1
1.2666321e0 5.272256e-1 -8.0254288e-1 -8.0254288e-1
1.311076e0 5.272256e-1 -7.1560326e-1 -7.1560326e-1
1.35552e0 5.272256e-1 -6.3535934e-1 -6.3535934e-1
1.399964e0 5.272256e-1 -5.6207501e-1 -5.6207501e-1
1.444408e0 5.272256e-1 -4.95673038e-1 -4.95673038e-1
1.4888521e0 5.272256e-1 -4.35085692e-1 -4.35085692e-1
1.533296e0 5.272256e-1 -3.80399144e-1 -3.80399144e-1
1.57774e0 5.272256e-1 -3.31277925e-1 -3.31277925e-1
1.622184e0 5.272256e-1 -2.8735833e-1 -2.8735833e-1
1.666628e0 5.272256e-1 -2.48280835e-1 -2.48280835e-1
1.7110721e0 5.272256e-1 -2.13673204e-1 -2.13673204e-1
1.755516e0 5.272256e-1 -1.83163527e-1 -1.83163527e-1
1.79996e0 5.272256e-1 -1.56390752e-1 -1.56390752e-1
1.844404e0 5.272256e-1 -1.33004366e-1 -1.33004366e-1
1.888848e0 5.272256e-1 -1.1266922e-1 -1.1266922e-1
1.9332921e0 5.272256e-1 -9.5067947e-2 -9.5067947e-2
1.977736e0 5.272256e-1 -7.989935e-2 -7.989935e-2
2.02218e0 5.272256e-1 -6.6886685e-2 -6.6886685e-2
2.066624e0 5.272256e-1 -5.577115e-2 -5.577115e-2
2.111068e0 5.272256e-1 -4.63216515e-2 -4.63216515e-2
2.1555121e0 5.272256e-1 -3.83206386e-2 -3.83206386e-2
2.199956e0 5.272256e-1 -3.15766458e-2 -3.15766458e-2

-2.2e0 5.635886e-1 -3.24349878e-2 -3.24349878e-2
-2.155556e0 5.635886e-1 -3.93631213e-2 -3.93631213e-2
-2.111112e0 5.635886e-1 -4.75816539e-2 -4.75816539e-2
-2.0666681e0 5.635886e-1 -5.7288911e-2 -5.7288911e-2
-2.0222241e0 5.635886e-1 -6.8705673e-2 -6.8705673e-2
-1.97778e0 5.635886e-1 -8.2074475e-2 -8.2074475e-2
-1.933336e0 5.635886e-1 -9.7656493e-2 -9.7656493e-2
-1.888892e0 5.635886e-1 -1.15737402e-1 -1.15737402e-1
-1.8444481e0 5.635886e-1 -1.36627141e-1 -1.36627141e-1
-1.8000041e0 5.635886e-1 -1.60649829e-1 -1.60649829e-1
-1.75556e0 5.635886e-1 -1.88152977e-1 -1.88152977e-1
-1.711116e0 5.635886e-1 -2.19495712e-1 -2.19495712e-1
-1.666672e0 5.635886e-1 -2.55048419e-1 -2.55048419e-1
-1.6222281e0 5.635886e-1 -2.9519344e-1 -2.9519344e-1
-1.5777841e0 5.635886e-1 -3.40306065e-1 -3.40306065e-1
-1.53334e0 5.635886e-1 -3.90772078e-1 -3.90772078e-1
-1.488896e0 5.635886e-1 -4.46949567e-1 -4.46949567e-1
-1.444452e0 5.635886e-1 -5.09184412e-1 -5.09184412e-1
-1.4000081e0 5.635886e-1 -5.7779092e-1 -5.7779092e-1
-1.3555641e0 5.635886e-1 -6.5269154e-1 -6.5269154e-1
-1.31112e0 5.635886e-1 -7.3503261e-1 -7.3503261e-1
-1.266676e0 5.635886e-1 -8.2469888e-1 -8.2469888e-1
-1.222232e0 5.635886e-1 -9.2112881e-1 -9.2112881e-1
-1.177788e0 5.635886e-1 -1.02482976e0 -1.02482976e0
-1.133344e0 5.635886e-1 -1.1353494e0 -1.1353494e0
-1.0889e0 5.635886e-1 -1.25313919e0 -1.25313919e0
-1.044456e0 5.635886e-1 -1.37825592e0 -1.37825592e0
-1.000012e0 5.635886e-1 -1.50906477e0 -1.50906477e0
-9.55568e-1 5.635886e-1 -1.64607315e0 -1.64607315e0
-9.11124e-1 5.635886e-1 -1.78866098e0 -1.78866098e0
-8.6668e-1 5.635886e-1 -1.93581439e0 -1.93581439e0
-8.22236e-1 5.635886e-1 -2.08691248e0 -2.08691248e0
-7.77792e-1 5.635886e-1 -2.24071515e0 -2.24071515e0
-7.33348e-1 5.635886e-1 -2.3963788e0 -2.3963788e0
-6.88904e-1 5.635886e-1 -2.55249222e0 -2.55249222e0
-6.4446e-1 5.635886e-1 -2.70860649e0 -2.70860649e0
-6.00016e-1 5.635886e-1 -2.86257944e0 -2.86257944e0
-5.55572e-1 5.635886e-1 -3.01305748e0 -3.01305748e0
-5.11128e-1 5.635886e-1 -3.15959e0 -3.15959e0
-4.66684e-1 5.635886e-1 -3.3000365e0 -3.3000365e0
-4.2224e-1 5.635886e-1 -3.43309933e0 -3.43309933e0
-3.77796e-1 5.635886e-1 -3.55708951e0 -3.55708951e0
-3.33352e-1 5.635886e-1 -3.67155382e0 -3.67155382e0
-2.88908e-1 5.635886e-1 -3.77463474e0 -3.77463474e0
-2.44464e-1 5.635886e-1 -3.86486514e0 -3.86486514e0
-2.0002e-1 5.635886e-1 -3.9420765e0 -3.9420765e0
-1.55576e-1 5.635886e-1 -4.00469162e0 -4.00469162e0
-1.11132e-1 5.635886e-1 -4.05259613e0 -4.05259613e0
-6.6688e-2 5.635886e-1 -4.08466434e0 -4.08466434e0
-2.2244e-2 5.635886e-1 -4.10112154e0 -4.10112154e0
2.22e-2 5.635886e-1 -4.10112154e0 -4.10112154e0
6.6644e-2 5.635886e-1 -4.08466434e0 -4.08466434e0
1.11088e-1 5.635886e-1 -4.05259613e0 -4.05259613e0
1.55532e-1 5.635886e-1 -4.00469162e0 -4.00469162e0
1.99976e-1 5.635886e-1 -3.9420765e0 -3.9420765e0
2.4442e-1 5.635886e-1 -3.86486514e0 -3.86486514e0
2.88864e-1 5.635886e-1 -3.77463474e0 -3.77463474e0
3.33308e-1 5.635886e-1 -3.67155382e0 -3.67155382e0
3.77752e-1 5.635886e-1 -3.55708951e0 -3.55708951e0
4.22196e-1 5.635886e-1 -3.43309933e0 -3.43309933e0
4.6664e-1 5.635886e-1 -3.3000365e0 -3.3000365e0
5.11084e-1 5.635886e-1 -3.15959e0 -3.15959e0
5.55528e-1 5.635886e-1 -3.01367752e0 -3.01367752e0
5.999721e-1 5.635886e-1 -2.86257944e0 -2.86257944e0
6.44416e-1 5.635886e-1 -2.70860649e0 -2.70860649e0
6.8886e-1 5.635886e-1 -2.55249222e0 -2.55249222e0
7.33304e-1 5.635886e-1 -2.3963788e0 -2.3963788e0
7.77748e-1 5.635886e-1 -2.24071515e0 -2.24071515e0
8.221921e-1 5.635886e-1 -2.08691248e0 -2.08691248e0
8.66636e-1 5.635886e-1 -1.93581439e0 -1.93581439e0
9.1108e-1 5.635886e-1 -1.78866098e0 -1.78866098e0
9.55524e-1 5.635886e-1 -1.64658052e0 -1.64658052e0
9.99968e-1 5.635886e-1 -1.50906477e0 -1.50906477e0
1.0444121e0 5.635886e-1 -1.37825592e0 -1.37825592e0
1.088856e0 5.635886e-1 -1.25364658e0 -1.25364658e0
1.1333e0 5.635886e-1 -1.13585677e0 -1.13585677e0
1.177744e0 5.635886e-1 -1.02482976e0 -1.02482976e0
1.222188e0 5.635886e-1 -9.2112881e-1 -9.2112881e-1
1.2666321e0 5.635886e-1 -8.2469888e-1 -8.2469888e-1
1.311076e0 5.635886e-1 -7.3503261e-1 -7.3503261e-1
1.35552e0 5.635886e-1 -6.5269154e-1 -6.5269154e-1
1.399964e0 5.635886e-1 -5.7779092e-1 -5.7779092e-1
1.444408e0 5.635886e-1 -5.0924719e-1 -5.0924719e-1
1.4888521e0 5.635886e-1 -4.47002713e-1 -4.47002713e-1
1.533296e0 5.635886e-1 -3.90824278e-1 -3.90824278e-1
1.57774e0 5.635886e-1 -3.40352074e-1 -3.40352074e-1
1.622184e0 5.635886e-1 -2.95232999e-1 -2.95232999e-1
1.666628e0 5.635886e-1 -2.55086171e-1 -2.55086171e-1
1.7110721e0 5.635886e-1 -2.19529251e-1 -2.19529251e-1
1.755516e0 5.635886e-1 -1.88181099e-1 -1.88181099e-1
1.79996e0 5.635886e-1 -1.60673735e-1 -1.60673735e-1
1.844404e0 5.635886e-1 -1.36646748e-1 -1.36646748e-1
1.888848e0 5.635886e-1 -1.15757355e-1 -1.15757355e-1
1.9332921e0 5.635886e-1 -9.7672401e-2 -9.7672401e-2
1.977736e0 5.635886e-1 -8.2089352e-2 -8.2089352e-2
2.02218e0 5.635886e-1 -6.8719002e-2 -6.8719002e-2
2.066624e0 5.635886e-1 -5.7300262e-2 -5.7300262e-2
2.111068e0 5.635886e-1 -4.75905977e-2 -4.75905977e-2
2.1555121e0 5.635886e-1 -3.93703021e-2 -3.93703021e-2
2.199956e0 5.635886e-1 -3.24414203e-2 -3.24414203e-2

-2.2e0 5.999513e-1 -3.30977663e-2 -3.30977663e-2
-2.155556e0 5.999513e-1 -4.01668124e-2 -4.01668124e-2
-2.111112e0 5.999513e-1 -4.85539922e-2 -4.85539922e-2
-2.0666681e0 5.999513e-1 -5.8460119e-2 -5.8460119e-2
-2.0222241e0 5.999513e-1 -7.0108417e-2 -7.0108417e-2
-1.97778e0 5.999513e-1 -8.375004e-2 -8.375004e-2
-1.933336e0 5.999513e-1 -9.964908e-2 -9.964908e-2
-1.888892e0 5.999513e-1 -1.18100769e-1 -1.18100769e-1
-1.8444481e0 5.999513e-1 -1.39416637e-1 -1.39416637e-1
-1.8000041e0 5.999513e-1 -1.63929265e-1 -1.63929265e-1
-1.75556e0 5.999513e-1 -1.91993028e-1 -1.91993028e-1
-1.711116e0 5.999513e-1 -2.2397786e-1 -2.2397786e-1
-1.666672e0 5.999513e-1 -2.60254793e-1 -2.60254793e-1
-1.6222281e0 5.999513e-1 -3.01218755e-1 -3.01218755e-1
-1.5777841e0 5.999513e-1 -3.47252405e-1 -3.47252405e-1
-1.53334e0 5.999513e-1 -3.98747098e-1 -3.98747098e-1
-1.488896e0 5.999513e-1 -4.56074234e-1 -4.56074234e-1
-1.444452e0 5.999513e-1 -5.19585072e-1 -5.19585072e-1
-1.4000081e0 5.999513e-1 -5.89599747e-1 -5.89599747e-1
-1.3555641e0 5.999513e-1 -6.6606625e-1 -6.6606625e-1
-1.31112e0 5.999513e-1 -7.5011949e-1 -7.5011949e-1
-1.266676e0 5.999513e-1 -8.4131143e-1 -8.4131143e-1
-1.222232e0 5.999513e-1 -9.3970341e-1 -9.3970341e-1
-1.177788e0 5.999513e-1 -1.04535493e0 -1.04535493e0
-1.133344e0 5.999513e-1 -1.15880612e0 -1.15880612e0
-1.0889e0 5.999513e-1 -1.27879639e0 -1.27879639e0
-1.044456e0 5.999513e-1 -1.40592627e0 -1.40592627e0
-1.000012e0 5.999513e-1 -1.53977466e0 -1.53977466e0
-9.55568e-1 5.999513e-1 -1.67956343e0 -1.67956343e0
-9.11124e-1 5.999513e-1 -1.82541159e0 -1.82541159e0
-8.6668e-1 5.999513e-1 -1.97545984e0 -1.97545984e0
-8.22236e-1 5.999513e-1 -2.12904723e0 -2.12904723e0
-7.77792e-1 5.999513e-1 -2.28635411e0 -2.28635411e0
-7.33348e-1 5.999513e-1 -2.44540126e0 -2.44540126e0
-6.88904e-1 5.999513e-1 -2.60438892e0 -2.60438892e0
-6.4446e-1 5.999513e-1 -2.76403569e0 -2.76403569e0
-6.00016e-1 5.999513e-1 -2.92068344e0 -2.92068344e0
-5.55572e-1 5.999513e-1 -3.07481094e0 -3.07481094e0
-5.11128e-1 5.999513e-1 -3.22431816e0 -3.22431816e0
-4.66684e-1 5.999513e-1 -3.3677065e0 -3.3677065e0
-4.2224e-1 5.999513e-1 -3.50335559e0 -3.50335559e0
-3.77796e-1 5.999513e-1 -3.62994536e0 -3.62994536e0
-3.33352e-1 5.999513e-1 -3.74639648e0 -3.74639648e0
-2.88908e-1 5.999513e-1 -3.85138795e0 -3.85138795e0
-2.44464e-1 5.999513e-1 -3.94378006e0 -3.94378006e0
-2.0002e-1 5.999513e-1 -4.02243396e0 -4.02243396e0
-1.55576e-1 5.999513e-1 -4.08656877e0 -4.08656877e0
-1.11132e-1 5.999513e-1 -4.13516467e0 -4.13516467e0
-6.6688e-2 5.999513e-1 -4.1682217e0 -4.1682217e0
-2.2244e-2 5.999513e-1 -4.18442064e0 -4.18442064e0
2.22e-2 5.999513e-1 -4.18442064e0 -4.18442064e0
6.6644e-2 5.999513e-1 -4.1682217e0 -4.1682217e0
1.11088e-1 5.999513e-1 -4.13516467e0 -4.13516467e0
1.55532e-1 5.999513e-1 -4.08656877e0 -4.08656877e0
1.99976e-1 5.999513e-1 -4.02243396e0 -4.02243396e0
2.4442e-1 5.999513e-1 -3.94378006e0 -3.94378006e0
2.88864e-1 5.999513e-1 -3.85138795e0 -3.85138795e0
3.33308e-1 5.999513e-1 -3.74639648e0 -3.74639648e0
3.77752e-1 5.999513e-1 -3.62994536e0 -3.62994536e0
4.22196e-1 5.999513e-1 -3.50335559e0 -3.50335559e0
4.6664e-1 5.999513e-1 -3.3677065e0 -3.3677065e0
5.11084e-1 5.999513e-1 -3.22431816e0 -3.22431816e0
5.55528e-1 5.999513e-1 -3.07481094e0 -3.07481094e0
5.999721e-1 5.999513e-1 -2.92122264e0 -2.92122264e0
6.44416e-1 5.999513e-1 -2.76403569e0 -2.76403569e0
6.8886e-1 5.999513e-1 -2.60498854e0 -2.60498854e0
7.33304e-1 5.999513e-1 -2.44540126e0 -2.44540126e0
7.77748e-1 5.999513e-1 -2.28635411e0 -2.28635411e0
8.221921e-1 5.999513e-1 -2.12970728e0 -2.12970728e0
8.66636e-1 5.999513e-1 -1.97545984e0 -1.97545984e0
9.1108e-1 5.999513e-1 -1.82541159e0 -1.82541159e0
9.55524e-1 5.999513e-1 -1.68022348e0 -1.68022348e0
9.99968e-1 5.999513e-1 -1.54043471e0 -1.54043471e0
1.0444121e0 5.999513e-1 -1.40658632e0 -1.40658632e0
1.088856e0 5.999513e-1 -1.2793365e0 -1.2793365e0
1.1333e0 5.999513e-1 -1.15880612e0 -1.15880612e0
1.177744e0 5.999513e-1 -1.04589505e0 -1.04589505e0
1.222188e0 5.999513e-1 -9.3970341e-1 -9.3970341e-1
1.2666321e0 5.999513e-1 -8.4131143e-1 -8.4131143e-1
1.311076e0 5.999513e-1 -7.5011949e-1 -7.5011949e-1
1.35552e0 5.999513e-1 -6.6606625e-1 -6.6606625e-1
1.399964e0 5.999513e-1 -5.8967518e-1 -5.8967518e-1
1.444408e0 5.999513e-1 -5.19648512e-1 -5.19648512e-1
1.4888521e0 5.999513e-1 -4.56136392e-1 -4.56136392e-1
1.533296e0 5.999513e-1 -3.98803032e-1 -3.98803032e-1
1.57774e0 5.999513e-1 -3.47301381e-1 -3.47301381e-1
1.622184e0 5.999513e-1 -3.0126288e-1 -3.0126288e-1
1.666628e0 5.999513e-1 -2.60293974e-1 -2.60293974e-1
1.7110721e0 5.999513e-1 -2.24011458e-1 -2.24011458e-1
1.755516e0 5.999513e-1 -1.92025252e-1 -1.92025252e-1
1.79996e0 5.999513e-1 -1.63957187e-1 -1.63957187e-1
1.844404e0 5.999513e-1 -1.39439247e-1 -1.39439247e-1
1.888848e0 5.999513e-1 -1.18120909e-1 -1.18120909e-1
1.9332921e0 5.999513e-1 -9.9666656e-2 -9.9666656e-2
1.977736e0 5.999513e-1 -8.3764597e-2 -8.3764597e-2
2.02218e0 5.999513e-1 -7.012169e-2 -7.012169e-2
2.066624e0 5.999513e-1 -5.84709396e-2 -5.84709396e-2
2.111068e0 5.999513e-1 -4.85622952e-2 -4.85622952e-2
2.1555121e0 5.999513e-1 -4.0174667e-2 -4.0174667e-2
2.199956e0 5.999513e-1 -3.31038266e-2 -3.31038266e-2

-2.2e0 6.363142e-1 -3.35607214e-2 -3.35607214e-2
-2.155556e0 6.363142e-1 -4.07283931e-2 -4.07283931e-2
-2.111112e0 6.363142e-1 -4.92326004e-2 -4.92326004e-2
-2.0666681e0 6.363142e-1 -5.92779494e-2 -5.92779494e-2
-2.0222241e0 6.363142e-1 -7.1089493e-2 -7.1089493e-2
-1.97778e0 6.363142e-1 -8.4920706e-2 -8.4920706e-2
-1.933336e0 6.363142e-1 -1.01043042e-1 -1.01043042e-1
-1.888892e0 6.363142e-1 -1.19753221e-1 -1.19753221e-1
-1.8444481e0 6.363142e-1 -1.41366603e-1 -1.41366603e-1
-1.8000041e0 6.363142e-1 -1.66222336e-1 -1.66222336e-1
-1.75556e0 6.363142e-1 -1.9467928e-1 -1.9467928e-1
-1.711116e0 6.363142e-1 -2.27109694e-1 -2.27109694e-1
-1.666672e0 6.363142e-1 -2.6389496e-1 -2.6389496e-1
-1.6222281e0 6.363142e-1 -3.0543365e-1 -3.0543365e-1
-1.5777841e0 6.363142e-1 -3.52110837e-1 -3.52110837e-1
-1.53334e0 6.363142e-1 -4.04324995e-1 -4.04324995e-1
-1.488896e0 6.363142e-1 -4.6245547e-1 -4.6245547e-1
-1.444452e0 6.363142e-1 -5.26852577e-1 -5.26852577e-1
-1.4000081e0 6.363142e-1 -5.97846432e-1 -5.97846432e-1
-1.3555641e0 6.363142e-1 -6.758926e-1 -6.758926e-1
-1.31112e0 6.363142e-1 -7.605225e-1 -7.605225e-1
-1.266676e0 6.363142e-1 -8.5278787e-1 -8.5278787e-1
-1.222232e0 6.363142e-1 -9.5275377e-1 -9.5275377e-1
-1.177788e0 6.363142e-1 -1.06029005e0 -1.06029005e0
-1.133344e0 6.363142e-1 -1.17482681e0 -1.17482681e0
-1.0889e0 6.363142e-1 -1.29706311e0 -1.29706311e0
-1.044456e0 6.363142e-1 -1.42559886e0 -1.42559886e0
-1.000012e0 6.363142e-1 -1.5611972e0 -1.5611972e0
-9.55568e-1 6.363142e-1 -1.70309502e0 -1.70309502e0
-9.11124e-1 6.363142e-1 -1.8507835e0 -1.8507835e0
-8.6668e-1 6.363142e-1 -2.00292664e0 -2.00292664e0
-8.22236e-1 6.363142e-1 -2.15888655e0 -2.15888655e0
-7.77792e-1 6.363142e-1 -2.317902e0 -2.317902e0
-7.33348e-1 6.363142e-1 -2.47901662e0 -2.47901662e0
-6.88904e-1 6.363142e-1 -2.64134006e0 -2.64134006e0
-6.4446e-1 6.363142e-1 -2.80232747e0 -2.80232747e0
-6.00016e-1 6.363142e-1 -2.96204297e0 -2.96204297e0
-5.55572e-1 6.363142e-1 -3.11793977e0 -3.11793977e0
-5.11128e-1 6.363142e-1 -3.26951006e0 -3.26951006e0
-4.66684e-1 6.363142e-1 -3.41458963e0 -3.41458963e0
-4.2224e-1 6.363142e-1 -3.55209685e0 -3.55209685e0
-3.77796e-1 6.363142e-1 -3.6806326e0 -3.6806326e0
-3.33352e-1 6.363142e-1 -3.79898708e0 -3.79898708e0
-2.88908e-1 6.363142e-1 -3.90531456e0 -3.90531456e0
-2.44464e-1 6.363142e-1 -3.9989169e0 -3.9989169e0
-2.0002e-1 6.363142e-1 -4.07909215e0 -4.07909215e0
-1.55576e-1 6.363142e-1 -4.14399648e0 -4.14399648e0
-1.11132e-1 6.363142e-1 -4.19299295e0 -4.19299295e0
-6.6688e-2 6.363142e-1 -4.22608058e0 -4.22608058e0
-2.2244e-2 6.363142e-1 -4.24326134e0 -4.24326134e0
2.22e-2 6.363142e-1 -4.24326134e0 -4.24326134e0
6.6644e-2 6.363142e-1 -4.22678064e0 -4.22678064e0
1.11088e-1 6.363142e-1 -4.19299295e0 -4.19299295e0
1.55532e-1 6.363142e-1 -4.14399648e0 -4.14399648e0
1.99976e-1 6.363142e-1 -4.07909215e0 -4.07909215e0
2.4442e-1 6.363142e-1 -3.9989169e0 -3.9989169e0
2.88864e-1 6.363142e-1 -3.90531456e0 -3.90531456e0
3.33308e-1 6.363142e-1 -3.79898708e0 -3.79898708e0
3.77752e-1 6.363142e-1 -3.6806326e0 -3.6806326e0
4.22196e-1 6.363142e-1 -3.55209685e0 -3.55209685e0
4.6664e-1 6.363142e-1 -3.41458963e0 -3.41458963e0
5.11084e-1 6.363142e-1 -3.26951006e0 -3.26951006e0
5.55528e-1 6.363142e-1 -3.11793977e0 -3.11793977e0
5.999721e-1 6.363142e-1 -2.96204297e0 -2.96204297e0
6.44416e-1 6.363142e-1 -2.80232747e0 -2.80232747e0
6.8886e-1 6.363142e-1 -2.64134006e0 -2.64134006e0
7.33304e-1 6.363142e-1 -2.47958946e0 -2.47958946e0
7.77748e-1 6.363142e-1 -2.31860205e0 -2.31860205e0
8.221921e-1 6.363142e-1 -2.1594594e0 -2.1594594e0
8.66636e-1 6.363142e-1 -2.00292664e0 -2.00292664e0
9.1108e-1 6.363142e-1 -1.8507835e0 -1.8507835e0
9.55524e-1 6.363142e-1 -1.70379506e0 -1.70379506e0
9.99968e-1 6.363142e-1 -1.56183318e0 -1.56183318e0
1.0444121e0 6.363142e-1 -1.42629793e0 -1.42629793e0
1.088856e0 6.363142e-1 -1.29706311e0 -1.29706311e0
1.1333e0 6.363142e-1 -1.17482681e0 -1.17482681e0
1.177744e0 6.363142e-1 -1.06029005e0 -1.06029005e0
1.222188e0 6.363142e-1 -9.5275377e-1 -9.5275377e-1
1.2666321e0 6.363142e-1 -8.5278787e-1 -8.5278787e-1
1.311076e0 6.363142e-1 -7.605225e-1 -7.605225e-1
1.35552e0 6.363142e-1 -6.758926e-1 -6.758926e-1
1.399964e0 6.363142e-1 -5.97921e-1 -5.97921e-1
1.444408e0 6.363142e-1 -5.26916077e-1 -5.26916077e-1
1.4888521e0 6.363142e-1 -4.62510912e-1 -4.62510912e-1
1.533296e0 6.363142e-1 -4.04381796e-1 -4.04381796e-1
1.57774e0 6.363142e-1 -3.52159967e-1 -3.52159967e-1
1.622184e0 6.363142e-1 -3.05476372e-1 -3.05476372e-1
1.666628e0 6.363142e-1 -2.63934769e-1 -2.63934769e-1
1.7110721e0 6.363142e-1 -2.27144162e-1 -2.27144162e-1
1.755516e0 6.363142e-1 -1.94711418e-1 -1.94711418e-1
1.79996e0 6.363142e-1 -1.66247386e-1 -1.66247386e-1
1.844404e0 6.363142e-1 -1.4138903e-1 -1.4138903e-1
1.888848e0 6.363142e-1 -1.19772348e-1 -1.19772348e-1
1.9332921e0 6.363142e-1 -1.01061101e-1 -1.01061101e-1
1.977736e0 6.363142e-1 -8.4937114e-2 -8.4937114e-2
2.02218e0 6.363142e-1 -7.11026e-2 -7.11026e-2
2.066624e0 6.363142e-1 -5.92888045e-2 -5.92888045e-2
2.111068e0 6.363142e-1 -4.92415137e-2 -4.92415137e-2
2.1555121e0 6.363142e-1 -4.07359663e-2 -4.07359663e-2
2.199956e0 6.363142e-1 -3.35667218e-2 -3.35667218e-2

-2.2e0 6.726772e-1 -3.38290938e-2 -3.38290938e-2
-2.155556e0 6.726772e-1 -4.10548921e-2 -4.10548921e-2
-2.111112e0 6.726772e-1 -4.96268658e-2 -4.96268658e-2
-2.0666681e0 6.726772e-1 -5.97521371e-2 -5.97521371e-2
-2.0222241e0 6.726772e-1 -7.165886e-2 -7.165886e-2
-1.97778e0 6.726772e-1 -8.5601184e-2 -8.5601184e-2
-1.933336e0 6.726772e-1 -1.01853067e-1 -1.01853067e-1
-1.888892e0 6.726772e-1 -1.20711554e-1 -1.20711554e-1
-1.8444481e0 6.726772e-1 -1.42496887e-1 -1.42496887e-1
-1.8000041e0 6.726772e-1 -1.67554973e-1 -1.67554973e-1
-1.75556e0 6.726772e-1 -1.96239107e-1 -1.96239107e-1
-1.711116e0 6.726772e-1 -2.28926192e-1 -2.28926192e-1
-1.666672e0 6.726772e-1 -2.66010065e-1 -2.66010065e-1
-1.6222281e0 6.726772e-1 -3.07873994e-1 -3.07873994e-1
-1.5777841e0 6.726772e-1 -3.54931732e-1 -3.54931732e-1
-1.53334e0 6.726772e-1 -4.07565723e-1 -4.07565723e-1
-1.488896e0 6.726772e-1 -4.66152663e-1 -4.66152663e-1
-1.444452e0 6.726772e-1 -5.31067302e-1 -5.31067302e-1
-1.4000081e0 6.726772e-1 -6.02629779e-1 -6.02629779e-1
-1.3555641e0 6.726772e-1 -6.8081668e-1 -6.8081668e-1
-1.31112e0 6.726772e-1 -7.6691928e-1 -7.6691928e-1
-1.266676e0 6.726772e-1 -8.5981578e-1 -8.5981578e-1
-1.222232e0 6.726772e-1 -9.6011176e-1 -9.6011176e-1
-1.177788e0 6.726772e-1 -1.06841283e0 -1.06841283e0
-1.133344e0 6.726772e-1 -1.18418112e0 -1.18418112e0
-1.0889e0 6.726772e-1 -1.30728116e0 -1.30728116e0
-1.044456e0 6.726772e-1 -1.43710736e0 -1.43710736e0
-1.000012e0 6.726772e-1 -1.57372849e0 -1.57372849e0
-9.55568e-1 6.726772e-1 -1.71700803e0 -1.71700803e0
-9.11124e-1 6.726772e-1 -1.86573683e0 -1.86573683e0
-8.6668e-1 6.726772e-1 -2.0191749e0 -2.0191749e0
-8.22236e-1 6.726772e-1 -2.17651439e0 -2.17651439e0
-7.77792e-1 6.726772e-1 -2.33674634e0 -2.33674634e0
-7.33348e-1 6.726772e-1 -2.49886075e0 -2.49886075e0
-6.88904e-1 6.726772e-1 -2.66232184e0 -2.66232184e0
-6.4446e-1 6.726772e-1 -2.82450398e0 -2.82450398e0
-6.00016e-1 6.726772e-1 -2.98534154e0 -2.98534154e0
-5.55572e-1 6.726772e-1 -3.14281445e0 -3.14281445e0
-5.11128e-1 6.726772e-1 -3.29551247e0 -3.29551247e0
-4.66684e-1 6.726772e-1 -3.44148328e0 -3.44148328e0
-4.2224e-1 6.726772e-1 -3.5801901e0 -3.5801901e0
-3.77796e-1 6.726772e-1 -3.7100163e0 -3.7100163e0
-3.33352e-1 6.726772e-1 -3.82908044e0 -3.82908044e0
-2.88908e-1 6.726772e-1 -3.93677591e0 -3.93677591e0
-2.44464e-1 6.726772e-1 -4.0309503e0 -4.0309503e0
-2.0002e-1 6.726772e-1 -4.11167136e0 -4.11167136e0
-1.55576e-1 6.726772e-1 -4.17692113e0 -4.17692113e0
-1.11132e-1 6.726772e-1 -4.2266996e0 -4.2266996e0
-6.6688e-2 6.726772e-1 -4.2604012e0 -4.2604012e0
-2.2244e-2 6.726772e-1 -4.27721812e0 -4.27721812e0
2.22e-2 6.726772e-1 -4.27721812e0 -4.27721812e0
6.6644e-2 6.726772e-1 -4.2604012e0 -4.2604012e0
1.11088e-1 6.726772e-1 -4.2266996e0 -4.2266996e0
1.55532e-1 6.726772e-1 -4.17692113e0 -4.17692113e0
1.99976e-1 6.726772e-1 -4.11167136e0 -4.11167136e0
2.4442e-1 6.726772e-1 -4.0309503e0 -4.0309503e0
2.88864e-1 6.726772e-1 -3.93677591e0 -3.93677591e0
3.33308e-1 6.726772e-1 -3.82908044e0 -3.82908044e0
3.77752e-1 6.726772e-1 -3.7100163e0 -3.7100163e0
4.22196e-1 6.726772e-1 -3.58079466e0 -3.58079466e0
4.6664e-1 6.726772e-1 -3.44222333e0 -3.44222333e0
5.11084e-1 6.726772e-1 -3.29551247e0 -3.29551247e0
5.55528e-1 6.726772e-1 -3.14281445e0 -3.14281445e0
5.999721e-1 6.726772e-1 -2.98534154e0 -2.98534154e0
6.44416e-1 6.726772e-1 -2.82524405e0 -2.82524405e0
6.8886e-1 6.726772e-1 -2.66232184e0 -2.66232184e0
7.33304e-1 6.726772e-1 -2.49953409e0 -2.49953409e0
7.77748e-1 6.726772e-1 -2.33674634e0 -2.33674634e0
8.221921e-1 6.726772e-1 -2.17651439e0 -2.17651439e0
8.66636e-1 6.726772e-1 -2.0191749e0 -2.0191749e0
9.1108e-1 6.726772e-1 -1.86573683e0 -1.86573683e0
9.55524e-1 6.726772e-1 -1.71700803e0 -1.71700803e0
9.99968e-1 6.726772e-1 -1.57440079e0 -1.57440079e0
1.0444121e0 6.726772e-1 -1.43710736e0 -1.43710736e0
1.088856e0 6.726772e-1 -1.30728116e0 -1.30728116e0
1.1333e0 6.726772e-1 -1.18418112e0 -1.18418112e0
1.177744e0 6.726772e-1 -1.06841283e0 -1.06841283e0
1.222188e0 6.726772e-1 -9.6071735e-1 -9.6071735e-1
1.2666321e0 6.726772e-1 -8.5981578e-1 -8.5981578e-1
1.311076e0 6.726772e-1 -7.6691928e-1 -7.6691928e-1
1.35552e0 6.726772e-1 -6.8081668e-1 -6.8081668e-1
1.399964e0 6.726772e-1 -6.02715384e-1 -6.02715384e-1
1.444408e0 6.726772e-1 -5.31136996e-1 -5.31136996e-1
1.4888521e0 6.726772e-1 -4.66215686e-1 -4.66215686e-1
1.533296e0 6.726772e-1 -4.07616632e-1 -4.07616632e-1
1.57774e0 6.726772e-1 -3.54981206e-1 -3.54981206e-1
1.622184e0 6.726772e-1 -3.07919055e-1 -3.07919055e-1
1.666628e0 6.726772e-1 -2.66045888e-1 -2.66045888e-1
1.7110721e0 6.726772e-1 -2.28961295e-1 -2.28961295e-1
1.755516e0 6.726772e-1 -1.96268976e-1 -1.96268976e-1
1.79996e0 6.726772e-1 -1.67580429e-1 -1.67580429e-1
1.844404e0 6.726772e-1 -1.42520598e-1 -1.42520598e-1
1.888848e0 6.726772e-1 -1.20732594e-1 -1.20732594e-1
1.9332921e0 6.726772e-1 -1.01870311e-1 -1.01870311e-1
1.977736e0 6.726772e-1 -8.5614938e-2 -8.5614938e-2
2.02218e0 6.726772e-1 -7.1672305e-2 -7.1672305e-2
2.066624e0 6.726772e-1 -5.97629042e-2 -5.97629042e-2
2.111068e0 6.726772e-1 -4.96359189e-2 -4.96359189e-2
2.1555121e0 6.726772e-1 -4.10623952e-2 -4.10623952e-2
2.199956e0 6.726772e-1 -3.383594e-2 -3.383594e-2

-2.2e0 7.0904e-1 -3.39105098e-2 -3.39105098e-2
-2.155556e0 7.0904e-1 -4.11536653e-2 -4.11536653e-2
-2.111112e0 7.0904e-1 -4.9746416e-2 -4.9746416e-2
-2.0666681e0 7.0904e-1 -5.9895872e-2 -5.9895872e-2
-2.0222241e0 7.0904e-1 -7.1832176e-2 -7.1832176e-2
-1.97778e0 7.0904e-1 -8.580709e-2 -8.580709e-2
-1.933336e0 7.0904e-1 -1.02098047e-1 -1.02098047e-1
-1.888892e0 7.0904e-1 -1.21002249e-1 -1.21002249e-1
-1.8444481e0 7.0904e-1 -1.42842102e-1 -1.42842102e-1
-1.8000041e0 7.0904e-1 -1.67956245e-1 -1.67956245e-1
-1.75556e0 7.0904e-1 -1.96708527e-1 -1.96708527e-1
-1.711116e0 7.0904e-1 -2.29478152e-1 -2.29478152e-1
-1.666672e0 7.0904e-1 -2.66648119e-1 -2.66648119e-1
-1.6222281e0 7.0904e-1 -3.08619383e-1 -3.08619383e-1
-1.5777841e0 7.0904e-1 -3.5578457e-1 -3.5578457e-1
-1.53334e0 7.0904e-1 -4.0854247e-1 -4.0854247e-1
-1.488896e0 7.0904e-1 -4.6727965e-1 -4.6727965e-1
-1.444452e0 7.0904e-1 -5.32348161e-1 -5.32348161e-1
-1.4000081e0 7.0904e-1 -6.04086105e-1 -6.04086105e-1
-1.3555641e0 7.0904e-1 -6.82788838e-1 -6.82788838e-1
-1.31112e0 7.0904e-1 -7.6867058e-1 -7.6867058e-1
-1.266676e0 7.0904e-1 -8.6162497e-1 -8.6162497e-1
-1.222232e0 7.0904e-1 -9.6301826e-1 -9.6301826e-1
-1.177788e0 7.0904e-1 -1.07086299e0 -1.07086299e0
-1.133344e0 7.0904e-1 -1.18714551e0 -1.18714551e0
-1.0889e0 7.0904e-1 -1.31051888e0 -1.31051888e0
-1.044456e0 7.0904e-1 -1.44034366e0 -1.44034366e0
-1.000012e0 7.0904e-1 -1.57796901e0 -1.57796901e0
-9.55568e-1 7.0904e-1 -1.72119434e0 -1.72119434e0
-9.11124e-1 7.0904e-1 -1.87016458e0 -1.87016458e0
-8.6668e-1 7.0904e-1 -2.02402615e0 -2.02402615e0
-8.22236e-1 7.0904e-1 -2.18143314e0 -2.18143314e0
-7.77792e-1 7.0904e-1 -2.34245586e0 -2.34245586e0
-7.33348e-1 7.0904e-1 -2.50482555e0 -2.50482555e0
-6.88904e-1 7.0904e-1 -2.66875645e0 -2.66875645e0
-6.4446e-1 7.0904e-1 -2.83176448e0 -2.83176448e0
-6.00016e-1 7.0904e-1 -2.9927872e0 -2.9927872e0
-5.55572e-1 7.0904e-1 -3.1502645e0 -3.1502645e0
-5.11128e-1 7.0904e-1 -3.30348882e0 -3.30348882e0
-4.66684e-1 7.0904e-1 -3.45018922e0 -3.45018922e0
-4.2224e-1 7.0904e-1 -3.58923189e0 -3.58923189e0
-3.77796e-1 7.0904e-1 -3.71905667e0 -3.71905667e0
-3.33352e-1 7.0904e-1 -3.83817596e0 -3.83817596e0
-2.88908e-1 7.0904e-1 -3.94602068e0 -3.94602068e0
-2.44464e-1 7.0904e-1 -4.04025174e0 -4.04025174e0
-2.0002e-1 7.0904e-1 -4.12122398e0 -4.12122398e0
-1.55576e-1 7.0904e-1 -4.18709387e0 -4.18709387e0
-1.11132e-1 7.0904e-1 -4.23672754e0 -4.23672754e0
-6.6688e-2 7.0904e-1 -4.27083148e0 -4.27083148e0
-2.2244e-2 7.0904e-1 -4.28714018e0 -4.28714018e0
2.22e-2 7.0904e-1 -4.28714018e0 -4.28714018e0
6.6644e-2 7.0904e-1 -4.27083148e0 -4.27083148e0
1.11088e-1 7.0904e-1 -4.23672754e0 -4.23672754e0
1.55532e-1 7.0904e-1 -4.18709387e0 -4.18709387e0
1.99976e-1 7.0904e-1 -4.12122398e0 -4.12122398e0
2.4442e-1 7.0904e-1 -4.0410318e0 -4.0410318e0
2.88864e-1 7.0904e-1 -3.94602068e0 -3.94602068e0
3.33308e-1 7.0904e-1 -3.83817596e0 -3.83817596e0
3.77752e-1 7.0904e-1 -3.71905667e0 -3.71905667e0
4.22196e-1 7.0904e-1 -3.58923189e0 -3.58923189e0
4.6664e-1 7.0904e-1 -3.45018922e0 -3.45018922e0
5.11084e-1 7.0904e-1 -3.30348882e0 -3.30348882e0
5.55528e-1 7.0904e-1 -3.1502645e0 -3.1502645e0
5.999721e-1 7.0904e-1 -2.9927872e0 -2.9927872e0
6.44416e-1 7.0904e-1 -2.83176448e0 -2.83176448e0
6.8886e-1 7.0904e-1 -2.66875645e0 -2.66875645e0
7.33304e-1 7.0904e-1 -2.5056056e0 -2.5056056e0
7.77748e-1 7.0904e-1 -2.34245586e0 -2.34245586e0
8.221921e-1 7.0904e-1 -2.18143314e0 -2.18143314e0
8.66636e-1 7.0904e-1 -2.02402615e0 -2.02402615e0
9.1108e-1 7.0904e-1 -1.87016458e0 -1.87016458e0
9.55524e-1 7.0904e-1 -1.72119434e0 -1.72119434e0
9.99968e-1 7.0904e-1 -1.57796901e0 -1.57796901e0
1.0444121e0 7.0904e-1 -1.44112372e0 -1.44112372e0
1.088856e0 7.0904e-1 -1.31051888e0 -1.31051888e0
1.1333e0 7.0904e-1 -1.18714551e0 -1.18714551e0
1.177744e0 7.0904e-1 -1.07150131e0 -1.07150131e0
1.222188e0 7.0904e-1 -9.6301826e-1 -9.6301826e-1
1.2666321e0 7.0904e-1 -8.6162497e-1 -8.6162497e-1
1.311076e0 7.0904e-1 -7.6867058e-1 -7.6867058e-1
1.35552e0 7.0904e-1 -6.82862625e-1 -6.82862625e-1
1.399964e0 7.0904e-1 -6.04160107e-1 -6.04160107e-1
1.444408e0 7.0904e-1 -5.32417513e-1 -5.32417513e-1
1.4888521e0 7.0904e-1 -4.67338937e-1 -4.67338937e-1
1.533296e0 7.0904e-1 -4.08601218e-1 -4.08601218e-1
1.57774e0 7.0904e-1 -3.55834445e-1 -3.55834445e-1
1.622184e0 7.0904e-1 -3.08662769e-1 -3.08662769e-1
1.666628e0 7.0904e-1 -2.6668934e-1 -2.6668934e-1
1.7110721e0 7.0904e-1 -2.29509853e-1 -2.29509853e-1
1.755516e0 7.0904e-1 -1.96739793e-1 -1.96739793e-1
1.79996e0 7.0904e-1 -1.67982103e-1 -1.67982103e-1
1.844404e0 7.0904e-1 -1.42864172e-1 -1.42864172e-1
1.888848e0 7.0904e-1 -1.21022804e-1 -1.21022804e-1
1.9332921e0 7.0904e-1 -1.02115683e-1 -1.02115683e-1
1.977736e0 7.0904e-1 -8.5821805e-2 -8.5821805e-2
2.02218e0 7.0904e-1 -7.1845375e-2 -7.1845375e-2
2.066624e0 7.0904e-1 -5.99063882e-2 -5.99063882e-2
2.111068e0 7.0904e-1 -4.9755396e-2 -4.9755396e-2
2.1555121e0 7.0904e-1 -4.11611197e-2 -4.11611197e-2
2.199956e0 7.0904e-1 -3.39169797e-2 -3.39169797e-2

-2.2e0 7.45403e-1 -3.3812947e-2 -3.3812947e-2
-2.155556e0 7.45403e-1 -4.10352782e-2 -4.10352782e-2
-2.111112e0 7.45403e-1 -4.96034885e-2 -4.96034885e-2
-2.0666681e0 7.45403e-1 -5.97238786e-2 -5.97238786e-2
-2.0222241e0 7.45403e-1 -7.16265547e-2 -7.16265547e-2
-1.97778e0 7.45403e-1 -8.5559946e-2 -8.5559946e-2
-1.933336e0 7.45403e-1 -1.01804672e-1 -1.01804672e-1
-1.888892e0 7.45403e-1 -1.20654373e-1 -1.20654373e-1
-1.8444481e0 7.45403e-1 -1.42430931e-1 -1.42430931e-1
-1.8000041e0 7.45403e-1 -1.67475111e-1 -1.67475111e-1
-1.75556e0 7.45403e-1 -1.96144852e-1 -1.96144852e-1
-1.711116e0 7.45403e-1 -2.28820836e-1 -2.28820836e-1
-1.666672e0 7.45403e-1 -2.65883069e-1 -2.65883069e-1
-1.6222281e0 7.45403e-1 -3.07733165e-1 -3.07733165e-1
-1.5777841e0 7.45403e-1 -3.54761592e-1 -3.54761592e-1
-1.53334e0 7.45403e-1 -4.07372125e-1 -4.07372125e-1
-1.488896e0 7.45403e-1 -4.65938852e-1 -4.65938852e-1
-1.444452e0 7.45403e-1 -5.30820168e-1 -5.30820168e-1
-1.4000081e0 7.45403e-1 -6.0235001e-1 -6.0235001e-1
-1.3555641e0 7.45403e-1 -6.8082922e-1 -6.8082922e-1
-1.31112e0 7.45403e-1 -7.6634924e-1 -7.6634924e-1
-1.266676e0 7.45403e-1 -8.5967361e-1 -8.5967361e-1
-1.222232e0 7.45403e-1 -9.6030232e-1 -9.6030232e-1
-1.177788e0 7.45403e-1 -1.06838553e0 -1.06838553e0
-1.133344e0 7.45403e-1 -1.18392322e0 -1.18392322e0
-1.0889e0 7.45403e-1 -1.30616927e0 -1.30616927e0
-1.044456e0 7.45403e-1 -1.43661479e0 -1.43661479e0
-1.000012e0 7.45403e-1 -1.57309874e0 -1.57309874e0
-9.55568e-1 7.45403e-1 -1.71636497e0 -1.71636497e0
-9.11124e-1 7.45403e-1 -1.86462552e0 -1.86462552e0
-8.6668e-1 7.45403e-1 -2.01817834e0 -2.01817834e0
-8.22236e-1 7.45403e-1 -2.17545842e0 -2.17545842e0
-7.77792e-1 7.45403e-1 -2.33586975e0 -2.33586975e0
-7.33348e-1 7.45403e-1 -2.49762206e0 -2.49762206e0
-6.88904e-1 7.45403e-1 -2.66093942e0 -2.66093942e0
-6.4446e-1 7.45403e-1 -2.82343787e0 -2.82343787e0
-6.00016e-1 7.45403e-1 -2.98369905e0 -2.98369905e0
-5.55572e-1 7.45403e-1 -3.1410542e0 -3.1410542e0
-5.11128e-1 7.45403e-1 -3.29393596e0 -3.29393596e0
-4.66684e-1 7.45403e-1 -3.44003432e0 -3.44003432e0
-4.2224e-1 7.45403e-1 -3.5786793e0 -3.5786793e0
-3.77796e-1 7.45403e-1 -3.70845491e0 -3.70845491e0
-3.33352e-1 7.45403e-1 -3.82697371e0 -3.82697371e0
-2.88908e-1 7.45403e-1 -3.93438585e0 -3.93438585e0
-2.44464e-1 7.45403e-1 -4.02912628e0 -4.02912628e0
-2.0002e-1 7.45403e-1 -4.10962994e0 -4.10962994e0
-1.55576e-1 7.45403e-1 -4.17522577e0 -4.17522577e0
-1.11132e-1 7.45403e-1 -4.22516763e0 -4.22516763e0
-6.6688e-2 7.45403e-1 -4.25796555e0 -4.25796555e0
-2.2244e-2 7.45403e-1 -4.2751095e0 -4.2751095e0
2.22e-2 7.45403e-1 -4.2751095e0 -4.2751095e0
6.6644e-2 7.45403e-1 -4.25796555e0 -4.25796555e0
1.11088e-1 7.45403e-1 -4.22516763e0 -4.22516763e0
1.55532e-1 7.45403e-1 -4.17522577e0 -4.17522577e0
1.99976e-1 7.45403e-1 -4.10962994e0 -4.10962994e0
2.4442e-1 7.45403e-1 -4.02912628e0 -4.02912628e0
2.88864e-1 7.45403e-1 -3.93513199e0 -3.93513199e0
3.33308e-1 7.45403e-1 -3.82779378e0 -3.82779378e0
3.77752e-1 7.45403e-1 -3.70845491e0 -3.70845491e0
4.22196e-1 7.45403e-1 -3.5786793e0 -3.5786793e0
4.6664e-1 7.45403e-1 -3.44003432e0 -3.44003432e0
5.11084e-1 7.45403e-1 -3.29393596e0 -3.29393596e0
5.55528e-1 7.45403e-1 -3.1410542e0 -3.1410542e0
5.999721e-1 7.45403e-1 -2.98369905e0 -2.98369905e0
6.44416e-1 7.45403e-1 -2.82343787e0 -2.82343787e0
6.8886e-1 7.45403e-1 -2.66093942e0 -2.66093942e0
7.33304e-1 7.45403e-1 -2.49836705e0 -2.49836705e0
7.77748e-1 7.45403e-1 -2.33586975e0 -2.33586975e0
8.221921e-1 7.45403e-1 -2.17545842e0 -2.17545842e0
8.66636e-1 7.45403e-1 -2.01817834e0 -2.01817834e0
9.1108e-1 7.45403e-1 -1.86462552e0 -1.86462552e0
9.55524e-1 7.45403e-1 -1.71636497e0 -1.71636497e0
9.99968e-1 7.45403e-1 -1.57309874e0 -1.57309874e0
1.0444121e0 7.45403e-1 -1.43661479e0 -1.43661479e0
1.088856e0 7.45403e-1 -1.30698933e0 -1.30698933e0
1.1333e0 7.45403e-1 -1.18392322e0 -1.18392322e0
1.177744e0 7.45403e-1 -1.06838553e0 -1.06838553e0
1.222188e0 7.45403e-1 -9.6030232e-1 -9.6030232e-1
1.2666321e0 7.45403e-1 -8.5967361e-1 -8.5967361e-1
1.311076e0 7.45403e-1 -7.6634924e-1 -7.6634924e-1
1.35552e0 7.45403e-1 -6.8090588e-1 -6.8090588e-1
1.399964e0 7.45403e-1 -6.0242758e-1 -6.0242758e-1
1.444408e0 7.45403e-1 -5.30887729e-1 -5.30887729e-1
1.4888521e0 7.45403e-1 -4.65995496e-1 -4.65995496e-1
1.533296e0 7.45403e-1 -4.07430246e-1 -4.07430246e-1
1.57774e0 7.45403e-1 -3.54811752e-1 -3.54811752e-1
1.622184e0 7.45403e-1 -3.077765e-1 -3.077765e-1
1.666628e0 7.45403e-1 -2.65923447e-1 -2.65923447e-1
1.7110721e0 7.45403e-1 -2.28852455e-1 -2.28852455e-1
1.755516e0 7.45403e-1 -1.96174878e-1 -1.96174878e-1
1.79996e0 7.45403e-1 -1.67500134e-1 -1.67500134e-1
1.844404e0 7.45403e-1 -1.42452657e-1 -1.42452657e-1
1.888848e0 7.45403e-1 -1.20675188e-1 -1.20675188e-1
1.9332921e0 7.45403e-1 -1.0182196e-1 -1.0182196e-1
1.977736e0 7.45403e-1 -8.5575642e-2 -8.5575642e-2
2.02218e0 7.45403e-1 -7.1639487e-2 -7.1639487e-2
2.066624e0 7.45403e-1 -5.9734718e-2 -5.9734718e-2
2.111068e0 7.45403e-1 -4.96124854e-2 -4.96124854e-2
2.1555121e0 7.45403e-1 -4.10428078e-2 -4.10428078e-2
2.199956e0 7.45403e-1 -3.38195325e-2 -3.38195325e-2

-2.2e0 7.817659e-1 -3.35468301e-2 -3.35468301e-2
-2.155556e0 7.817659e-1 -4.07120671e-2 -4.07120671e-2
-2.111112e0 7.817659e-1 -4.9213163e-2 -4.9213163e-2
-2.0666681e0 7.817659e-1 -5.92536824e-2 -5.92536824e-2
-2.0222241e0 7.817659e-1 -7.10627898e-2 -7.10627898e-2
-1.97778e0 7.817659e-1 -8.4887613e-2 -8.4887613e-2
-1.933336e0 7.817659e-1 -1.01004378e-1 -1.01004378e-1
-1.888892e0 7.817659e-1 -1.19705159e-1 -1.19705159e-1
-1.8444481e0 7.817659e-1 -1.41308813e-1 -1.41308813e-1
-1.8000041e0 7.817659e-1 -1.66153882e-1 -1.66153882e-1
-1.75556e0 7.817659e-1 -1.9460288e-1 -1.9460288e-1
-1.711116e0 7.817659e-1 -2.27017845e-1 -2.27017845e-1
-1.666672e0 7.817659e-1 -2.63792072e-1 -2.63792072e-1
-1.6222281e0 7.817659e-1 -3.05309071e-1 -3.05309071e-1
-1.5777841e0 7.817659e-1 -3.51973706e-1 -3.51973706e-1
-1.53334e0 7.817659e-1 -4.0416042e-1 -4.0416042e-1
-1.488896e0 7.817659e-1 -4.6226549e-1 -4.6226549e-1
-1.444452e0 7.817659e-1 -5.26638907e-1 -5.26638907e-1
-1.4000081e0 7.817659e-1 -5.9760573e-1 -5.9760573e-1
-1.3555641e0 7.817659e-1 -6.7546382e-1 -6.7546382e-1
-1.31112e0 7.817659e-1 -7.604545e-1 -7.604545e-1
-1.266676e0 7.817659e-1 -8.5228061e-1 -8.5228061e-1
-1.222232e0 7.817659e-1 -9.5242528e-1 -9.5242528e-1
-1.177788e0 7.817659e-1 -1.05952682e0 -1.05952682e0
-1.133344e0 7.817659e-1 -1.17436897e0 -1.17436897e0
-1.0889e0 7.817659e-1 -1.2964018e0 -1.2964018e0
-1.044456e0 7.817659e-1 -1.42547144e0 -1.42547144e0
-1.000012e0 7.817659e-1 -1.56079532e0 -1.56079532e0
-9.55568e-1 7.817659e-1 -1.70221722e0 -1.70221722e0
-9.11124e-1 7.817659e-1 -1.85004846e0 -1.85004846e0
-8.6668e-1 7.817659e-1 -2.00178998e0 -2.00178998e0
-8.22236e-1 7.817659e-1 -2.15814316e0 -2.15814316e0
-7.77792e-1 7.817659e-1 -2.31684154e0 -2.31684154e0
-7.33348e-1 7.817659e-1 -2.47796385e0 -2.47796385e0
-6.88904e-1 7.817659e-1 -2.63986751e0 -2.63986751e0
-6.4446e-1 7.817659e-1 -2.80091109e0 -2.80091109e0
-6.00016e-1 7.817659e-1 -2.96039081e0 -2.96039081e0
-5.55572e-1 7.817659e-1 -3.11674399e0 -3.11674399e0
-5.11128e-1 7.817659e-1 -3.2677817e0 -3.2677817e0
-4.66684e-1 7.817659e-1 -3.4131902e0 -3.4131902e0
-4.2224e-1 7.817659e-1 -3.5508593e0 -3.5508593e0
-3.77796e-1 7.817659e-1 -3.67906886e0 -3.67906886e0
-3.33352e-1 7.817659e-1 -3.7971938e0 -3.7971938e0
-2.88908e-1 7.817659e-1 -3.90343529e0 -3.90343529e0
-2.44464e-1 7.817659e-1 -3.99732568e0 -3.99732568e0
-2.0002e-1 7.817659e-1 -4.07698741e0 -4.07698741e0
-1.55576e-1 7.817659e-1 -4.14195166e0 -4.14195166e0
-1.11132e-1 7.817659e-1 -4.1912033e0 -4.1912033e0
-6.6688e-2 7.817659e-1 -4.22481985e0 -4.22481985e0
-2.2244e-2 7.817659e-1 -4.241315e0 -4.241315e0
2.22e-2 7.817659e-1 -4.241315e0 -4.241315e0
6.6644e-2 7.817659e-1 -4.22481985e0 -4.22481985e0
1.11088e-1 7.817659e-1 -4.1912033e0 -4.1912033e0
1.55532e-1 7.817659e-1 -4.14195166e0 -4.14195166e0
1.99976e-1 7.817659e-1 -4.07698741e0 -4.07698741e0
2.4442e-1 7.817659e-1 -3.99732568e0 -3.99732568e0
2.88864e-1 7.817659e-1 -3.90429535e0 -3.90429535e0
3.33308e-1 7.817659e-1 -3.7971938e0 -3.7971938e0
3.77752e-1 7.817659e-1 -3.67906886e0 -3.67906886e0
4.22196e-1 7.817659e-1 -3.5508593e0 -3.5508593e0
4.6664e-1 7.817659e-1 -3.4131902e0 -3.4131902e0
5.11084e-1 7.817659e-1 -3.2677817e0 -3.2677817e0
5.55528e-1 7.817659e-1 -3.11674399e0 -3.11674399e0
5.999721e-1 7.817659e-1 -2.96039081e0 -2.96039081e0
6.44416e-1 7.817659e-1 -2.80091109e0 -2.80091109e0
6.8886e-1 7.817659e-1 -2.63986751e0 -2.63986751e0
7.33304e-1 7.817659e-1 -2.47796385e0 -2.47796385e0
7.77748e-1 7.817659e-1 -2.31762288e0 -2.31762288e0
8.221921e-1 7.817659e-1 -2.15814316e0 -2.15814316e0
8.66636e-1 7.817659e-1 -2.00249377e0 -2.00249377e0
9.1108e-1 7.817659e-1 -1.85004846e0 -1.85004846e0
9.55524e-1 7.817659e-1 -1.70307729e0 -1.70307729e0
9.99968e-1 7.817659e-1 -1.56079532e0 -1.56079532e0
1.0444121e0 7.817659e-1 -1.42547144e0 -1.42547144e0
1.088856e0 7.817659e-1 -1.2964018e0 -1.2964018e0
1.1333e0 7.817659e-1 -1.17436897e0 -1.17436897e0
1.177744e0 7.817659e-1 -1.05952682e0 -1.05952682e0
1.222188e0 7.817659e-1 -9.5242528e-1 -9.5242528e-1
1.2666321e0 7.817659e-1 -8.5306314e-1 -8.5306314e-1
1.311076e0 7.817659e-1 -7.60548021e-1 -7.60548021e-1
1.35552e0 7.817659e-1 -6.7554434e-1 -6.7554434e-1
1.399964e0 7.817659e-1 -5.9767945e-1 -5.9767945e-1
1.444408e0 7.817659e-1 -5.2670881e-1 -5.2670881e-1
1.4888521e0 7.817659e-1 -4.62327878e-1 -4.62327878e-1
1.533296e0 7.817659e-1 -4.04218513e-1 -4.04218513e-1
1.57774e0 7.817659e-1 -3.5201987e-1 -3.5201987e-1
1.622184e0 7.817659e-1 -3.05351776e-1 -3.05351776e-1
1.666628e0 7.817659e-1 -2.6382595e-1 -2.6382595e-1
1.7110721e0 7.817659e-1 -2.27051604e-1 -2.27051604e-1
1.755516e0 7.817659e-1 -1.94632582e-1 -1.94632582e-1
1.79996e0 7.817659e-1 -1.66183107e-1 -1.66183107e-1
1.844404e0 7.817659e-1 -1.41332672e-1 -1.41332672e-1
1.888848e0 7.817659e-1 -1.19723529e-1 -1.19723529e-1
1.9332921e0 7.817659e-1 -1.0102072e-1 -1.0102072e-1
1.977736e0 7.817659e-1 -8.4900974e-2 -8.4900974e-2
2.02218e0 7.817659e-1 -7.10756491e-2 -7.10756491e-2
2.066624e0 7.817659e-1 -5.92646689e-2 -5.92646689e-2
2.111068e0 7.817659e-1 -4.92223123e-2 -4.92223123e-2
2.1555121e0 7.817659e-1 -4.0720143e-2 -4.0720143e-2
2.199956e0 7.817659e-1 -3.35537726e-2 -3.35537726e-2

-2.2e0 8.181288e-1 -3.31232437e-2 -3.31232437e-2
-2.155556e0 8.181288e-1 -4.0198143e-2 -4.0198143e-2
-2.111112e0 8.181288e-1 -4.8591466e-2 -4.8591466e-2
-2.0666681e0 8.181288e-1 -5.85053232e-2 -5.85053232e-2
-2.0222241e0 8.181288e-1 -7.01649571e-2 -7.01649571e-2
-1.97778e0 8.181288e-1 -8.3815509e-2 -8.3815509e-2
-1.933336e0 8.181288e-1 -9.972755e-2 -9.972755e-2
-1.888892e0 8.181288e-1 -1.18193872e-1 -1.18193872e-1
-1.8444481e0 8.181288e-1 -1.39525691e-1 -1.39525691e-1
-1.8000041e0 8.181288e-1 -1.64057446e-1 -1.64057446e-1
-1.75556e0 8.181288e-1 -1.92143175e-1 -1.92143175e-1
-1.711116e0 8.181288e-1 -2.24148894e-1 -2.24148894e-1
-1.666672e0 8.181288e-1 -2.60457729e-1 -2.60457729e-1
-1.6222281e0 8.181288e-1 -3.01450682e-1 -3.01450682e-1
-1.5777841e0 8.181288e-1 -3.47526479e-1 -3.47526479e-1
-1.53334e0 8.181288e-1 -3.99059756e-1 -3.99059756e-1
-1.488896e0 8.181288e-1 -4.56424023e-1 -4.56424023e-1
-1.444452e0 8.181288e-1 -5.19980183e-1 -5.19980183e-1
-1.4000081e0 8.181288e-1 -5.90055682e-1 -5.90055682e-1
-1.3555641e0 8.181288e-1 -6.66939018e-1 -6.66939018e-1
-1.31112e0 8.181288e-1 -7.50857518e-1 -7.50857518e-1
-1.266676e0 8.181288e-1 -8.4201878e-1 -8.4201878e-1
-1.222232e0 8.181288e-1 -9.4011159e-1 -9.4011159e-1
-1.177788e0 8.181288e-1 -1.04663213e0 -1.04663213e0
-1.133344e0 8.181288e-1 -1.1594519e0 -1.1594519e0
-1.0889e0 8.181288e-1 -1.27979933e0 -1.27979933e0
-1.044456e0 8.181288e-1 -1.40742723e0 -1.40742723e0
-1.000012e0 8.181288e-1 -1.54086377e0 -1.54086377e0
-9.55568e-1 8.181288e-1 -1.68076434e0 -1.68076434e0
-9.11124e-1 8.181288e-1 -1.82647232e0 -1.82647232e0
-8.6668e-1 8.181288e-1 -1.97700772e0 -1.97700772e0
-8.22236e-1 8.181288e-1 -2.13081635e0 -2.13081635e0
-7.77792e-1 8.181288e-1 -2.28797931e0 -2.28797931e0
-7.33348e-1 8.181288e-1 -2.4466965e0 -2.4466965e0
-6.88904e-1 8.181288e-1 -2.60631252e0 -2.60631252e0
-6.4446e-1 8.181288e-1 -2.76584863e0 -2.76584863e0
-6.00016e-1 8.181288e-1 -2.92301036e0 -2.92301036e0
-5.55572e-1 8.181288e-1 -3.07681898e0 -3.07681898e0
-5.11128e-1 8.181288e-1 -3.22670024e0 -3.22670024e0
-4.66684e-1 8.181288e-1 -3.36987279e0 -3.36987279e0
-4.2224e-1 8.181288e-1 -3.50568246e0 -3.50568246e0
-3.77796e-1 8.181288e-1 -3.63249142e0 -3.63249142e0
-3.33352e-1 8.181288e-1 -3.7494845e0 -3.7494845e0
-2.88908e-1 8.181288e-1 -3.8542049e0 -3.8542049e0
-2.44464e-1 8.181288e-1 -3.94665384e0 -3.94665384e0
-2.0002e-1 8.181288e-1 -4.02519351e0 -4.02519351e0
-1.55576e-1 8.181288e-1 -4.08990753e0 -4.08990753e0
-1.11132e-1 8.181288e-1 -4.13817683e0 -4.13817683e0
-6.6688e-2 8.181288e-1 -4.17090273e0 -4.17090273e0
-2.2244e-2 8.181288e-1 -4.18816513e0 -4.18816513e0
2.22e-2 8.181288e-1 -4.18816513e0 -4.18816513e0
6.6644e-2 8.181288e-1 -4.17090273e0 -4.17090273e0
1.11088e-1 8.181288e-1 -4.13817683e0 -4.13817683e0
1.55532e-1 8.181288e-1 -4.08990753e0 -4.08990753e0
1.99976e-1 8.181288e-1 -4.02609358e0 -4.02609358e0
2.4442e-1 8.181288e-1 -3.94665384e0 -3.94665384e0
2.88864e-1 8.181288e-1 -3.8542049e0 -3.8542049e0
3.33308e-1 8.181288e-1 -3.7494845e0 -3.7494845e0
3.77752e-1 8.181288e-1 -3.63249142e0 -3.63249142e0
4.22196e-1 8.181288e-1 -3.50568246e0 -3.50568246e0
4.6664e-1 8.181288e-1 -3.36987279e0 -3.36987279e0
5.11084e-1 8.181288e-1 -3.22670024e0 -3.22670024e0
5.55528e-1 8.181288e-1 -3.07681898e0 -3.07681898e0
5.999721e-1 8.181288e-1 -2.92301036e0 -2.92301036e0
6.44416e-1 8.181288e-1 -2.76584863e0 -2.76584863e0
6.8886e-1 8.181288e-1 -2.60631252e0 -2.60631252e0
7.33304e-1 8.181288e-1 -2.4466965e0 -2.4466965e0
7.77748e-1 8.181288e-1 -2.28797931e0 -2.28797931e0
8.221921e-1 8.181288e-1 -2.13081635e0 -2.13081635e0
8.66636e-1 8.181288e-1 -1.97700772e0 -1.97700772e0
9.1108e-1 8.181288e-1 -1.82647232e0 -1.82647232e0
9.55524e-1 8.181288e-1 -1.68076434e0 -1.68076434e0
9.99968e-1 8.181288e-1 -1.54086377e0 -1.54086377e0
1.0444121e0 8.181288e-1 -1.40742723e0 -1.40742723e0
1.088856e0 8.181288e-1 -1.27979933e0 -1.27979933e0
1.1333e0 8.181288e-1 -1.1594519e0 -1.1594519e0
1.177744e0 8.181288e-1 -1.04663213e0 -1.04663213e0
1.222188e0 8.181288e-1 -9.4011159e-1 -9.4011159e-1
1.2666321e0 8.181288e-1 -8.4201878e-1 -8.4201878e-1
1.311076e0 8.181288e-1 -7.50934167e-1 -7.50934167e-1
1.35552e0 8.181288e-1 -6.670103e-1 -6.670103e-1
1.399964e0 8.181288e-1 -5.90134454e-1 -5.90134454e-1
1.444408e0 8.181288e-1 -5.20053212e-1 -5.20053212e-1
1.4888521e0 8.181288e-1 -4.56486691e-1 -4.56486691e-1
1.533296e0 8.181288e-1 -3.99104448e-1 -3.99104448e-1
1.57774e0 8.181288e-1 -3.47574416e-1 -3.47574416e-1
1.622184e0 8.181288e-1 -3.01497246e-1 -3.01497246e-1
1.666628e0 8.181288e-1 -2.60497676e-1 -2.60497676e-1
1.7110721e0 8.181288e-1 -2.24183348e-1 -2.24183348e-1
1.755516e0 8.181288e-1 -1.92172011e-1 -1.92172011e-1
1.79996e0 8.181288e-1 -1.64082664e-1 -1.64082664e-1
1.844404e0 8.181288e-1 -1.39547289e-1 -1.39547289e-1
1.888848e0 8.181288e-1 -1.18213097e-1 -1.18213097e-1
1.9332921e0 8.181288e-1 -9.9745526e-2 -9.9745526e-2
1.977736e0 8.181288e-1 -8.3829366e-2 -8.3829366e-2
2.02218e0 8.181288e-1 -7.01778152e-2 -7.01778152e-2
2.066624e0 8.181288e-1 -5.85159468e-2 -5.85159468e-2
2.111068e0 8.181288e-1 -4.86001172e-2 -4.86001172e-2
2.1555121e0 8.181288e-1 -4.02053586e-2 -4.02053586e-2
2.199956e0 8.181288e-1 -3.3129548e-2 -3.3129548e-2

-2.2e0 8.544917e-1 -3.25538452e-2 -3.25538452e-2
-2.155556e0 8.544917e-1 -3.95072691e-2 -3.95072691e-2
-2.111112e0 8.544917e-1 -4.77563817e-2 -4.77563817e-2
-2.0666681e0 8.544917e-1 -5.74996945e-2 -5.74996945e-2
-2.0222241e0 8.544917e-1 -6.8959175e-2 -6.8959175e-2
-1.97778e0 8.544917e-1 -8.23759442e-2 -8.23759442e-2
-1.933336e0 8.544917e-1 -9.8013863e-2 -9.8013863e-2
-1.888892e0 8.544917e-1 -1.16162946e-1 -1.16162946e-1
-1.8444481e0 8.544917e-1 -1.37126521e-1 -1.37126521e-1
-1.8000041e0 8.544917e-1 -1.61239026e-1 -1.61239026e-1
-1.75556e0 8.544917e-1 -1.8884103e-1 -1.8884103e-1
-1.711116e0 8.544917e-1 -2.20295389e-1 -2.20295389e-1
-1.666672e0 8.544917e-1 -2.55982048e-1 -2.55982048e-1
-1.6222281e0 8.544917e-1 -2.96271954e-1 -2.96271954e-1
-1.5777841e0 8.544917e-1 -3.41550784e-1 -3.41550784e-1
-1.53334e0 8.544917e-1 -3.92201482e-1 -3.92201482e-1
-1.488896e0 8.544917e-1 -4.48577257e-1 -4.48577257e-1
-1.444452e0 8.544917e-1 -5.11046579e-1 -5.11046579e-1
-1.4000081e0 8.544917e-1 -5.79915723e-1 -5.79915723e-1
-1.3555641e0 8.544917e-1 -6.5547271e-1 -6.5547271e-1
-1.31112e0 8.544917e-1 -7.37952882e-1 -7.37952882e-1
-1.266676e0 8.544917e-1 -8.27528484e-1 -8.27528484e-1
-1.222232e0 8.544917e-1 -9.2387614e-1 -9.2387614e-1
-1.177788e0 8.544917e-1 -1.02812424e0 -1.02812424e0
-1.133344e0 8.544917e-1 -1.13929318e0 -1.13929318e0
-1.0889e0 8.544917e-1 -1.25806879e0 -1.25806879e0
-1.044456e0 8.544917e-1 -1.38282384e0 -1.38282384e0
-1.000012e0 8.544917e-1 -1.5144163e0 -1.5144163e0
-9.55568e-1 8.544917e-1 -1.65207426e0 -1.65207426e0
-9.11124e-1 8.544917e-1 -1.79477423e0 -1.79477423e0
-8.6668e-1 8.544917e-1 -1.94260094e0 -1.94260094e0
-8.22236e-1 8.544917e-1 -2.09401715e0 -2.09401715e0
-7.77792e-1 8.544917e-1 -2.24859518e0 -2.24859518e0
-7.33348e-1 8.544917e-1 -2.40505208e0 -2.40505208e0
-6.88904e-1 8.544917e-1 -2.56142422e0 -2.56142422e0
-6.4446e-1 8.544917e-1 -2.71788242e0 -2.71788242e0
-6.00016e-1 8.544917e-1 -2.87254521e0 -2.87254521e0
-5.55572e-1 8.544917e-1 -3.02387537e0 -3.02387537e0
-5.11128e-1 8.544917e-1 -3.17084805e0 -3.17084805e0
-4.66684e-1 8.544917e-1 -3.31192471e0 -3.31192471e0
-4.2224e-1 8.544917e-1 -3.44513916e0 -3.44513916e0
-3.77796e-1 8.544917e-1 -3.56998158e0 -3.56998158e0
-3.33352e-1 8.544917e-1 -3.68456792e0 -3.68456792e0
-2.88908e-1 8.544917e-1 -3.78796199e0 -3.78796199e0
-2.44464e-1 8.544917e-1 -3.8785379e0 -3.8785379e0
-2.0002e-1 8.544917e-1 -3.95629697e0 -3.95629697e0
-1.55576e-1 8.544917e-1 -4.01961456e0 -4.01961456e0
-1.11132e-1 8.544917e-1 -4.0674659e0 -4.0674659e0
-6.6688e-2 8.544917e-1 -4.099937e0 -4.099937e0
-2.2244e-2 8.544917e-1 -4.1160865e0 -4.1160865e0
2.22e-2 8.544917e-1 -4.1160865e0 -4.1160865e0
6.6644e-2 8.544917e-1 -4.099937e0 -4.099937e0
1.11088e-1 8.544917e-1 -4.0674659e0 -4.0674659e0
1.55532e-1 8.544917e-1 -4.01961456e0 -4.01961456e0
1.99976e-1 8.544917e-1 -3.95629697e0 -3.95629697e0
2.4442e-1 8.544917e-1 -3.87947798e0 -3.87947798e0
2.88864e-1 8.544917e-1 -3.78796199e0 -3.78796199e0
3.33308e-1 8.544917e-1 -3.68456792e0 -3.68456792e0
3.77752e-1 8.544917e-1 -3.56998158e0 -3.56998158e0
4.22196e-1 8.544917e-1 -3.44513916e0 -3.44513916e0
4.6664e-1 8.544917e-1 -3.31192471e0 -3.31192471e0
5.11084e-1 8.544917e-1 -3.17084805e0 -3.17084805e0
5.55528e-1 8.544917e-1 -3.02464464e0 -3.02464464e0
5.999721e-1 8.544917e-1 -2.87254521e0 -2.87254521e0
6.44416e-1 8.544917e-1 -2.71788242e0 -2.71788242e0
6.8886e-1 8.544917e-1 -2.5623643e0 -2.5623643e0
7.33304e-1 8.544917e-1 -2.40505208e0 -2.40505208e0
7.77748e-1 8.544917e-1 -2.24859518e0 -2.24859518e0
8.221921e-1 8.544917e-1 -2.09401715e0 -2.09401715e0
8.66636e-1 8.544917e-1 -1.94260094e0 -1.94260094e0
9.1108e-1 8.544917e-1 -1.79477423e0 -1.79477423e0
9.55524e-1 8.544917e-1 -1.65207426e0 -1.65207426e0
9.99968e-1 8.544917e-1 -1.5144163e0 -1.5144163e0
1.0444121e0 8.544917e-1 -1.38282384e0 -1.38282384e0
1.088856e0 8.544917e-1 -1.25806879e0 -1.25806879e0
1.1333e0 8.544917e-1 -1.13929318e0 -1.13929318e0
1.177744e0 8.544917e-1 -1.02812424e0 -1.02812424e0
1.222188e0 8.544917e-1 -9.2387614e-1 -9.2387614e-1
1.2666321e0 8.544917e-1 -8.27613756e-1 -8.27613756e-1
1.311076e0 8.544917e-1 -7.38030984e-1 -7.38030984e-1
1.35552e0 8.544917e-1 -6.55549376e-1 -6.55549376e-1
1.399964e0 8.544917e-1 -5.79991476e-1 -5.79991476e-1
1.444408e0 8.544917e-1 -5.11117117e-1 -5.11117117e-1
1.4888521e0 8.544917e-1 -4.48642319e-1 -4.48642319e-1
1.533296e0 8.544917e-1 -3.92249985e-1 -3.92249985e-1
1.57774e0 8.544917e-1 -3.41601244e-1 -3.41601244e-1
1.622184e0 8.544917e-1 -2.96317198e-1 -2.96317198e-1
1.666628e0 8.544917e-1 -2.56020122e-1 -2.56020122e-1
1.7110721e0 8.544917e-1 -2.20330592e-1 -2.20330592e-1
1.755516e0 8.544917e-1 -1.88869061e-1 -1.88869061e-1
1.79996e0 8.544917e-1 -1.61261974e-1 -1.61261974e-1
1.844404e0 8.544917e-1 -1.37149338e-1 -1.37149338e-1
1.888848e0 8.544917e-1 -1.1618159e-1 -1.1618159e-1
1.9332921e0 8.544917e-1 -9.8030551e-2 -9.8030551e-2
1.977736e0 8.544917e-1 -8.239013e-2 -8.239013e-2
2.02218e0 8.544917e-1 -6.89717702e-2 -6.89717702e-2
2.066624e0 8.544917e-1 -5.75102557e-2 -5.75102557e-2
2.111068e0 8.544917e-1 -4.77650655e-2 -4.77650655e-2
2.1555121e0 8.544917e-1 -3.95143752e-2 -3.95143752e-2
2.199956e0 8.544917e-1 -3.25601167e-2 -3.25601167e-2

-2.2e0 8.908546e-1 -3.18523218e-2 -3.18523218e-2
-2.155556e0 8.908546e-1 -3.86554059e-2 -3.86554059e-2
-2.111112e0 8.908546e-1 -4.67267506e-2 -4.67267506e-2
-2.0666681e0 8.908546e-1 -5.62601704e-2 -5.62601704e-2
-2.0222241e0 8.908546e-1 -6.74726424e-2 -6.74726424e-2
-1.97778e0 8.908546e-1 -8.06009357e-2 -8.06009357e-2
-1.933336e0 8.908546e-1 -9.5902127e-2 -9.5902127e-2
-1.888892e0 8.908546e-1 -1.13656827e-1 -1.13656827e-1
-1.8444481e0 8.908546e-1 -1.34170844e-1 -1.34170844e-1
-1.8000041e0 8.908546e-1 -1.57759814e-1 -1.57759814e-1
-1.75556e0 8.908546e-1 -1.84772545e-1 -1.84772545e-1
-1.711116e0 8.908546e-1 -2.1554955e-1 -2.1554955e-1
-1.666672e0 8.908546e-1 -2.50465463e-1 -2.50465463e-1
-1.6222281e0 8.908546e-1 -2.89885672e-1 -2.89885672e-1
-1.5777841e0 8.908546e-1 -3.3419052e-1 -3.3419052e-1
-1.53334e0 8.908546e-1 -3.83742e-1 -3.83742e-1
-1.488896e0 8.908546e-1 -4.3891379e-1 -4.3891379e-1
-1.444452e0 8.908546e-1 -5.00033084e-1 -5.00033084e-1
-1.4000081e0 8.908546e-1 -5.67414433e-1 -5.67414433e-1
-1.3555641e0 8.908546e-1 -6.41341396e-1 -6.41341396e-1
-1.31112e0 8.908546e-1 -7.2203962e-1 -7.2203962e-1
-1.266676e0 8.908546e-1 -8.09692886e-1 -8.09692886e-1
-1.222232e0 8.908546e-1 -9.0439499e-1 -9.0439499e-1
-1.177788e0 8.908546e-1 -1.00595372e0 -1.00595372e0
-1.133344e0 8.908546e-1 -1.11463673e0 -1.11463673e0
-1.0889e0 8.908546e-1 -1.2304481e0 -1.2304481e0
-1.044456e0 8.908546e-1 -1.35347484e0 -1.35347484e0
-1.000012e0 8.908546e-1 -1.48184785e0 -1.48184785e0
-9.55568e-1 8.908546e-1 -1.61636641e0 -1.61636641e0
-9.11124e-1 8.908546e-1 -1.75623125e0 -1.75623125e0
-8.6668e-1 8.908546e-1 -1.90063898e0 -1.90063898e0
-8.22236e-1 8.908546e-1 -2.04932182e0 -2.04932182e0
-7.77792e-1 8.908546e-1 -2.19996619e0 -2.19996619e0
-7.33348e-1 8.908546e-1 -2.35328166e0 -2.35328166e0
-6.88904e-1 8.908546e-1 -2.50650876e0 -2.50650876e0
-6.4446e-1 8.908546e-1 -2.65982423e0 -2.65982423e0
-6.00016e-1 8.908546e-1 -2.8112706e0 -2.8112706e0
-5.55572e-1 8.908546e-1 -2.95915144e0 -2.95915144e0
-5.11128e-1 8.908546e-1 -3.10266881e0 -3.10266881e0
-4.66684e-1 8.908546e-1 -3.24075156e0 -3.24075156e0
-4.2224e-1 8.908546e-1 -3.37090529e0 -3.37090529e0
-3.77796e-1 8.908546e-1 -3.49295193e0 -3.49295193e0
-3.33352e-1 8.908546e-1 -3.60528885e0 -3.60528885e0
-2.88908e-1 8.908546e-1 -3.7067565e0 -3.7067565e0
-2.44464e-1 8.908546e-1 -3.79504132e0 -3.79504132e0
-2.0002e-1 8.908546e-1 -3.87076315e0 -3.87076315e0
-1.55576e-1 8.908546e-1 -3.93312271e0 -3.93312271e0
-1.11132e-1 8.908546e-1 -3.97944753e0 -3.97944753e0
-6.6688e-2 8.908546e-1 -4.01151836e0 -4.01151836e0
-2.2244e-2 8.908546e-1 -4.02666272e0 -4.02666272e0
2.22e-2 8.908546e-1 -4.02666272e0 -4.02666272e0
6.6644e-2 8.908546e-1 -4.01151836e0 -4.01151836e0
1.11088e-1 8.908546e-1 -3.97944753e0 -3.97944753e0
1.55532e-1 8.908546e-1 -3.93312271e0 -3.93312271e0
1.99976e-1 8.908546e-1 -3.87076315e0 -3.87076315e0
2.4442e-1 8.908546e-1 -3.79504132e0 -3.79504132e0
2.88864e-1 8.908546e-1 -3.7067565e0 -3.7067565e0
3.33308e-1 8.908546e-1 -3.60528885e0 -3.60528885e0
3.77752e-1 8.908546e-1 -3.49295193e0 -3.49295193e0
4.22196e-1 8.908546e-1 -3.37090529e0 -3.37090529e0
4.6664e-1 8.908546e-1 -3.24075156e0 -3.24075156e0
5.11084e-1 8.908546e-1 -3.10266881e0 -3.10266881e0
5.55528e-1 8.908546e-1 -2.95915144e0 -2.95915144e0
5.999721e-1 8.908546e-1 -2.8112706e0 -2.8112706e0
6.44416e-1 8.908546e-1 -2.65982423e0 -2.65982423e0
6.8886e-1 8.908546e-1 -2.50650876e0 -2.50650876e0
7.33304e-1 8.908546e-1 -2.35328166e0 -2.35328166e0
7.77748e-1 8.908546e-1 -2.19996619e0 -2.19996619e0
8.221921e-1 8.908546e-1 -2.04932182e0 -2.04932182e0
8.66636e-1 8.908546e-1 -1.90063898e0 -1.90063898e0
9.1108e-1 8.908546e-1 -1.75623125e0 -1.75623125e0
9.55524e-1 8.908546e-1 -1.61636641e0 -1.61636641e0
9.99968e-1 8.908546e-1 -1.48184785e0 -1.48184785e0
1.0444121e0 8.908546e-1 -1.35347484e0 -1.35347484e0
1.088856e0 8.908546e-1 -1.2304481e0 -1.2304481e0
1.1333e0 8.908546e-1 -1.11463673e0 -1.11463673e0
1.177744e0 8.908546e-1 -1.00595372e0 -1.00595372e0
1.222188e0 8.908546e-1 -9.0439499e-1 -9.0439499e-1
1.2666321e0 8.908546e-1 -8.09782468e-1 -8.09782468e-1
1.311076e0 8.908546e-1 -7.22124577e-1 -7.22124577e-1
1.35552e0 8.908546e-1 -6.41416975e-1 -6.41416975e-1
1.399964e0 8.908546e-1 -5.67483353e-1 -5.67483353e-1
1.444408e0 8.908546e-1 -5.00100099e-1 -5.00100099e-1
1.4888521e0 8.908546e-1 -4.38971289e-1 -4.38971289e-1
1.533296e0 8.908546e-1 -3.83795828e-1 -3.83795828e-1
1.57774e0 8.908546e-1 -3.34237418e-1 -3.34237418e-1
1.622184e0 8.908546e-1 -2.89925229e-1 -2.89925229e-1
1.666628e0 8.908546e-1 -2.50498631e-1 -2.50498631e-1
1.7110721e0 8.908546e-1 -2.15580408e-1 -2.15580408e-1
1.755516e0 8.908546e-1 -1.8479946e-1 -1.8479946e-1
1.79996e0 8.908546e-1 -1.57787001e-1 -1.57787001e-1
1.844404e0 8.908546e-1 -1.34191641e-1 -1.34191641e-1
1.888848e0 8.908546e-1 -1.13675993e-1 -1.13675993e-1
1.9332921e0 8.908546e-1 -9.5916945e-2 -9.5916945e-2
1.977736e0 8.908546e-1 -8.06142708e-2 -8.06142708e-2
2.02218e0 8.908546e-1 -6.74850803e-2 -6.74850803e-2
2.066624e0 8.908546e-1 -5.62708955e-2 -5.62708955e-2
2.111068e0 8.908546e-1 -4.67354231e-2 -4.67354231e-2
2.1555121e0 8.908546e-1 -3.86631133e-2 -3.86631133e-2
2.199956e0 8.908546e-1 -3.18586563e-2 -3.18586563e-2

-2.2e0 9.272174e-1 -3.10313927e-2 -3.10313927e-2
-2.155556e0 9.272174e-1 -3.76595483e-2 -3.76595483e-2
-2.111112e0 9.272174e-1 -4.55228291e-2 -4.55228291e-2
-2.0666681e0 9.272174e-1 -5.48114717e-2 -5.48114717e-2
-2.0222241e0 9.272174e-1 -6.57341057e-2 -6.57341057e-2
-1.97778e0 9.272174e-1 -7.85231723e-2 -7.85231723e-2
-1.933336e0 9.272174e-1 -9.342915e-2 -9.342915e-2
-1.888892e0 9.272174e-1 -1.10728738e-1 -1.10728738e-1
-1.8444481e0 9.272174e-1 -1.30714224e-1 -1.30714224e-1
-1.8000041e0 9.272174e-1 -1.53696585e-1 -1.53696585e-1
-1.75556e0 9.272174e-1 -1.8000901e-1 -1.8000901e-1
-1.711116e0 9.272174e-1 -2.09995586e-1 -2.09995586e-1
-1.666672e0 9.272174e-1 -2.44009734e-1 -2.44009734e-1
-1.6222281e0 9.272174e-1 -2.82419023e-1 -2.82419023e-1
-1.5777841e0 9.272174e-1 -3.25577446e-1 -3.25577446e-1
-1.53334e0 9.272174e-1 -3.73857097e-1 -3.73857097e-1
-1.488896e0 9.272174e-1 -4.27607721e-1 -4.27607721e-1
-1.444452e0 9.272174e-1 -4.8715218e-1 -4.8715218e-1
-1.4000081e0 9.272174e-1 -5.52796645e-1 -5.52796645e-1
-1.3555641e0 9.272174e-1 -6.24820113e-1 -6.24820113e-1
-1.31112e0 9.272174e-1 -7.03439479e-1 -7.03439479e-1
-1.266676e0 9.272174e-1 -7.88827916e-1 -7.88827916e-1
-1.222232e0 9.272174e-1 -8.81102574e-1 -8.81102574e-1
-1.177788e0 9.272174e-1 -9.8016144e-1 -9.8016144e-1
-1.133344e0 9.272174e-1 -1.0860495e0 -1.0860495e0
-1.0889e0 9.272174e-1 -1.19907817e0 -1.19907817e0
-1.044456e0 9.272174e-1 -1.31776189e0 -1.31776189e0
-1.000012e0 9.272174e-1 -1.44395547e0 -1.44395547e0
-9.55568e-1 9.272174e-1 -1.57469347e0 -1.57469347e0
-9.11124e-1 9.272174e-1 -1.7110865e0 -1.7110865e0
-8.6668e-1 9.272174e-1 -1.85202396e0 -1.85202396e0
-8.22236e-1 9.272174e-1 -1.99574294e0 -1.99574294e0
-7.77792e-1 9.272174e-1 -2.1433555e0 -2.1433555e0
-7.33348e-1 9.272174e-1 -2.2925456e0 -2.2925456e0
-6.88904e-1 9.272174e-1 -2.44182765e0 -2.44182765e0
-6.4446e-1 9.272174e-1 -2.59120168e0 -2.59120168e0
-6.00016e-1 9.272174e-1 -2.7386289e0 -2.7386289e0
-5.55572e-1 9.272174e-1 -2.88244127e0 -2.88244127e0
-5.11128e-1 9.272174e-1 -3.02245059e0 -3.02245059e0
-4.66684e-1 9.272174e-1 -3.15689682e0 -3.15689682e0
-4.2224e-1 9.272174e-1 -3.28392657e0 -3.28392657e0
-3.77796e-1 9.272174e-1 -3.40261029e0 -3.40261029e0
-3.33352e-1 9.272174e-1 -3.51211464e0 -3.51211464e0
-2.88908e-1 9.272174e-1 -3.61049142e0 -3.61049142e0
-2.44464e-1 9.272174e-1 -3.69765009e0 -3.69765009e0
-2.0002e-1 9.272174e-1 -3.77099301e0 -3.77099301e0
-1.55576e-1 9.272174e-1 -3.831263e0 -3.831263e0
-1.11132e-1 9.272174e-1 -3.87762387e0 -3.87762387e0
-6.6688e-2 9.272174e-1 -3.9082208e0 -3.9082208e0
-2.2244e-2 9.272174e-1 -3.92305661e0 -3.92305661e0
2.22e-2 9.272174e-1 -3.92305661e0 -3.92305661e0
6.6644e-2 9.272174e-1 -3.9082208e0 -3.9082208e0
1.11088e-1 9.272174e-1 -3.87762387e0 -3.87762387e0
1.55532e-1 9.272174e-1 -3.831263e0 -3.831263e0
1.99976e-1 9.272174e-1 -3.77173439e0 -3.77173439e0
2.4442e-1 9.272174e-1 -3.69765009e0 -3.69765009e0
2.88864e-1 9.272174e-1 -3.61132617e0 -3.61132617e0
3.33308e-1 9.272174e-1 -3.51211464e0 -3.51211464e0
3.77752e-1 9.272174e-1 -3.40261029e0 -3.40261029e0
4.22196e-1 9.272174e-1 -3.28392657e0 -3.28392657e0
4.6664e-1 9.272174e-1 -3.15689682e0 -3.15689682e0
5.11084e-1 9.272174e-1 -3.02245059e0 -3.02245059e0
5.55528e-1 9.272174e-1 -2.88244127e0 -2.88244127e0
5.999721e-1 9.272174e-1 -2.7386289e0 -2.7386289e0
6.44416e-1 9.272174e-1 -2.59120168e0 -2.59120168e0
6.8886e-1 9.272174e-1 -2.44182765e0 -2.44182765e0
7.33304e-1 9.272174e-1 -2.2925456e0 -2.2925456e0
7.77748e-1 9.272174e-1 -2.1433555e0 -2.1433555e0
8.221921e-1 9.272174e-1 -1.99676302e0 -1.99676302e0
8.66636e-1 9.272174e-1 -1.85202396e0 -1.85202396e0
9.1108e-1 9.272174e-1 -1.7110865e0 -1.7110865e0
9.55524e-1 9.272174e-1 -1.57469347e0 -1.57469347e0
9.99968e-1 9.272174e-1 -1.44395547e0 -1.44395547e0
1.0444121e0 9.272174e-1 -1.31878198e0 -1.31878198e0
1.088856e0 9.272174e-1 -1.19907817e0 -1.19907817e0
1.1333e0 9.272174e-1 -1.0860495e0 -1.0860495e0
1.177744e0 9.272174e-1 -9.8016144e-1 -9.8016144e-1
1.222188e0 9.272174e-1 -8.81189302e-1 -8.81189302e-1
1.2666321e0 9.272174e-1 -7.8892271e-1 -7.8892271e-1
1.311076e0 9.272174e-1 -7.03510785e-1 -7.03510785e-1
1.35552e0 9.272174e-1 -6.2488859e-1 -6.2488859e-1
1.399964e0 9.272174e-1 -5.52866678e-1 -5.52866678e-1
1.444408e0 9.272174e-1 -4.87214009e-1 -4.87214009e-1
1.4888521e0 9.272174e-1 -4.27659221e-1 -4.27659221e-1
1.533296e0 9.272174e-1 -3.73911568e-1 -3.73911568e-1
1.57774e0 9.272174e-1 -3.25625407e-1 -3.25625407e-1
1.622184e0 9.272174e-1 -2.82459204e-1 -2.82459204e-1
1.666628e0 9.272174e-1 -2.44047508e-1 -2.44047508e-1
1.7110721e0 9.272174e-1 -2.10026146e-1 -2.10026146e-1
1.755516e0 9.272174e-1 -1.8003674e-1 -1.8003674e-1
1.79996e0 9.272174e-1 -1.53721486e-1 -1.53721486e-1
1.844404e0 9.272174e-1 -1.30734032e-1 -1.30734032e-1
1.888848e0 9.272174e-1 -1.10747415e-1 -1.10747415e-1
1.9332921e0 9.272174e-1 -9.3445139e-2 -9.3445139e-2
1.977736e0 9.272174e-1 -7.85367122e-2 -7.85367122e-2
2.02218e0 9.272174e-1 -6.57459337e-2 -6.57459337e-2
2.066624e0 9.272174e-1 -5.48211774e-2 -5.48211774e-2
2.111068e0 9.272174e-1 -4.5531233e-2 -4.5531233e-2
2.1555121e0 9.272174e-1 -3.76665518e-2 -3.76665518e-2
2.199956e0 9.272174e-1 -3.10376746e-2 -3.10376746e-2

-2.2e0 9.635803e-1 -3.01055627e-2 -3.01055627e-2
-2.155556e0 9.635803e-1 -3.65360234e-2 -3.65360234e-2
-2.111112e0 9.635803e-1 -4.41647548e-2 -4.41647548e-2
-2.0666681e0 9.635803e-1 -5.31759717e-2 -5.31759717e-2
-2.0222241e0 9.635803e-1 -6.37729733e-2 -6.37729733e-2
-1.97778e0 9.635803e-1 -7.61805696e-2 -7.61805696e-2
-1.933336e0 9.635803e-1 -9.06435962e-2 -9.06435962e-2
-1.888892e0 9.635803e-1 -1.07426207e-1 -1.07426207e-1
-1.8444481e0 9.635803e-1 -1.26813968e-1 -1.26813968e-1
-1.8000041e0 9.635803e-1 -1.49111172e-1 -1.49111172e-1
-1.75556e0 9.635803e-1 -1.74637758e-1 -1.74637758e-1
-1.711116e0 9.635803e-1 -2.03730574e-1 -2.03730574e-1
-1.666672e0 9.635803e-1 -2.36729848e-1 -2.36729848e-1
-1.6222281e0 9.635803e-1 -2.73991246e-1 -2.73991246e-1
-1.5777841e0 9.635803e-1 -3.15866174e-1 -3.15866174e-1
-1.53334e0 9.635803e-1 -3.62703094e-1 -3.62703094e-1
-1.488896e0 9.635803e-1 -4.14849881e-1 -4.14849881e-1
-1.444452e0 9.635803e-1 -4.72617651e-1 -4.72617651e-1
-1.4000081e0 9.635803e-1 -5.36307082e-1 -5.36307082e-1
-1.3555641e0 9.635803e-1 -6.06176065e-1 -6.06176065e-1
-1.31112e0 9.635803e-1 -6.82451028e-1 -6.82451028e-1
-1.266676e0 9.635803e-1 -7.6529253e-1 -7.6529253e-1
-1.222232e0 9.635803e-1 -8.54814664e-1 -8.54814664e-1
-1.177788e0 9.635803e-1 -9.51029636e-1 -9.51029636e-1
-1.133344e0 9.635803e-1 -1.05328961e0 -1.05328961e0
-1.0889e0 9.635803e-1 -1.16333032e0 -1.16333032e0
-1.044456e0 9.635803e-1 -1.2788641e0 -1.2788641e0
-1.000012e0 9.635803e-1 -1.40027469e0 -1.40027469e0
-9.55568e-1 9.635803e-1 -1.527468e0 -1.527468e0
-9.11124e-1 9.635803e-1 -1.65957507e0 -1.65957507e0
-8.6668e-1 9.635803e-1 -1.7964033e0 -1.7964033e0
-8.22236e-1 9.635803e-1 -1.93621773e0 -1.93621773e0
-7.77792e-1 9.635803e-1 -2.07882867e0 -2.07882867e0
-7.33348e-1 9.635803e-1 -2.22336572e0 -2.22336572e0
-6.88904e-1 9.635803e-1 -2.36896286e0 -2.36896286e0
-6.4446e-1 9.635803e-1 -2.51349991e0 -2.51349991e0
-6.00016e-1 9.635803e-1 -2.656302e0 -2.656302e0
-5.55572e-1 9.635803e-1 -2.7969839e0 -2.7969839e0
-5.11128e-1 9.635803e-1 -2.93284908e0 -2.93284908e0
-4.66684e-1 9.635803e-1 -3.06293301e0 -3.06293301e0
-4.2224e-1 9.635803e-1 -3.18627118e0 -3.18627118e0
-3.77796e-1 9.635803e-1 -3.30199756e0 -3.30199756e0
-3.33352e-1 9.635803e-1 -3.40799051e0 -3.40799051e0
-2.88908e-1 9.635803e-1 -3.50348106e0 -3.50348106e0
-2.44464e-1 9.635803e-1 -3.5872165e0 -3.5872165e0
-2.0002e-1 9.635803e-1 -3.65852199e0 -3.65852199e0
-1.55576e-1 9.635803e-1 -3.71739601e0 -3.71739601e0
-1.11132e-1 9.635803e-1 -3.76162431e0 -3.76162431e0
-6.6688e-2 9.635803e-1 -3.79168915e0 -3.79168915e0
-2.2244e-2 9.635803e-1 -3.80604523e0 -3.80604523e0
2.22e-2 9.635803e-1 -3.80604523e0 -3.80604523e0
6.6644e-2 9.635803e-1 -3.79168915e0 -3.79168915e0
1.11088e-1 9.635803e-1 -3.76162431e0 -3.76162431e0
1.55532e-1 9.635803e-1 -3.71739601e0 -3.71739601e0
1.99976e-1 9.635803e-1 -3.65852199e0 -3.65852199e0
2.4442e-1 9.635803e-1 -3.5872165e0 -3.5872165e0
2.88864e-1 9.635803e-1 -3.50348106e0 -3.50348106e0
3.33308e-1 9.635803e-1 -3.40799051e0 -3.40799051e0
3.77752e-1 9.635803e-1 -3.30199756e0 -3.30199756e0
4.22196e-1 9.635803e-1 -3.18627118e0 -3.18627118e0
4.6664e-1 9.635803e-1 -3.06293301e0 -3.06293301e0
5.11084e-1 9.635803e-1 -2.93284908e0 -2.93284908e0
5.55528e-1 9.635803e-1 -2.7969839e0 -2.7969839e0
5.999721e-1 9.635803e-1 -2.65716948e0 -2.65716948e0
6.44416e-1 9.635803e-1 -2.51349991e0 -2.51349991e0
6.8886e-1 9.635803e-1 -2.36896286e0 -2.36896286e0
7.33304e-1 9.635803e-1 -2.22442581e0 -2.22442581e0
7.77748e-1 9.635803e-1 -2.07988876e0 -2.07988876e0
8.221921e-1 9.635803e-1 -1.93621773e0 -1.93621773e0
8.66636e-1 9.635803e-1 -1.7964033e0 -1.7964033e0
9.1108e-1 9.635803e-1 -1.66053813e0 -1.66053813e0
9.55524e-1 9.635803e-1 -1.527468e0 -1.527468e0
9.99968e-1 9.635803e-1 -1.40027469e0 -1.40027469e0
1.0444121e0 9.635803e-1 -1.2788641e0 -1.2788641e0
1.088856e0 9.635803e-1 -1.16333032e0 -1.16333032e0
1.1333e0 9.635803e-1 -1.05328961e0 -1.05328961e0
1.177744e0 9.635803e-1 -9.51128586e-1 -9.51128586e-1
1.222188e0 9.635803e-1 -8.54900089e-1 -8.54900089e-1
1.2666321e0 9.635803e-1 -7.65386923e-1 -7.65386923e-1
1.311076e0 9.635803e-1 -6.82523955e-1 -6.82523955e-1
1.35552e0 9.635803e-1 -6.06245757e-1 -6.06245757e-1
1.399964e0 9.635803e-1 -5.36373099e-1 -5.36373099e-1
1.444408e0 9.635803e-1 -4.72678375e-1 -4.72678375e-1
1.4888521e0 9.635803e-1 -4.14899577e-1 -4.14899577e-1
1.533296e0 9.635803e-1 -3.62756467e-1 -3.62756467e-1
1.57774e0 9.635803e-1 -3.15909254e-1 -3.15909254e-1
1.622184e0 9.635803e-1 -2.74030945e-1 -2.74030945e-1
1.666628e0 9.635803e-1 -2.36766605e-1 -2.36766605e-1
1.7110721e0 9.635803e-1 -2.03762332e-1 -2.03762332e-1
1.755516e0 9.635803e-1 -1.74664076e-1 -1.74664076e-1
1.79996e0 9.635803e-1 -1.4913411e-1 -1.4913411e-1
1.844404e0 9.635803e-1 -1.26833229e-1 -1.26833229e-1
1.888848e0 9.635803e-1 -1.0744385e-1 -1.0744385e-1
1.9332921e0 9.635803e-1 -9.06592549e-2 -9.06592549e-2
1.977736e0 9.635803e-1 -7.61945523e-2 -7.61945523e-2
2.02218e0 9.635803e-1 -6.37845593e-2 -6.37845593e-2
2.066624e0 9.635803e-1 -5.31857344e-2 -5.31857344e-2
2.111068e0 9.635803e-1 -4.41725768e-2 -4.41725768e-2
2.1555121e0 9.635803e-1 -3.65425957e-2 -3.65425957e-2
2.199956e0 9.635803e-1 -3.0111385e-2 -3.0111385e-2

-2.2e0 9.999432e-1 -2.90889401e-2 -2.90889401e-2
-2.155556e0 9.999432e-1 -3.53022409e-2 -3.53022409e-2
-2.111112e0 9.999432e-1 -4.26729926e-2 -4.26729926e-2
-2.0666681e0 9.999432e-1 -5.1379438e-2 -5.1379438e-2
-2.0222241e0 9.999432e-1 -6.16192743e-2 -6.16192743e-2
-1.97778e0 9.999432e-1 -7.36083398e-2 -7.36083398e-2
-1.933336e0 9.999432e-1 -8.75830714e-2 -8.75830714e-2
-1.888892e0 9.999432e-1 -1.03797818e-1 -1.03797818e-1
-1.8444481e0 9.999432e-1 -1.2253119e-1 -1.2253119e-1
-1.8000041e0 9.999432e-1 -1.44077057e-1 -1.44077057e-1
-1.75556e0 9.999432e-1 -1.68741641e-1 -1.68741641e-1
-1.711116e0 9.999432e-1 -1.96847803e-1 -1.96847803e-1
-1.666672e0 9.999432e-1 -2.28735489e-1 -2.28735489e-1
-1.6222281e0 9.999432e-1 -2.64733049e-1 -2.64733049e-1
-1.5777841e0 9.999432e-1 -3.05197975e-1 -3.05197975e-1
-1.53334e0 9.999432e-1 -3.50455722e-1 -3.50455722e-1
-1.488896e0 9.999432e-1 -4.00835248e-1 -4.00835248e-1
-1.444452e0 9.999432e-1 -4.56651933e-1 -4.56651933e-1
-1.4000081e0 9.999432e-1 -5.18188052e-1 -5.18188052e-1
-1.3555641e0 9.999432e-1 -5.85708633e-1 -5.85708633e-1
-1.31112e0 9.999432e-1 -6.59403333e-1 -6.59403333e-1
-1.266676e0 9.999432e-1 -7.39446245e-1 -7.39446245e-1
-1.222232e0 9.999432e-1 -8.25933492e-1 -8.25933492e-1
-1.177788e0 9.999432e-1 -9.18910239e-1 -9.18910239e-1
-1.133344e0 9.999432e-1 -1.01814288e0 -1.01814288e0
-1.0889e0 9.999432e-1 -1.12403592e0 -1.12403592e0
-1.044456e0 9.999432e-1 -1.23513039e0 -1.23513039e0
-1.000012e0 9.999432e-1 -1.35322365e0 -1.35322365e0
-9.55568e-1 9.999432e-1 -1.47621625e0 -1.47621625e0
-9.11124e-1 9.999432e-1 -1.60420886e0 -1.60420886e0
-8.6668e-1 9.999432e-1 -1.73620209e0 -1.73620209e0
-8.22236e-1 9.999432e-1 -1.87119351e0 -1.87119351e0
-7.77792e-1 9.999432e-1 -2.00928535e0 -2.00928535e0
-7.33348e-1 9.999432e-1 -2.14827739e0 -2.14827739e0
-6.88904e-1 9.999432e-1 -2.28926976e0 -2.28926976e0
-6.4446e-1 9.999432e-1 -2.42826181e0 -2.42826181e0
-6.00016e-1 9.999432e-1 -2.56635364e0 -2.56635364e0
-5.55572e-1 9.999432e-1 -2.70244669e0 -2.70244669e0
-5.11128e-1 9.999432e-1 -2.83343901e0 -2.83343901e0
-4.66684e-1 9.999432e-1 -2.9594313e0 -2.9594313e0
-4.2224e-1 9.999432e-1 -3.07842479e0 -3.07842479e0
-3.77796e-1 9.999432e-1 -3.18951926e0 -3.18951926e0
-3.33352e-1 9.999432e-1 -3.29251329e0 -3.29251329e0
-2.88908e-1 9.999432e-1 -3.38450787e0 -3.38450787e0
-2.44464e-1 9.999432e-1 -3.46550304e0 -3.46550304e0
-2.0002e-1 9.999432e-1 -3.53559946e0 -3.53559946e0
-1.55576e-1 9.999432e-1 -3.59159604e0 -3.59159604e0
-1.11132e-1 9.999432e-1 -3.63459439e0 -3.63459439e0
-6.6688e-2 9.999432e-1 -3.66359207e0 -3.66359207e0
-2.2244e-2 9.999432e-1 -3.67759122e0 -3.67759122e0
2.22e-2 9.999432e-1 -3.67759122e0 -3.67759122e0
6.6644e-2 9.999432e-1 -3.66359207e0 -3.66359207e0
1.11088e-1 9.999432e-1 -3.63459439e0 -3.63459439e0
1.55532e-1 9.999432e-1 -3.59159604e0 -3.59159604e0
1.99976e-1 9.999432e-1 -3.53559946e0 -3.53559946e0
2.4442e-1 9.999432e-1 -3.46550304e0 -3.46550304e0
2.88864e-1 9.999432e-1 -3.38450787e0 -3.38450787e0
3.33308e-1 9.999432e-1 -3.29251329e0 -3.29251329e0
3.77752e-1 9.999432e-1 -3.19061935e0 -3.19061935e0
4.22196e-1 9.999432e-1 -3.07842479e0 -3.07842479e0
4.6664e-1 9.999432e-1 -2.9594313e0 -2.9594313e0
5.11084e-1 9.999432e-1 -2.83343901e0 -2.83343901e0
5.55528e-1 9.999432e-1 -2.70244669e0 -2.70244669e0
5.999721e-1 9.999432e-1 -2.56745374e0 -2.56745374e0
6.44416e-1 9.999432e-1 -2.42826181e0 -2.42826181e0
6.8886e-1 9.999432e-1 -2.28926976e0 -2.28926976e0
7.33304e-1 9.999432e-1 -2.14937749e0 -2.14937749e0
7.77748e-1 9.999432e-1 -2.00928535e0 -2.00928535e0
8.221921e-1 9.999432e-1 -1.87119351e0 -1.87119351e0
8.66636e-1 9.999432e-1 -1.73620209e0 -1.73620209e0
9.1108e-1 9.999432e-1 -1.60420886e0 -1.60420886e0
9.55524e-1 9.999432e-1 -1.47621625e0 -1.47621625e0
9.99968e-1 9.999432e-1 -1.35322365e0 -1.35322365e0
1.0444121e0 9.999432e-1 -1.23623047e0 -1.23623047e0
1.088856e0 9.999432e-1 -1.12403592e0 -1.12403592e0
1.1333e0 9.999432e-1 -1.01814288e0 -1.01814288e0
1.177744e0 9.999432e-1 -9.19008347e-1 -9.19008347e-1
1.222188e0 9.999432e-1 -8.26033736e-1 -8.26033736e-1
1.2666321e0 9.999432e-1 -7.39525433e-1 -7.39525433e-1
1.311076e0 9.999432e-1 -6.59473672e-1 -6.59473672e-1
1.35552e0 9.999432e-1 -5.85770581e-1 -5.85770581e-1
1.399964e0 9.999432e-1 -5.18260527e-1 -5.18260527e-1
1.444408e0 9.999432e-1 -4.5671327e-1 -4.5671327e-1
1.4888521e0 9.999432e-1 -4.00887582e-1 -4.00887582e-1
1.533296e0 9.999432e-1 -3.50498291e-1 -3.50498291e-1
1.57774e0 9.999432e-1 -3.0523841e-1 -3.0523841e-1
1.622184e0 9.999432e-1 -2.6477455e-1 -2.6477455e-1
1.666628e0 9.999432e-1 -2.28771193e-1 -2.28771193e-1
1.7110721e0 9.999432e-1 -1.96878014e-1 -1.96878014e-1
1.755516e0 9.999432e-1 -1.68765596e-1 -1.68765596e-1
1.79996e0 9.999432e-1 -1.44098418e-1 -1.44098418e-1
1.844404e0 9.999432e-1 -1.2255011e-1 -1.2255011e-1
1.888848e0 9.999432e-1 -1.0381567e-1 -1.0381567e-1
1.9332921e0 9.999432e-1 -8.7597246e-2 -8.7597246e-2
1.977736e0 9.999432e-1 -7.3620302e-2 -7.3620302e-2
2.02218e0 9.999432e-1 -6.16302142e-2 -6.16302142e-2
2.066624e0 9.999432e-1 -5.1388898e-2 -5.1388898e-2
2.111068e0 9.999432e-1 -4.26808504e-2 -4.26808504e-2
2.1555121e0 9.999432e-1 -3.53090155e-2 -3.53090155e-2
2.199956e0 9.999432e-1 -2.90947229e-2 -2.90947229e-2

-2.2e0 1.0363062e0 -2.7995494e-2 -2.7995494e-2
-2.155556e0 1.0363062e0 -3.3974657e-2 -3.3974657e-2
-2.111112e0 1.0363062e0 -4.1068272e-2 -4.1068272e-2
-2.0666681e0 1.0363062e0 -4.9447862e-2 -4.9447862e-2
-2.0222241e0 1.0363062e0 -5.9301837e-2 -5.9301837e-2
-1.97778e0 1.0363062e0 -7.083978e-2 -7.083978e-2
-1.933336e0 1.0363062e0 -8.4289156e-2 -8.4289156e-2
-1.888892e0 1.0363062e0 -9.9896043e-2 -9.9896043e-2
-1.8444481e0 1.0363062e0 -1.1792384e-1 -1.1792384e-1
-1.8000041e0 1.0363062e0 -1.3865678e-1 -1.3865678e-1
-1.75556e0 1.0363062e0 -1.6239478e-1 -1.6239478e-1
-1.711116e0 1.0363062e0 -1.8944698e-1 -1.8944698e-1
-1.666672e0 1.0363062e0 -2.2013263e-1 -2.2013263e-1
-1.6222281e0 1.0363062e0 -2.5478572e-1 -2.5478572e-1
-1.5777841e0 1.0363062e0 -2.9372139e-1 -2.9372139e-1
-1.53334e0 1.0363062e0 -3.3727756e-1 -3.3727756e-1
-1.488896e0 1.0363062e0 -3.8576825e-1 -3.8576825e-1
-1.444452e0 1.0363062e0 -4.3948587e-1 -4.3948587e-1
-1.4000081e0 1.0363062e0 -4.987076e-1 -4.987076e-1
-1.3555641e0 1.0363062e0 -5.6368013e-1 -5.6368013e-1
-1.31112e0 1.0363062e0 -6.3460664e-1 -6.3460664e-1
-1.266676e0 1.0363062e0 -7.116391e-1 -7.116391e-1
-1.222232e0 1.0363062e0 -7.948852e-1 -7.948852e-1
-1.177788e0 1.0363062e0 -8.8435663e-1 -8.8435663e-1
-1.133344e0 1.0363062e0 -9.8002762e-1 -9.8002762e-1
-1.0889e0 1.0363062e0 -1.0810759e0 -1.0810759e0
-1.044456e0 1.0363062e0 -1.188851e0 -1.188851e0
-1.000012e0 1.0363062e0 -1.3019125e0 -1.3019125e0
-9.55568e-1 1.0363062e0 -1.4210872e0 -1.4210872e0
-9.11124e-1 1.0363062e0 -1.5433722e0 -1.5433722e0
-8.6668e-1 1.0363062e0 -1.670733e0 -1.670733e0
-8.22236e-1 1.0363062e0 -1.8004785e0 -1.8004785e0
-7.77792e-1 1.0363062e0 -1.9331273e0 -1.9331273e0
-7.33348e-1 1.0363062e0 -2.0678459e0 -2.0678459e0
-6.88904e-1 1.0363062e0 -2.202566e0 -2.202566e0
-6.4446e-1 1.0363062e0 -2.3372862e0 -2.3372862e0
-6.00016e-1 1.0363062e0 -2.4699335e0 -2.4699335e0
-5.55572e-1 1.0363062e0 -2.6006119e0 -2.6006119e0
-5.11128e-1 1.0363062e0 -2.7270415e0 -2.7270415e0
-4.66684e-1 1.0363062e0 -2.8483919e0 -2.8483919e0
-4.2224e-1 1.0363062e0 -2.9623863e0 -2.9623863e0
-3.77796e-1 1.0363062e0 -3.0701631e0 -3.0701631e0
-3.33352e-1 1.0363062e0 -3.1687148e0 -3.1687148e0
-2.88908e-1 1.0363062e0 -3.2577344e0 -3.2577344e0
-2.44464e-1 1.0363062e0 -3.3355602e0 -3.3355602e0
-2.0002e-1 1.0363062e0 -3.401988e0 -3.401988e0
-1.55576e-1 1.0363062e0 -3.4568079e0 -3.4568079e0
-1.11132e-1 1.0363062e0 -3.497328e0 -3.497328e0
-6.6688e-2 1.0363062e0 -3.5253088e0 -3.5253088e0
-2.2244e-2 1.0363062e0 -3.5397127e0 -3.5397127e0
2.22e-2 1.0363062e0 -3.5397127e0 -3.5397127e0
6.6644e-2 1.0363062e0 -3.5253088e0 -3.5253088e0
1.11088e-1 1.0363062e0 -3.497328e0 -3.497328e0
1.55532e-1 1.0363062e0 -3.4568079e0 -3.4568079e0
1.99976e-1 1.0363062e0 -3.401988e0 -3.401988e0
2.4442e-1 1.0363062e0 -3.3355602e0 -3.3355602e0
2.88864e-1 1.0363062e0 -3.2577344e0 -3.2577344e0
3.33308e-1 1.0363062e0 -3.1687148e0 -3.1687148e0
3.77752e-1 1.0363062e0 -3.0701631e0 -3.0701631e0
4.22196e-1 1.0363062e0 -2.9623863e0 -2.9623863e0
4.6664e-1 1.0363062e0 -2.8483919e0 -2.8483919e0
5.11084e-1 1.0363062e0 -2.7270415e0 -2.7270415e0
5.55528e-1 1.0363062e0 -2.6006119e0 -2.6006119e0
5.999721e-1 1.0363062e0 -2.4699335e0 -2.4699335e0
6.44416e-1 1.0363062e0 -2.3372862e0 -2.3372862e0
6.8886e-1 1.0363062e0 -2.202566e0 -2.202566e0
7.33304e-1 1.0363062e0 -2.0678459e0 -2.0678459e0
7.77748e-1 1.0363062e0 -1.9340587e0 -1.9340587e0
8.221921e-1 1.0363062e0 -1.8004785e0 -1.8004785e0
8.66636e-1 1.0363062e0 -1.670733e0 -1.670733e0
9.1108e-1 1.0363062e0 -1.5433722e0 -1.5433722e0
9.55524e-1 1.0363062e0 -1.4210872e0 -1.4210872e0
9.99968e-1 1.0363062e0 -1.3028455e0 -1.3028455e0
1.0444121e0 1.0363062e0 -1.188851e0 -1.188851e0
1.088856e0 1.0363062e0 -1.0821115e0 -1.0821115e0
1.1333e0 1.0363062e0 -9.8011713e-1 -9.8011713e-1
1.177744e0 1.0363062e0 -8.8444534e-1 -8.8444534e-1
1.222188e0 1.0363062e0 -7.9496901e-1 -7.9496901e-1
1.2666321e0 1.0363062e0 -7.1172781e-1 -7.1172781e-1
1.311076e0 1.0363062e0 -6.3468364e-1 -6.3468364e-1
1.35552e0 1.0363062e0 -5.6375255e-1 -5.6375255e-1
1.399964e0 1.0363062e0 -4.9877069e-1 -4.9877069e-1
1.444408e0 1.0363062e0 -4.3953947e-1 -4.3953947e-1
1.4888521e0 1.0363062e0 -3.8581363e-1 -3.8581363e-1
1.533296e0 1.0363062e0 -3.37325e-1 -3.37325e-1
1.57774e0 1.0363062e0 -2.9376219e-1 -2.9376219e-1
1.622184e0 1.0363062e0 -2.548221e-1 -2.548221e-1
1.666628e0 1.0363062e0 -2.2016711e-1 -2.2016711e-1
1.7110721e0 1.0363062e0 -1.894764e-1 -1.894764e-1
1.755516e0 1.0363062e0 -1.6242134e-1 -1.6242134e-1
1.79996e0 1.0363062e0 -1.3867876e-1 -1.3867876e-1
1.844404e0 1.0363062e0 -1.1794266e-1 -1.1794266e-1
1.888848e0 1.0363062e0 -9.991252e-2 -9.991252e-2
1.9332921e0 1.0363062e0 -8.4302975e-2 -8.4302975e-2
1.977736e0 1.0363062e0 -7.0853157e-2 -7.0853157e-2
2.02218e0 1.0363062e0 -5.931278e-2 -5.931278e-2
2.066624e0 1.0363062e0 -4.9457019e-2 -4.9457019e-2
2.111068e0 1.0363062e0 -4.1075688e-2 -4.1075688e-2
2.1555121e0 1.0363062e0 -3.3981409e-2 -3.3981409e-2
2.199956e0 1.0363062e0 -2.8000522e-2 -2.8000522e-2

-2.2e0 1.072669e0 -2.6838332e-2 -2.6838332e-2
-2.155556e0 1.072669e0 -3.2570618e-2 -3.2570618e-2
-2.111112e0 1.072669e0 -3.9371315e-2 -3.9371315e-2
-2.0666681e0 1.072669e0 -4.7404102e-2 -4.7404102e-2
-2.0222241e0 1.072669e0 -5.6851837e-2 -5.6851837e-2
-1.97778e0 1.072669e0 -6.791337e-2 -6.791337e-2
-1.933336e0 1.072669e0 -8.0807079e-2 -8.0807079e-2
-1.888892e0 1.072669e0 -9.5768738e-2 -9.5768738e-2
-1.8444481e0 1.072669e0 -1.1305e-1 -1.1305e-1
-1.8000041e0 1.072669e0 -1.3292653e-1 -1.3292653e-1
-1.75556e0 1.072669e0 -1.556875e-1 -1.556875e-1
-1.711116e0 1.072669e0 -1.8161954e-1 -1.8161954e-1
-1.666672e0 1.072669e0 -2.1103969e-1 -2.1103969e-1
-1.6222281e0 1.072669e0 -2.4425287e-1 -2.4425287e-1
-1.5777841e0 1.072669e0 -2.815807e-1 -2.815807e-1
-1.53334e0 1.072669e0 -3.2333842e-1 -3.2333842e-1
-1.488896e0 1.072669e0 -3.6982494e-1 -3.6982494e-1
-1.444452e0 1.072669e0 -4.213232e-1 -4.213232e-1
-1.4000081e0 1.072669e0 -4.7809805e-1 -4.7809805e-1
-1.3555641e0 1.072669e0 -5.4038635e-1 -5.4038635e-1
-1.31112e0 1.072669e0 -6.083822e-1 -6.083822e-1
-1.266676e0 1.072669e0 -6.8223798e-1 -6.8223798e-1
-1.222232e0 1.072669e0 -7.6203833e-1 -7.6203833e-1
-1.177788e0 1.072669e0 -8.4781612e-1 -8.4781612e-1
-1.133344e0 1.072669e0 -9.395293e-1 -9.395293e-1
-1.0889e0 1.072669e0 -1.03705954e0 -1.03705954e0
-1.044456e0 1.072669e0 -1.1404614e0 -1.1404614e0
-1.000012e0 1.072669e0 -1.2488004e0 -1.2488004e0
-9.55568e-1 1.072669e0 -1.3614308e0 -1.3614308e0
-9.11124e-1 1.072669e0 -1.479425e0 -1.479425e0
-8.6668e-1 1.072669e0 -1.6017091e0 -1.6017091e0
-8.22236e-1 1.072669e0 -1.7262456e0 -1.7262456e0
-7.77792e-1 1.072669e0 -1.8539998e0 -1.8539998e0
-7.33348e-1 1.072669e0 -1.9826132e0 -1.9826132e0
-6.88904e-1 1.072669e0 -2.1114412e0 -2.1114412e0
-6.4446e-1 1.072669e0 -2.2402673e0 -2.2402673e0
-6.00016e-1 1.072669e0 -2.3679152e0 -2.3679152e0
-5.55572e-1 1.072669e0 -2.4934172e0 -2.4934172e0
-5.11128e-1 1.072669e0 -2.6135573e0 -2.6135573e0
-4.66684e-1 1.072669e0 -2.7304778e0 -2.7304778e0
-4.2224e-1 1.072669e0 -2.8399966e0 -2.8399966e0
-3.77796e-1 1.072669e0 -2.9428656e0 -2.9428656e0
-3.33352e-1 1.072669e0 -3.0373672e0 -3.0373672e0
-2.88908e-1 1.072669e0 -3.1232892e0 -3.1232892e0
-2.44464e-1 1.072669e0 -3.1973035e0 -3.1973035e0
-2.0002e-1 1.072669e0 -3.2615562e0 -3.2615562e0
-1.55576e-1 1.072669e0 -3.3131503e0 -3.3131503e0
-1.11132e-1 1.072669e0 -3.3527321e0 -3.3527321e0
-6.6688e-2 1.072669e0 -3.3795488e0 -3.3795488e0
-2.2244e-2 1.072669e0 -3.3937085e0 -3.3937085e0
2.22e-2 1.072669e0 -3.3937085e0 -3.3937085e0
6.6644e-2 1.072669e0 -3.3795488e0 -3.3795488e0
1.11088e-1 1.072669e0 -3.3527321e0 -3.3527321e0
1.55532e-1 1.072669e0 -3.3131503e0 -3.3131503e0
1.99976e-1 1.072669e0 -3.2615562e0 -3.2615562e0
2.4442e-1 1.072669e0 -3.1982675e0 -3.1982675e0
2.88864e-1 1.072669e0 -3.1232892e0 -3.1232892e0
3.33308e-1 1.072669e0 -3.0373672e0 -3.0373672e0
3.77752e-1 1.072669e0 -2.9428656e0 -2.9428656e0
4.22196e-1 1.072669e0 -2.8399966e0 -2.8399966e0
4.6664e-1 1.072669e0 -2.7304778e0 -2.7304778e0
5.11084e-1 1.072669e0 -2.6145213e0 -2.6145213e0
5.55528e-1 1.072669e0 -2.4934172e0 -2.4934172e0
5.999721e-1 1.072669e0 -2.3679152e0 -2.3679152e0
6.44416e-1 1.072669e0 -2.241233e0 -2.241233e0
6.8886e-1 1.072669e0 -2.1114412e0 -2.1114412e0
7.33304e-1 1.072669e0 -1.9826132e0 -1.9826132e0
7.77748e-1 1.072669e0 -1.8539998e0 -1.8539998e0
8.221921e-1 1.072669e0 -1.7262456e0 -1.7262456e0
8.66636e-1 1.072669e0 -1.6017091e0 -1.6017091e0
9.1108e-1 1.072669e0 -1.479425e0 -1.479425e0
9.55524e-1 1.072669e0 -1.3614308e0 -1.3614308e0
9.99968e-1 1.072669e0 -1.2488004e0 -1.2488004e0
1.0444121e0 1.072669e0 -1.1404614e0 -1.1404614e0
1.088856e0 1.072669e0 -1.03715251e0 -1.03715251e0
1.1333e0 1.072669e0 -9.396239e-1 -9.396239e-1
1.177744e0 1.072669e0 -8.4789795e-1 -8.4789795e-1
1.222188e0 1.072669e0 -7.621159e-1 -7.621159e-1
1.2666321e0 1.072669e0 -6.8231343e-1 -6.8231343e-1
1.311076e0 1.072669e0 -6.0845618e-1 -6.0845618e-1
1.35552e0 1.072669e0 -5.4045149e-1 -5.4045149e-1
1.399964e0 1.072669e0 -4.7815715e-1 -4.7815715e-1
1.444408e0 1.072669e0 -4.2137819e-1 -4.2137819e-1
1.4888521e0 1.072669e0 -3.6987125e-1 -3.6987125e-1
1.533296e0 1.072669e0 -3.2338278e-1 -3.2338278e-1
1.57774e0 1.072669e0 -2.816249e-1 -2.816249e-1
1.622184e0 1.072669e0 -2.4428773e-1 -2.4428773e-1
1.666628e0 1.072669e0 -2.110685e-1 -2.110685e-1
1.7110721e0 1.072669e0 -1.8164589e-1 -1.8164589e-1
1.755516e0 1.072669e0 -1.5570976e-1 -1.5570976e-1
1.79996e0 1.072669e0 -1.3295042e-1 -1.3295042e-1
1.844404e0 1.072669e0 -1.1306949e-1 -1.1306949e-1
1.888848e0 1.072669e0 -9.5783534e-2 -9.5783534e-2
1.9332921e0 1.072669e0 -8.0820222e-2 -8.0820222e-2
1.977736e0 1.072669e0 -6.7924779e-2 -6.7924779e-2
2.02218e0 1.072669e0 -5.6862296e-2 -5.6862296e-2
2.066624e0 1.072669e0 -4.7413055e-2 -4.7413055e-2
2.111068e0 1.072669e0 -3.9378812e-2 -3.9378812e-2
2.1555121e0 1.072669e0 -3.2577197e-2 -3.2577197e-2
2.199956e0 1.072669e0 -2.684375e-2 -2.684375e-2

-2.2e0 1.109032e0 -2.5632143e-2 -2.5632143e-2
-2.155556e0 1.109032e0 -3.1106548e-2 -3.1106548e-2
-2.111112e0 1.109032e0 -3.7601988e-2 -3.7601988e-2
-2.0666681e0 1.109032e0 -4.5273761e-2 -4.5273761e-2
-2.0222241e0 1.109032e0 -5.4295692e-2 -5.4295692e-2
-1.97778e0 1.109032e0 -6.4859958e-2 -6.4859958e-2
-1.933336e0 1.109032e0 -7.7173228e-2 -7.7173228e-2
-1.888892e0 1.109032e0 -9.1462384e-2 -9.1462384e-2
-1.8444481e0 1.109032e0 -1.07970264e-1 -1.07970264e-1
-1.8000041e0 1.109032e0 -1.2695143e-1 -1.2695143e-1
-1.75556e0 1.109032e0 -1.4868683e-1 -1.4868683e-1
-1.711116e0 1.109032e0 -1.7345644e-1 -1.7345644e-1
-1.666672e0 1.109032e0 -2.0155046e-1 -2.0155046e-1
-1.6222281e0 1.109032e0 -2.3327538e-1 -2.3327538e-1
-1.5777841e0 1.109032e0 -2.6892528e-1 -2.6892528e-1
-1.53334e0 1.109032e0 -3.0880515e-1 -3.0880515e-1
-1.488896e0 1.109032e0 -3.531972e-1 -3.531972e-1
-1.444452e0 1.109032e0 -4.0238358e-1 -4.0238358e-1
-1.4000081e0 1.109032e0 -4.5660963e-1 -4.5660963e-1
-1.3555641e0 1.109032e0 -5.1609622e-1 -5.1609622e-1
-1.31112e0 1.109032e0 -5.8102946e-1 -5.8102946e-1
-1.266676e0 1.109032e0 -6.5156117e-1 -6.5156117e-1
-1.222232e0 1.109032e0 -7.2777766e-1 -7.2777766e-1
-1.177788e0 1.109032e0 -8.096938e-1 -8.096938e-1
-1.133344e0 1.109032e0 -8.9729083e-1 -8.9729083e-1
-1.0889e0 1.109032e0 -9.9044316e-1 -9.9044316e-1
-1.044456e0 1.109032e0 -1.08893791e0 -1.08893791e0
-1.000012e0 1.109032e0 -1.1923207e0 -1.1923207e0
-9.55568e-1 1.109032e0 -1.3000069e0 -1.3000069e0
-9.11124e-1 1.109032e0 -1.4132385e0 -1.4132385e0
-8.6668e-1 1.109032e0 -1.5295772e0 -1.5295772e0
-8.22236e-1 1.109032e0 -1.6482428e0 -1.6482428e0
-7.77792e-1 1.109032e0 -1.7704585e0 -1.7704585e0
-7.33348e-1 1.109032e0 -1.8934496e0 -1.8934496e0
-6.88904e-1 1.109032e0 -2.0166638e0 -2.0166638e0
-6.4446e-1 1.109032e0 -2.1396547e0 -2.1396547e0
-6.00016e-1 1.109032e0 -2.2618706e0 -2.2618706e0
-5.55572e-1 1.109032e0 -2.380536e0 -2.380536e0
-5.11128e-1 1.109032e0 -2.4968747e0 -2.4968747e0
-4.66684e-1 1.109032e0 -2.6078879e0 -2.6078879e0
-4.2224e-1 1.109032e0 -2.7121371e0 -2.7121371e0
-3.77796e-1 1.109032e0 -2.8108409e0 -2.8108409e0
-3.33352e-1 1.109032e0 -2.9006721e0 -2.9006721e0
-2.88908e-1 1.109032e0 -2.9827411e0 -2.9827411e0
-2.44464e-1 1.109032e0 -3.053829e0 -3.053829e0
-2.0002e-1 1.109032e0 -3.1147162e0 -3.1147162e0
-1.55576e-1 1.109032e0 -3.1646222e0 -3.1646222e0
-1.11132e-1 1.109032e0 -3.2024406e0 -3.2024406e0
-6.6688e-2 1.109032e0 -3.2279478e0 -3.2279478e0
-2.2244e-2 1.109032e0 -3.2401472e0 -3.2401472e0
2.22e-2 1.109032e0 -3.2401472e0 -3.2401472e0
6.6644e-2 1.109032e0 -3.2279478e0 -3.2279478e0
1.11088e-1 1.109032e0 -3.2024406e0 -3.2024406e0
1.55532e-1 1.109032e0 -3.1646222e0 -3.1646222e0
1.99976e-1 1.109032e0 -3.1147162e0 -3.1147162e0
2.4442e-1 1.109032e0 -3.053829e0 -3.053829e0
2.88864e-1 1.109032e0 -2.9827411e0 -2.9827411e0
3.33308e-1 1.109032e0 -2.9006721e0 -2.9006721e0
3.77752e-1 1.109032e0 -2.8108409e0 -2.8108409e0
4.22196e-1 1.109032e0 -2.7121371e0 -2.7121371e0
4.6664e-1 1.109032e0 -2.6078879e0 -2.6078879e0
5.11084e-1 1.109032e0 -2.4968747e0 -2.4968747e0
5.55528e-1 1.109032e0 -2.3815344e0 -2.3815344e0
5.999721e-1 1.109032e0 -2.2618706e0 -2.2618706e0
6.44416e-1 1.109032e0 -2.1396547e0 -2.1396547e0
6.8886e-1 1.109032e0 -2.0166638e0 -2.0166638e0
7.33304e-1 1.109032e0 -1.8934496e0 -1.8934496e0
7.77748e-1 1.109032e0 -1.7704585e0 -1.7704585e0
8.221921e-1 1.109032e0 -1.6482428e0 -1.6482428e0
8.66636e-1 1.109032e0 -1.5295772e0 -1.5295772e0
9.1108e-1 1.109032e0 -1.4132385e0 -1.4132385e0
9.55524e-1 1.109032e0 -1.3011153e0 -1.3011153e0
9.99968e-1 1.109032e0 -1.1923207e0 -1.1923207e0
1.0444121e0 1.109032e0 -1.08903386e0 -1.08903386e0
1.088856e0 1.109032e0 -9.9053455e-1 -9.9053455e-1
1.1333e0 1.109032e0 -8.9739203e-1 -8.9739203e-1
1.177744e0 1.109032e0 -8.0978316e-1 -8.0978316e-1
1.222188e0 1.109032e0 -7.2786108e-1 -7.2786108e-1
1.2666321e0 1.109032e0 -6.5163953e-1 -6.5163953e-1
1.311076e0 1.109032e0 -5.8110562e-1 -5.8110562e-1
1.35552e0 1.109032e0 -5.1615663e-1 -5.1615663e-1
1.399964e0 1.109032e0 -4.566626e-1 -4.566626e-1
1.444408e0 1.109032e0 -4.0243214e-1 -4.0243214e-1
1.4888521e0 1.109032e0 -3.532478e-1 -3.532478e-1
1.533296e0 1.109032e0 -3.0884608e-1 -3.0884608e-1
1.57774e0 1.109032e0 -2.6896167e-1 -2.6896167e-1
1.622184e0 1.109032e0 -2.3330634e-1 -2.3330634e-1
1.666628e0 1.109032e0 -2.0158041e-1 -2.0158041e-1
1.7110721e0 1.109032e0 -1.7348097e-1 -1.7348097e-1
1.755516e0 1.109032e0 -1.4871036e-1 -1.4871036e-1
1.79996e0 1.109032e0 -1.2697325e-1 -1.2697325e-1
1.844404e0 1.109032e0 -1.07988693e-1 -1.07988693e-1
1.888848e0 1.109032e0 -9.1478444e-2 -9.1478444e-2
1.9332921e0 1.109032e0 -7.7187816e-2 -7.7187816e-2
1.977736e0 1.109032e0 -6.4871584e-2 -6.4871584e-2
2.02218e0 1.109032e0 -5.4305576e-2 -5.4305576e-2
2.066624e0 1.109032e0 -4.5282053e-2 -4.5282053e-2
2.111068e0 1.109032e0 -3.7608096e-2 -3.7608096e-2
2.1555121e0 1.109032e0 -3.1112639e-2 -3.1112639e-2
2.199956e0 1.109032e0 -2.563683e-2 -2.563683e-2

-2.2e0 1.1453949e0 -2.4388525e-2 -2.4388525e-2
-2.155556e0 1.1453949e0 -2.9598048e-2 -2.9598048e-2
-2.111112e0 1.1453949e0 -3.5777843e-2 -3.5777843e-2
-2.0666681e0 1.1453949e0 -4.3077324e-2 -4.3077324e-2
-2.0222241e0 1.1453949e0 -5.1662611e-2 -5.1662611e-2
-1.97778e0 1.1453949e0 -6.1714441e-2 -6.1714441e-2
-1.933336e0 1.1453949e0 -7.3431161e-2 -7.3431161e-2
-1.888892e0 1.1453949e0 -8.7027133e-2 -8.7027133e-2
-1.8444481e0 1.1453949e0 -1.02733092e-1 -1.02733092e-1
-1.8000041e0 1.1453949e0 -1.2079654e-1 -1.2079654e-1
-1.75556e0 1.1453949e0 -1.4147469e-1 -1.4147469e-1
-1.711116e0 1.1453949e0 -1.6504166e-1 -1.6504166e-1
-1.666672e0 1.1453949e0 -1.9177551e-1 -1.9177551e-1
-1.6222281e0 1.1453949e0 -2.2195801e-1 -2.2195801e-1
-1.5777841e0 1.1453949e0 -2.5588292e-1 -2.5588292e-1
-1.53334e0 1.1453949e0 -2.9382971e-1 -2.9382971e-1
-1.488896e0 1.1453949e0 -3.3606598e-1 -3.3606598e-1
-1.444452e0 1.1453949e0 -3.828647e-1 -3.828647e-1
-1.4000081e0 1.1453949e0 -4.3445781e-1 -4.3445781e-1
-1.3555641e0 1.1453949e0 -4.9107076e-1 -4.9107076e-1
-1.31112e0 1.1453949e0 -5.528563e-1 -5.528563e-1
-1.266676e0 1.1453949e0 -6.1996263e-1 -6.1996263e-1
-1.222232e0 1.1453949e0 -6.9247734e-1 -6.9247734e-1
-1.177788e0 1.1453949e0 -7.7042993e-1 -7.7042993e-1
-1.133344e0 1.1453949e0 -8.5376765e-1 -8.5376765e-1
-1.0889e0 1.1453949e0 -9.4239874e-1 -9.4239874e-1
-1.044456e0 1.1453949e0 -1.03613042e0 -1.03613042e0
-1.000012e0 1.1453949e0 -1.13469438e0 -1.13469438e0
-9.55568e-1 1.1453949e0 -1.2372557e0 -1.2372557e0
-9.11124e-1 1.1453949e0 -1.3449231e0 -1.3449231e0
-8.6668e-1 1.1453949e0 -1.4549954e0 -1.4549954e0
-8.22236e-1 1.1453949e0 -1.5683884e0 -1.5683884e0
-7.77792e-1 1.1453949e0 -1.6840744e0 -1.6840744e0
-7.33348e-1 1.1453949e0 -1.8009052e0 -1.8009052e0
-6.88904e-1 1.1453949e0 -1.9188806e0 -1.9188806e0
-6.4446e-1 1.1453949e0 -2.0357097e0 -2.0357097e0
-6.00016e-1 1.1453949e0 -2.1515092e0 -2.1515092e0
-5.55572e-1 1.1453949e0 -2.264904e0 -2.264904e0
-5.11128e-1 1.1453949e0 -2.374861e0 -2.374861e0
-4.66684e-1 1.1453949e0 -2.4813837e0 -2.4813837e0
-4.2224e-1 1.1453949e0 -2.5810324e0 -2.5810324e0
-3.77796e-1 1.1453949e0 -2.673809e0 -2.673809e0
-3.33352e-1 1.1453949e0 -2.7598291e0 -2.7598291e0
-2.88908e-1 1.1453949e0 -2.8378305e0 -2.8378305e0
-2.44464e-1 1.1453949e0 -2.9052946e0 -2.9052946e0
-2.0002e-1 1.1453949e0 -2.9638246e0 -2.9638246e0
-1.55576e-1 1.1453949e0 -3.0107845e0 -3.0107845e0
-1.11132e-1 1.1453949e0 -3.0473225e0 -3.0473225e0
-6.6688e-2 1.1453949e0 -3.0714902e0 -3.0714902e0
-2.2244e-2 1.1453949e0 -3.0828296e0 -3.0828296e0
2.22e-2 1.1453949e0 -3.0828296e0 -3.0828296e0
6.6644e-2 1.1453949e0 -3.0714902e0 -3.0714902e0
1.11088e-1 1.1453949e0 -3.0473225e0 -3.0473225e0
1.55532e-1 1.1453949e0 -3.0107845e0 -3.0107845e0
1.99976e-1 1.1453949e0 -2.9638246e0 -2.9638246e0
2.4442e-1 1.1453949e0 -2.9052946e0 -2.9052946e0
2.88864e-1 1.1453949e0 -2.8378305e0 -2.8378305e0
3.33308e-1 1.1453949e0 -2.7598291e0 -2.7598291e0
3.77752e-1 1.1453949e0 -2.673809e0 -2.673809e0
4.22196e-1 1.1453949e0 -2.5810324e0 -2.5810324e0
4.6664e-1 1.1453949e0 -2.4813837e0 -2.4813837e0
5.11084e-1 1.1453949e0 -2.3760075e0 -2.3760075e0
5.55528e-1 1.1453949e0 -2.264904e0 -2.264904e0
5.999721e-1 1.1453949e0 -2.1526558e0 -2.1526558e0
6.44416e-1 1.1453949e0 -2.0357097e0 -2.0357097e0
6.8886e-1 1.1453949e0 -1.9188806e0 -1.9188806e0
7.33304e-1 1.1453949e0 -1.8009052e0 -1.8009052e0
7.77748e-1 1.1453949e0 -1.6840744e0 -1.6840744e0
8.221921e-1 1.1453949e0 -1.5683884e0 -1.5683884e0
8.66636e-1 1.1453949e0 -1.4549954e0 -1.4549954e0
9.1108e-1 1.1453949e0 -1.3449231e0 -1.3449231e0
9.55524e-1 1.1453949e0 -1.2372557e0 -1.2372557e0
9.99968e-1 1.1453949e0 -1.13479593e0 -1.13479593e0
1.0444121e0 1.1453949e0 -1.03622566e0 -1.03622566e0
1.088856e0 1.1453949e0 -9.4248438e-1 -9.4248438e-1
1.1333e0 1.1453949e0 -8.5385785e-1 -8.5385785e-1
1.177744e0 1.1453949e0 -7.705154e-1 -7.705154e-1
1.222188e0 1.1453949e0 -6.925483e-1 -6.925483e-1
1.2666321e0 1.1453949e0 -6.2003133e-1 -6.2003133e-1
1.311076e0 1.1453949e0 -5.529159e-1 -5.529159e-1
1.35552e0 1.1453949e0 -4.9112039e-1 -4.9112039e-1
1.399964e0 1.1453949e0 -4.3451898e-1 -4.3451898e-1
1.444408e0 1.1453949e0 -3.8291504e-1 -3.8291504e-1
1.4888521e0 1.1453949e0 -3.3611142e-1 -3.3611142e-1
1.533296e0 1.1453949e0 -2.9386624e-1 -2.9386624e-1
1.57774e0 1.1453949e0 -2.5591734e-1 -2.5591734e-1
1.622184e0 1.1453949e0 -2.2198842e-1 -2.2198842e-1
1.666628e0 1.1453949e0 -1.9180644e-1 -1.9180644e-1
1.7110721e0 1.1453949e0 -1.6506682e-1 -1.6506682e-1
1.755516e0 1.1453949e0 -1.4149776e-1 -1.4149776e-1
1.79996e0 1.1453949e0 -1.2081506e-1 -1.2081506e-1
1.844404e0 1.1453949e0 -1.02750044e-1 -1.02750044e-1
1.888848e0 1.1453949e0 -8.7042216e-2 -8.7042216e-2
1.9332921e0 1.1453949e0 -7.344303e-2 -7.344303e-2
1.977736e0 1.1453949e0 -6.1724385e-2 -6.1724385e-2
2.02218e0 1.1453949e0 -5.167184e-2 -5.167184e-2
2.066624e0 1.1453949e0 -4.308531e-2 -4.308531e-2
2.111068e0 1.1453949e0 -3.5784291e-2 -3.5784291e-2
2.1555121e0 1.1453949e0 -2.9603413e-2 -2.9603413e-2
2.199956e0 1.1453949e0 -2.4393384e-2 -2.4393384e-2

-2.2e0 1.1817578e0 -2.3121063e-2 -2.3121063e-2
-2.155556e0 1.1817578e0 -2.8059613e-2 -2.8059613e-2
-2.111112e0 1.1817578e0 -3.3918456e-2 -3.3918456e-2
-2.0666681e0 1.1817578e0 -4.0839429e-2 -4.0839429e-2
-2.0222241e0 1.1817578e0 -4.8977287e-2 -4.8977287e-2
-1.97778e0 1.1817578e0 -5.8506836e-2 -5.8506836e-2
-1.933336e0 1.1817578e0 -6.9614597e-2 -6.9614597e-2
-1.888892e0 1.1817578e0 -8.2504156e-2 -8.2504156e-2
-1.8444481e0 1.1817578e0 -9.7394785e-2 -9.7394785e-2
-1.8000041e0 1.1817578e0 -1.14520216e-1 -1.14520216e-1
-1.75556e0 1.1817578e0 -1.3412149e-1 -1.3412149e-1
-1.711116e0 1.1817578e0 -1.5646483e-1 -1.5646483e-1
-1.666672e0 1.1817578e0 -1.8180963e-1 -1.8180963e-1
-1.6222281e0 1.1817578e0 -2.1042601e-1 -2.1042601e-1
-1.5777841e0 1.1817578e0 -2.4258679e-1 -2.4258679e-1
-1.53334e0 1.1817578e0 -2.785576e-1 -2.785576e-1
-1.488896e0 1.1817578e0 -3.1860405e-1 -3.1860405e-1
-1.444452e0 1.1817578e0 -3.6297154e-1 -3.6297154e-1
-1.4000081e0 1.1817578e0 -4.1188676e-1 -4.1188676e-1
-1.3555641e0 1.1817578e0 -4.655468e-1 -4.655468e-1
-1.31112e0 1.1817578e0 -5.2412169e-1 -5.2412169e-1
-1.266676e0 1.1817578e0 -5.8774e-1 -5.8774e-1
-1.222232e0 1.1817578e0 -6.564984e-1 -6.564984e-1
-1.177788e0 1.1817578e0 -7.3038821e-1 -7.3038821e-1
-1.133344e0 1.1817578e0 -8.0940602e-1 -8.0940602e-1
-1.0889e0 1.1817578e0 -8.9342056e-1 -8.9342056e-1
-1.044456e0 1.1817578e0 -9.82278e-1 -9.82278e-1
-1.000012e0 1.1817578e0 -1.07572482e0 -1.07572482e0
-9.55568e-1 1.1817578e0 -1.17340128e0 -1.17340128e0
-9.11124e-1 1.1817578e0 -1.2741713e0 -1.2741713e0
-8.6668e-1 1.1817578e0 -1.3792305e0 -1.3792305e0
-8.22236e-1 1.1817578e0 -1.4868881e0 -1.4868881e0
-7.77792e-1 1.1817578e0 -1.5969098e0 -1.5969098e0
-7.33348e-1 1.1817578e0 -1.7079953e0 -1.7079953e0
-6.88904e-1 1.1817578e0 -1.8190808e0 -1.8190808e0
-6.4446e-1 1.1817578e0 -1.9301646e0 -1.9301646e0
-6.00016e-1 1.1817578e0 -2.040188e0 -2.040188e0
-5.55572e-1 1.1817578e0 -2.1476094e0 -2.1476094e0
-5.11128e-1 1.1817578e0 -2.251722e0 -2.251722e0
-4.66684e-1 1.1817578e0 -2.3521721e0 -2.3521721e0
-4.2224e-1 1.1817578e0 -2.4468303e0 -2.4468303e0
-3.77796e-1 1.1817578e0 -2.5353432e0 -2.5353432e0
-3.33352e-1 1.1817578e0 -2.6170038e0 -2.6170038e0
-2.88908e-1 1.1817578e0 -2.6902722e0 -2.6902722e0
-2.44464e-1 1.1817578e0 -2.7552693e0 -2.7552693e0
-2.0002e-1 1.1817578e0 -2.809629e0 -2.809629e0
-1.55576e-1 1.1817578e0 -2.8545364e0 -2.8545364e0
-1.11132e-1 1.1817578e0 -2.8888084e0 -2.8888084e0
-6.6688e-2 1.1817578e0 -2.9112604e0 -2.9112604e0
-2.2244e-2 1.1817578e0 -2.9229597e0 -2.9229597e0
2.22e-2 1.1817578e0 -2.9229597e0 -2.9229597e0
6.6644e-2 1.1817578e0 -2.9112604e0 -2.9112604e0
1.11088e-1 1.1817578e0 -2.8888084e0 -2.8888084e0
1.55532e-1 1.1817578e0 -2.8545364e0 -2.8545364e0
1.99976e-1 1.1817578e0 -2.809629e0 -2.809629e0
2.4442e-1 1.1817578e0 -2.7552693e0 -2.7552693e0
2.88864e-1 1.1817578e0 -2.6902722e0 -2.6902722e0
3.33308e-1 1.1817578e0 -2.6170038e0 -2.6170038e0
3.77752e-1 1.1817578e0 -2.5353432e0 -2.5353432e0
4.22196e-1 1.1817578e0 -2.4468303e0 -2.4468303e0
4.6664e-1 1.1817578e0 -2.3521721e0 -2.3521721e0
5.11084e-1 1.1817578e0 -2.251722e0 -2.251722e0
5.55528e-1 1.1817578e0 -2.1476094e0 -2.1476094e0
5.999721e-1 1.1817578e0 -2.040188e0 -2.040188e0
6.44416e-1 1.1817578e0 -1.9301646e0 -1.9301646e0
6.8886e-1 1.1817578e0 -1.8190808e0 -1.8190808e0
7.33304e-1 1.1817578e0 -1.7079953e0 -1.7079953e0
7.77748e-1 1.1817578e0 -1.5969098e0 -1.5969098e0
8.221921e-1 1.1817578e0 -1.4868881e0 -1.4868881e0
8.66636e-1 1.1817578e0 -1.3792305e0 -1.3792305e0
9.1108e-1 1.1817578e0 -1.2741713e0 -1.2741713e0
9.55524e-1 1.1817578e0 -1.1735055e0 -1.1735055e0
9.99968e-1 1.1817578e0 -1.07581967e0 -1.07581967e0
1.0444121e0 1.1817578e0 -9.823651e-1 -9.823651e-1
1.088856e0 1.1817578e0 -8.9351866e-1 -8.9351866e-1
1.1333e0 1.1817578e0 -8.0947725e-1 -8.0947725e-1
1.177744e0 1.1817578e0 -7.3047044e-1 -7.3047044e-1
1.222188e0 1.1817578e0 -6.5657034e-1 -6.5657034e-1
1.2666321e0 1.1817578e0 -5.8780708e-1 -5.8780708e-1
1.311076e0 1.1817578e0 -5.2418102e-1 -5.2418102e-1
1.35552e0 1.1817578e0 -4.6559369e-1 -4.6559369e-1
1.399964e0 1.1817578e0 -4.1193509e-1 -4.1193509e-1
1.444408e0 1.1817578e0 -3.6301375e-1 -3.6301375e-1
1.4888521e0 1.1817578e0 -3.1864119e-1 -3.1864119e-1
1.533296e0 1.1817578e0 -2.7859511e-1 -2.7859511e-1
1.57774e0 1.1817578e0 -2.4261763e-1 -2.4261763e-1
1.622184e0 1.1817578e0 -2.1045503e-1 -2.1045503e-1
1.666628e0 1.1817578e0 -1.8183722e-1 -1.8183722e-1
1.7110721e0 1.1817578e0 -1.5648737e-1 -1.5648737e-1
1.755516e0 1.1817578e0 -1.3414241e-1 -1.3414241e-1
1.79996e0 1.1817578e0 -1.14537906e-1 -1.14537906e-1
1.844404e0 1.1817578e0 -9.7409787e-2 -9.7409787e-2
1.888848e0 1.1817578e0 -8.2518582e-2 -8.2518582e-2
1.9332921e0 1.1817578e0 -6.9626263e-2 -6.9626263e-2
1.977736e0 1.1817578e0 -5.8517834e-2 -5.8517834e-2
2.02218e0 1.1817578e0 -4.8986269e-2 -4.8986269e-2
2.066624e0 1.1817578e0 -4.0846065e-2 -4.0846065e-2
2.111068e0 1.1817578e0 -3.3924442e-2 -3.3924442e-2
2.1555121e0 1.1817578e0 -2.8064844e-2 -2.8064844e-2
2.199956e0 1.1817578e0 -2.312577e-2 -2.312577e-2

-2.2e0 1.2181207e0 -2.184098e-2 -2.184098e-2
-2.155556e0 1.2181207e0 -2.6506146e-2 -2.6506146e-2
-2.111112e0 1.2181207e0 -3.2040312e-2 -3.2040312e-2
-2.0666681e0 1.2181207e0 -3.8577435e-2 -3.8577435e-2
-2.0222241e0 1.2181207e0 -4.626599e-2 -4.626599e-2
-1.97778e0 1.2181207e0 -5.5267143e-2 -5.5267143e-2
-1.933336e0 1.2181207e0 -6.5760095e-2 -6.5760095e-2
-1.888892e0 1.2181207e0 -7.7936456e-2 -7.7936456e-2
-1.8444481e0 1.2181207e0 -9.2001431e-2 -9.2001431e-2
-1.8000041e0 1.2181207e0 -1.08178844e-1 -1.08178844e-1
-1.75556e0 1.2181207e0 -1.2669531e-1 -1.2669531e-1
-1.711116e0 1.2181207e0 -1.4779999e-1 -1.4779999e-1
-1.666672e0 1.2181207e0 -1.7174216e-1 -1.7174216e-1
-1.6222281e0 1.2181207e0 -1.987737e-1 -1.987737e-1
-1.5777841e0 1.2181207e0 -2.2915237e-1 -2.2915237e-1
-1.53334e0 1.2181207e0 -2.6313286e-1 -2.6313286e-1
-1.488896e0 1.2181207e0 -3.0095677e-1 -3.0095677e-1
-1.444452e0 1.2181207e0 -3.428678e-1 -3.428678e-1
-1.4000081e0 1.2181207e0 -3.890743e-1 -3.890743e-1
-1.3555641e0 1.2181207e0 -4.3977031e-1 -4.3977031e-1
-1.31112e0 1.2181207e0 -4.9510509e-1 -4.9510509e-1
-1.266676e0 1.2181207e0 -5.552043e-1 -5.552043e-1
-1.222232e0 1.2181207e0 -6.2013576e-1 -6.2013576e-1
-1.177788e0 1.2181207e0 -6.8995154e-1 -6.8995154e-1
-1.133344e0 1.2181207e0 -7.645795e-1 -7.645795e-1
-1.0889e0 1.2181207e0 -8.4395218e-1 -8.4395218e-1
-1.044456e0 1.2181207e0 -9.2789597e-1 -9.2789597e-1
-1.000012e0 1.2181207e0 -1.01615678e0 -1.01615678e0
-9.55568e-1 1.2181207e0 -1.10843074e0 -1.10843074e0
-9.11124e-1 1.2181207e0 -1.204313e0 -1.204313e0
-8.6668e-1 1.2181207e0 -1.3037555e0 -1.3037555e0
-8.22236e-1 1.2181207e0 -1.4048598e0 -1.4048598e0
-7.77792e-1 1.2181207e0 -1.508399e0 -1.508399e0
-7.33348e-1 1.2181207e0 -1.6131575e0 -1.6131575e0
-6.88904e-1 1.2181207e0 -1.7177953e0 -1.7177953e0
-6.4446e-1 1.2181207e0 -1.8238939e0 -1.8238939e0
-6.00016e-1 1.2181207e0 -1.927433e0 -1.927433e0
-5.55572e-1 1.2181207e0 -2.0285374e0 -2.0285374e0
-5.11128e-1 1.2181207e0 -2.1273276e0 -2.1273276e0
-4.66684e-1 1.2181207e0 -2.2211215e0 -2.2211215e0
-4.2224e-1 1.2181207e0 -2.3112633e0 -2.3112633e0
-3.77796e-1 1.2181207e0 -2.3953139e0 -2.3953139e0
-3.33352e-1 1.2181207e0 -2.4720561e0 -2.4720561e0
-2.88908e-1 1.2181207e0 -2.5416107e0 -2.5416107e0
-2.44464e-1 1.2181207e0 -2.6023941e0 -2.6023941e0
-2.0002e-1 1.2181207e0 -2.6536777e0 -2.6536777e0
-1.55576e-1 1.2181207e0 -2.69619e0 -2.69619e0
-1.11132e-1 1.2181207e0 -2.7278606e0 -2.7278606e0
-6.6688e-2 1.2181207e0 -2.7499084e0 -2.7499084e0
-2.2244e-2 1.2181207e0 -2.7608711e0 -2.7608711e0
2.22e-2 1.2181207e0 -2.7608711e0 -2.7608711e0
6.6644e-2 1.2181207e0 -2.7499084e0 -2.7499084e0
1.11088e-1 1.2181207e0 -2.7278606e0 -2.7278606e0
1.55532e-1 1.2181207e0 -2.69619e0 -2.69619e0
1.99976e-1 1.2181207e0 -2.6536777e0 -2.6536777e0
2.4442e-1 1.2181207e0 -2.6023941e0 -2.6023941e0
2.88864e-1 1.2181207e0 -2.5416107e0 -2.5416107e0
3.33308e-1 1.2181207e0 -2.4720561e0 -2.4720561e0
3.77752e-1 1.2181207e0 -2.3953139e0 -2.3953139e0
4.22196e-1 1.2181207e0 -2.3112633e0 -2.3112633e0
4.6664e-1 1.2181207e0 -2.2222182e0 -2.2222182e0
5.11084e-1 1.2181207e0 -2.1273276e0 -2.1273276e0
5.55528e-1 1.2181207e0 -2.0285374e0 -2.0285374e0
5.999721e-1 1.2181207e0 -1.927433e0 -1.927433e0
6.44416e-1 1.2181207e0 -1.8238939e0 -1.8238939e0
6.8886e-1 1.2181207e0 -1.7177953e0 -1.7177953e0
7.33304e-1 1.2181207e0 -1.6131575e0 -1.6131575e0
7.77748e-1 1.2181207e0 -1.508399e0 -1.508399e0
8.221921e-1 1.2181207e0 -1.4048598e0 -1.4048598e0
8.66636e-1 1.2181207e0 -1.3037555e0 -1.3037555e0
9.1108e-1 1.2181207e0 -1.20439497e0 -1.20439497e0
9.55524e-1 1.2181207e0 -1.10851532e0 -1.10851532e0
9.99968e-1 1.2181207e0 -1.01624489e0 -1.01624489e0
1.0444121e0 1.2181207e0 -9.2798073e-1 -9.2798073e-1
1.088856e0 1.2181207e0 -8.4403004e-1 -8.4403004e-1
1.1333e0 1.2181207e0 -7.64665e-1 -7.64665e-1
1.177744e0 1.2181207e0 -6.9002142e-1 -6.9002142e-1
1.222188e0 1.2181207e0 -6.202062e-1 -6.202062e-1
1.2666321e0 1.2181207e0 -5.5525652e-1 -5.5525652e-1
1.311076e0 1.2181207e0 -4.9515695e-1 -4.9515695e-1
1.35552e0 1.2181207e0 -4.398177e-1 -4.398177e-1
1.399964e0 1.2181207e0 -3.8912653e-1 -3.8912653e-1
1.444408e0 1.2181207e0 -3.4291743e-1 -3.4291743e-1
1.4888521e0 1.2181207e0 -3.0100175e-1 -3.0100175e-1
1.533296e0 1.2181207e0 -2.6316502e-1 -2.6316502e-1
1.57774e0 1.2181207e0 -2.2918398e-1 -2.2918398e-1
1.622184e0 1.2181207e0 -1.9880287e-1 -1.9880287e-1
1.666628e0 1.2181207e0 -1.7176521e-1 -1.7176521e-1
1.7110721e0 1.2181207e0 -1.478236e-1 -1.478236e-1
1.755516e0 1.2181207e0 -1.2671632e-1 -1.2671632e-1
1.79996e0 1.2181207e0 -1.0819587e-1 -1.0819587e-1
1.844404e0 1.2181207e0 -9.201656e-2 -9.201656e-2
1.888848e0 1.2181207e0 -7.7949449e-2 -7.7949449e-2
1.9332921e0 1.2181207e0 -6.5771117e-2 -6.5771117e-2
1.977736e0 1.2181207e0 -5.5276735e-2 -5.5276735e-2
2.02218e0 1.2181207e0 -4.6274373e-2 -4.6274373e-2
2.066624e0 1.2181207e0 -3.858446e-2 -3.858446e-2
2.111068e0 1.2181207e0 -3.2046426e-2 -3.2046426e-2
2.1555121e0 1.2181207e0 -2.6510979e-2 -2.6510979e-2
2.199956e0 1.2181207e0 -2.1845107e-2 -2.1845107e-2

-2.2e0 1.2544836e0 -2.0558755e-2 -2.0558755e-2
-2.155556e0 1.2544836e0 -2.4949829e-2 -2.4949829e-2
-2.111112e0 1.2544836e0 -3.0159946e-2 -3.0159946e-2
-2.0666681e0 1.2544836e0 -3.6312973e-2 -3.6312973e-2
-2.0222241e0 1.2544836e0 -4.3550081e-2 -4.3550081e-2
-1.97778e0 1.2544836e0 -5.2023068e-2 -5.2023068e-2
-1.933336e0 1.2544836e0 -6.1899901e-2 -6.1899901e-2
-1.888892e0 1.2544836e0 -7.3361491e-2 -7.3361491e-2
-1.8444481e0 1.2544836e0 -8.6600867e-2 -8.6600867e-2
-1.8000041e0 1.2544836e0 -1.01827974e-1 -1.01827974e-1
-1.75556e0 1.2544836e0 -1.19261548e-1 -1.19261548e-1
-1.711116e0 1.2544836e0 -1.391244e-1 -1.391244e-1
-1.666672e0 1.2544836e0 -1.6166035e-1 -1.6166035e-1
-1.6222281e0 1.2544836e0 -1.871051e-1 -1.871051e-1
-1.5777841e0 1.2544836e0 -2.1570193e-1 -2.1570193e-1
-1.53334e0 1.2544836e0 -2.4768785e-1 -2.4768785e-1
-1.488896e0 1.2544836e0 -2.8329234e-1 -2.8329234e-1
-1.444452e0 1.2544836e0 -3.2274281e-1 -3.2274281e-1
-1.4000081e0 1.2544836e0 -3.662351e-1 -3.662351e-1
-1.3555641e0 1.2544836e0 -4.1395068e-1 -4.1395068e-1
-1.31112e0 1.2544836e0 -4.6603577e-1 -4.6603577e-1
-1.266676e0 1.2544836e0 -5.2261308e-1 -5.2261308e-1
-1.222232e0 1.2544836e0 -5.8373715e-1 -5.8373715e-1
-1.177788e0 1.2544836e0 -6.4945012e-1 -6.4945012e-1
-1.133344e0 1.2544836e0 -7.1969934e-1 -7.1969934e-1
-1.0889e0 1.2544836e0 -7.9441531e-1 -7.9441531e-1
-1.044456e0 1.2544836e0 -8.7342825e-1 -8.7342825e-1
-1.000012e0 1.2544836e0 -9.5651038e-1 -9.5651038e-1
-9.55568e-1 1.2544836e0 -1.04336365e0 -1.04336365e0
-9.11124e-1 1.2544836e0 -1.13362227e0 -1.13362227e0
-8.6668e-1 1.2544836e0 -1.226823e0 -1.226823e0
-8.22236e-1 1.2544836e0 -1.3224768e0 -1.3224768e0
-7.77792e-1 1.2544836e0 -1.4189462e0 -1.4189462e0
-7.33348e-1 1.2544836e0 -1.518176e0 -1.518176e0
-6.88904e-1 1.2544836e0 -1.6172792e0 -1.6172792e0
-6.4446e-1 1.2544836e0 -1.716509e0 -1.716509e0
-6.00016e-1 1.2544836e0 -1.814234e0 -1.814234e0
-5.55572e-1 1.2544836e0 -1.909574e0 -1.909574e0
-5.11128e-1 1.2544836e0 -2.0026572e0 -2.0026572e0
-4.66684e-1 1.2544836e0 -2.0916e0 -2.0916e0
-4.2224e-1 1.2544836e0 -2.1756502e0 -2.1756502e0
-3.77796e-1 1.2544836e0 -2.2546832e0 -2.2546832e0
-3.33352e-1 1.2544836e0 -2.3263141e0 -2.3263141e0
-2.88908e-1 1.2544836e0 -2.3915459e0 -2.3915459e0
-2.44464e-1 1.2544836e0 -2.449253e0 -2.449253e0
-2.0002e-1 1.2544836e0 -2.4981776e0 -2.4981776e0
-1.55576e-1 1.2544836e0 -2.5384464e0 -2.5384464e0
-1.11132e-1 1.2544836e0 -2.5684283e0 -2.5684283e0
-6.6688e-2 1.2544836e0 -2.5885005e0 -2.5885005e0
-2.2244e-2 1.2544836e0 -2.5985367e0 -2.5985367e0
2.22e-2 1.2544836e0 -2.5985367e0 -2.5985367e0
6.6644e-2 1.2544836e0 -2.5885005e0 -2.5885005e0
1.11088e-1 1.2544836e0 -2.5684283e0 -2.5684283e0
1.55532e-1 1.2544836e0 -2.5384464e0 -2.5384464e0
1.99976e-1 1.2544836e0 -2.4981776e0 -2.4981776e0
2.4442e-1 1.2544836e0 -2.449253e0 -2.449253e0
2.88864e-1 1.2544836e0 -2.3915459e0 -2.3915459e0
3.33308e-1 1.2544836e0 -2.3263141e0 -2.3263141e0
3.77752e-1 1.2544836e0 -2.2546832e0 -2.2546832e0
4.22196e-1 1.2544836e0 -2.1756502e0 -2.1756502e0
4.6664e-1 1.2544836e0 -2.0916e0 -2.0916e0
5.11084e-1 1.2544836e0 -2.0026572e0 -2.0026572e0
5.55528e-1 1.2544836e0 -1.909574e0 -1.909574e0
5.999721e-1 1.2544836e0 -1.814234e0 -1.814234e0
6.44416e-1 1.2544836e0 -1.716509e0 -1.716509e0
6.8886e-1 1.2544836e0 -1.6172792e0 -1.6172792e0
7.33304e-1 1.2544836e0 -1.518176e0 -1.518176e0
7.77748e-1 1.2544836e0 -1.4203264e0 -1.4203264e0
8.221921e-1 1.2544836e0 -1.3224768e0 -1.3224768e0
8.66636e-1 1.2544836e0 -1.22690587e0 -1.22690587e0
9.1108e-1 1.2544836e0 -1.1337015e0 -1.1337015e0
9.55524e-1 1.2544836e0 -1.04344635e0 -1.04344635e0
9.99968e-1 1.2544836e0 -9.5658522e-1 -9.5658522e-1
1.0444121e0 1.2544836e0 -8.735121e-1 -8.735121e-1
1.088856e0 1.2544836e0 -7.9449359e-1 -7.9449359e-1
1.1333e0 1.2544836e0 -7.1977878e-1 -7.1977878e-1
1.177744e0 1.2544836e0 -6.4952019e-1 -6.4952019e-1
1.222188e0 1.2544836e0 -5.8380339e-1 -5.8380339e-1
1.2666321e0 1.2544836e0 -5.2266763e-1 -5.2266763e-1
1.311076e0 1.2544836e0 -4.660909e-1 -4.660909e-1
1.35552e0 1.2544836e0 -4.1400275e-1 -4.1400275e-1
1.399964e0 1.2544836e0 -3.6627953e-1 -3.6627953e-1
1.444408e0 1.2544836e0 -3.2278972e-1 -3.2278972e-1
1.4888521e0 1.2544836e0 -2.8333177e-1 -2.8333177e-1
1.533296e0 1.2544836e0 -2.4771962e-1 -2.4771962e-1
1.57774e0 1.2544836e0 -2.1573256e-1 -2.1573256e-1
1.622184e0 1.2544836e0 -1.8713036e-1 -1.8713036e-1
1.666628e0 1.2544836e0 -1.616839e-1 -1.616839e-1
1.7110721e0 1.2544836e0 -1.3914624e-1 -1.3914624e-1
1.755516e0 1.2544836e0 -1.19280019e-1 -1.19280019e-1
1.79996e0 1.2544836e0 -1.01844856e-1 -1.01844856e-1
1.844404e0 1.2544836e0 -8.6615453e-2 -8.6615453e-2
1.888848e0 1.2544836e0 -7.3372804e-2 -7.3372804e-2
1.9332921e0 1.2544836e0 -6.1910582e-2 -6.1910582e-2
1.977736e0 1.2544836e0 -5.2032141e-2 -5.2032141e-2
2.02218e0 1.2544836e0 -4.3558064e-2 -4.3558064e-2
2.066624e0 1.2544836e0 -3.631994e-2 -3.631994e-2
2.111068e0 1.2544836e0 -3.016517e-2 -3.016517e-2
2.1555121e0 1.2544836e0 -2.4954709e-2 -2.4954709e-2
2.199956e0 1.2544836e0 -2.0562833e-2 -2.0562833e-2

-2.2e0 1.2908464e0 -1.9284517e-2 -1.9284517e-2
-2.155556e0 1.2908464e0 -2.34036e-2 -2.34036e-2
-2.111112e0 1.2908464e0 -2.8290541e-2 -2.8290541e-2
-2.0666681e0 1.2908464e0 -3.4062338e-2 -3.4062338e-2
-2.0222241e0 1.2908464e0 -4.0850745e-2 -4.0850745e-2
-1.97778e0 1.2908464e0 -4.8798758e-2 -4.8798758e-2
-1.933336e0 1.2908464e0 -5.806334e-2 -5.806334e-2
-1.888892e0 1.2908464e0 -6.8814597e-2 -6.8814597e-2
-1.8444481e0 1.2908464e0 -8.123322e-2 -8.123322e-2
-1.8000041e0 1.2908464e0 -9.5517993e-2 -9.5517993e-2
-1.75556e0 1.2908464e0 -1.11869624e-1 -1.11869624e-1
-1.711116e0 1.2908464e0 -1.3050278e-1 -1.3050278e-1
-1.666672e0 1.2908464e0 -1.5164095e-1 -1.5164095e-1
-1.6222281e0 1.2908464e0 -1.7550906e-1 -1.7550906e-1
-1.5777841e0 1.2908464e0 -2.0233112e-1 -2.0233112e-1
-1.53334e0 1.2908464e0 -2.3233499e-1 -2.3233499e-1
-1.488896e0 1.2908464e0 -2.6573495e-1 -2.6573495e-1
-1.444452e0 1.2908464e0 -3.0273866e-1 -3.0273866e-1
-1.4000081e0 1.2908464e0 -3.4353653e-1 -3.4353653e-1
-1.3555641e0 1.2908464e0 -3.8829898e-1 -3.8829898e-1
-1.31112e0 1.2908464e0 -4.3715717e-1 -4.3715717e-1
-1.266676e0 1.2908464e0 -4.902204e-1 -4.902204e-1
-1.222232e0 1.2908464e0 -5.4755862e-1 -5.4755862e-1
-1.177788e0 1.2908464e0 -6.0919685e-1 -6.0919685e-1
-1.133344e0 1.2908464e0 -6.750886e-1 -6.750886e-1
-1.0889e0 1.2908464e0 -7.451779e-1 -7.451779e-1
-1.044456e0 1.2908464e0 -8.1929225e-1 -8.1929225e-1
-1.000012e0 1.2908464e0 -8.9722224e-1 -8.9722224e-1
-9.55568e-1 1.2908464e0 -9.7869096e-1 -9.7869096e-1
-9.11124e-1 1.2908464e0 -1.06335153e0 -1.06335153e0
-8.6668e-1 1.2908464e0 -1.15078305e0 -1.15078305e0
-8.22236e-1 1.2908464e0 -1.24047949e0 -1.24047949e0
-7.77792e-1 1.2908464e0 -1.3311201e0 -1.3311201e0
-7.33348e-1 1.2908464e0 -1.4240613e0 -1.4240613e0
-6.88904e-1 1.2908464e0 -1.5170023e0 -1.5170023e0
-6.4446e-1 1.2908464e0 -1.6100734e0 -1.6100734e0
-6.00016e-1 1.2908464e0 -1.7015944e0 -1.7015944e0
-5.55572e-1 1.2908464e0 -1.790791e0 -1.790791e0
-5.11128e-1 1.2908464e0 -1.8784396e0 -1.8784396e0
-4.66684e-1 1.2908464e0 -1.9611818e0 -1.9611818e0
-4.2224e-1 1.2908464e0 -2.0400534e0 -2.0400534e0
-3.77796e-1 1.2908464e0 -2.1147928e0 -2.1147928e0
-3.33352e-1 1.2908464e0 -2.1820473e0 -2.1820473e0
-2.88908e-1 1.2908464e0 -2.2438774e0 -2.2438774e0
-2.44464e-1 1.2908464e0 -2.2968025e0 -2.2968025e0
-2.0002e-1 1.2908464e0 -2.3432732e0 -2.3432732e0
-1.55576e-1 1.2908464e0 -2.3807068e0 -2.3807068e0
-1.11132e-1 1.2908464e0 -2.4091055e0 -2.4091055e0
-6.6688e-2 1.2908464e0 -2.4285974e0 -2.4285974e0
-2.2244e-2 1.2908464e0 -2.4376343e0 -2.4376343e0
2.22e-2 1.2908464e0 -2.4376343e0 -2.4376343e0
6.6644e-2 1.2908464e0 -2.4285974e0 -2.4285974e0
1.11088e-1 1.2908464e0 -2.4091055e0 -2.4091055e0
1.55532e-1 1.2908464e0 -2.3807068e0 -2.3807068e0
1.99976e-1 1.2908464e0 -2.3432732e0 -2.3432732e0
2.4442e-1 1.2908464e0 -2.2968025e0 -2.2968025e0
2.88864e-1 1.2908464e0 -2.2438774e0 -2.2438774e0
3.33308e-1 1.2908464e0 -2.1820473e0 -2.1820473e0
3.77752e-1 1.2908464e0 -2.1147928e0 -2.1147928e0
4.22196e-1 1.2908464e0 -2.0412155e0 -2.0412155e0
4.6664e-1 1.2908464e0 -1.9611818e0 -1.9611818e0
5.11084e-1 1.2908464e0 -1.8784396e0 -1.8784396e0
5.55528e-1 1.2908464e0 -1.790791e0 -1.790791e0
5.999721e-1 1.2908464e0 -1.7015944e0 -1.7015944e0
6.44416e-1 1.2908464e0 -1.6100734e0 -1.6100734e0
6.8886e-1 1.2908464e0 -1.5170023e0 -1.5170023e0
7.33304e-1 1.2908464e0 -1.4240613e0 -1.4240613e0
7.77748e-1 1.2908464e0 -1.3311201e0 -1.3311201e0
8.221921e-1 1.2908464e0 -1.24057265e0 -1.24057265e0
8.66636e-1 1.2908464e0 -1.150864e0 -1.150864e0
9.1108e-1 1.2908464e0 -1.06343327e0 -1.06343327e0
9.55524e-1 1.2908464e0 -9.7877132e-1 -9.7877132e-1
9.99968e-1 1.2908464e0 -8.9730438e-1 -8.9730438e-1
1.0444121e0 1.2908464e0 -8.1936552e-1 -8.1936552e-1
1.088856e0 1.2908464e0 -7.4524644e-1 -7.4524644e-1
1.1333e0 1.2908464e0 -6.751658e-1 -6.751658e-1
1.177744e0 1.2908464e0 -6.092585e-1 -6.092585e-1
1.222188e0 1.2908464e0 -5.4761575e-1 -5.4761575e-1
1.2666321e0 1.2908464e0 -4.9027182e-1 -4.9027182e-1
1.311076e0 1.2908464e0 -4.372005e-1 -4.372005e-1
1.35552e0 1.2908464e0 -3.8834015e-1 -3.8834015e-1
1.399964e0 1.2908464e0 -3.4358183e-1 -3.4358183e-1
1.444408e0 1.2908464e0 -3.027816e-1 -3.027816e-1
1.4888521e0 1.2908464e0 -2.6577219e-1 -2.6577219e-1
1.533296e0 1.2908464e0 -2.3236473e-1 -2.3236473e-1
1.57774e0 1.2908464e0 -2.0236008e-1 -2.0236008e-1
1.622184e0 1.2908464e0 -1.7553409e-1 -1.7553409e-1
1.666628e0 1.2908464e0 -1.516632e-1 -1.516632e-1
1.7110721e0 1.2908464e0 -1.305219e-1 -1.305219e-1
1.755516e0 1.2908464e0 -1.11886288e-1 -1.11886288e-1
1.79996e0 1.2908464e0 -9.5532352e-2 -9.5532352e-2
1.844404e0 1.2908464e0 -8.124685e-2 -8.124685e-2
1.888848e0 1.2908464e0 -6.8825665e-2 -6.8825665e-2
1.9332921e0 1.2908464e0 -5.8073624e-2 -5.8073624e-2
1.977736e0 1.2908464e0 -4.8807248e-2 -4.8807248e-2
2.02218e0 1.2908464e0 -4.0858328e-2 -4.0858328e-2
2.066624e0 1.2908464e0 -3.4068701e-2 -3.4068701e-2
2.111068e0 1.2908464e0 -2.8295682e-2 -2.8295682e-2
2.1555121e0 1.2908464e0 -2.3407933e-2 -2.3407933e-2
2.199956e0 1.2908464e0 -1.9288318e-2 -1.9288318e-2

-2.2e0 1.3272093e0 -1.8027252e-2 -1.8027252e-2
-2.155556e0 1.3272093e0 -2.1877489e-2 -2.1877489e-2
-2.111112e0 1.3272093e0 -2.6445866e-2 -2.6445866e-2
-2.0666681e0 1.3272093e0 -3.1841362e-2 -3.1841362e-2
-2.0222241e0 1.3272093e0 -3.8187123e-2 -3.8187123e-2
-1.97778e0 1.3272093e0 -4.561764e-2 -4.561764e-2
-1.933336e0 1.3272093e0 -5.4277815e-2 -5.4277815e-2
-1.888892e0 1.3272093e0 -6.4327798e-2 -6.4327798e-2
-1.8444481e0 1.3272093e0 -7.5936609e-2 -7.5936609e-2
-1.8000041e0 1.3272093e0 -8.9290823e-2 -8.9290823e-2
-1.75556e0 1.3272093e0 -1.04575989e-1 -1.04575989e-1
-1.711116e0 1.3272093e0 -1.21995128e-1 -1.21995128e-1
-1.666672e0 1.3272093e0 -1.4175578e-1 -1.4175578e-1
-1.6222281e0 1.3272093e0 -1.6406476e-1 -1.6406476e-1
-1.5777841e0 1.3272093e0 -1.8914253e-1 -1.8914253e-1
-1.53334e0 1.3272093e0 -2.1718555e-1 -2.1718555e-1
-1.488896e0 1.3272093e0 -2.4841028e-1 -2.4841028e-1
-1.444452e0 1.3272093e0 -2.8300165e-1 -2.8300165e-1
-1.4000081e0 1.3272093e0 -3.2113828e-1 -3.2113828e-1
-1.3555641e0 1.3272093e0 -3.6297586e-1 -3.6297586e-1
-1.31112e0 1.3272093e0 -4.086483e-1 -4.086483e-1
-1.266676e0 1.3272093e0 -4.5825868e-1 -4.5825868e-1
-1.222232e0 1.3272093e0 -5.1185982e-1 -5.1185982e-1
-1.177788e0 1.3272093e0 -5.694799e-1 -5.694799e-1
-1.133344e0 1.3272093e0 -6.3107437e-1 -6.3107437e-1
-1.0889e0 1.3272093e0 -6.9659299e-1 -6.9659299e-1
-1.044456e0 1.3272093e0 -7.6587373e-1 -7.6587373e-1
-1.000012e0 1.3272093e0 -8.3873274e-1 -8.3873274e-1
-9.55568e-1 1.3272093e0 -9.148867e-1 -9.148867e-1
-9.11124e-1 1.3272093e0 -9.9402594e-1 -9.9402594e-1
-8.6668e-1 1.3272093e0 -1.07574847e0 -1.07574847e0
-8.22236e-1 1.3272093e0 -1.15960005e0 -1.15960005e0
-7.77792e-1 1.3272093e0 -1.24507663e0 -1.24507663e0
-7.33348e-1 1.3272093e0 -1.3313245e0 -1.3313245e0
-6.88904e-1 1.3272093e0 -1.4175923e0 -1.4175923e0
-6.4446e-1 1.3272093e0 -1.5053203e0 -1.5053203e0
-6.00016e-1 1.3272093e0 -1.5903952e0 -1.5903952e0
-5.55572e-1 1.3272093e0 -1.6740102e0 -1.6740102e0
-5.11128e-1 1.3272093e0 -1.7548363e0 -1.7548363e0
-4.66684e-1 1.3272093e0 -1.8331412e0 -1.8331412e0
-4.2224e-1 1.3272093e0 -1.9074646e0 -1.9074646e0
-3.77796e-1 1.3272093e0 -1.9766138e0 -1.9766138e0
-3.33352e-1 1.3272093e0 -2.0403192e0 -2.0403192e0
-2.88908e-1 1.3272093e0 -2.0975218e0 -2.0975218e0
-2.44464e-1 1.3272093e0 -2.1478229e0 -2.1478229e0
-2.0002e-1 1.3272093e0 -2.1904262e0 -2.1904262e0
-1.55576e-1 1.3272093e0 -2.2248012e0 -2.2248012e0
-1.11132e-1 1.3272093e0 -2.251345e0 -2.251345e0
-6.6688e-2 1.3272093e0 -2.2700595e0 -2.2700595e0
-2.2244e-2 1.3272093e0 -2.2793489e0 -2.2793489e0
2.22e-2 1.3272093e0 -2.2793489e0 -2.2793489e0
6.6644e-2 1.3272093e0 -2.2700595e0 -2.2700595e0
1.11088e-1 1.3272093e0 -2.251345e0 -2.251345e0
1.55532e-1 1.3272093e0 -2.2248012e0 -2.2248012e0
1.99976e-1 1.3272093e0 -2.1904262e0 -2.1904262e0
2.4442e-1 1.3272093e0 -2.1478229e0 -2.1478229e0
2.88864e-1 1.3272093e0 -2.0975218e0 -2.0975218e0
3.33308e-1 1.3272093e0 -2.0403192e0 -2.0403192e0
3.77752e-1 1.3272093e0 -1.9766138e0 -1.9766138e0
4.22196e-1 1.3272093e0 -1.9074646e0 -1.9074646e0
4.6664e-1 1.3272093e0 -1.8331412e0 -1.8331412e0
5.11084e-1 1.3272093e0 -1.7561627e0 -1.7561627e0
5.55528e-1 1.3272093e0 -1.6740102e0 -1.6740102e0
5.999721e-1 1.3272093e0 -1.5903952e0 -1.5903952e0
6.44416e-1 1.3272093e0 -1.5053203e0 -1.5053203e0
6.8886e-1 1.3272093e0 -1.4175923e0 -1.4175923e0
7.33304e-1 1.3272093e0 -1.3313245e0 -1.3313245e0
7.77748e-1 1.3272093e0 -1.24515541e0 -1.24515541e0
8.221921e-1 1.3272093e0 -1.15968755e0 -1.15968755e0
8.66636e-1 1.3272093e0 -1.07583272e0 -1.07583272e0
9.1108e-1 1.3272093e0 -9.9410614e-1 -9.9410614e-1
9.55524e-1 1.3272093e0 -9.1495697e-1 -9.1495697e-1
9.99968e-1 1.3272093e0 -8.3880707e-1 -8.3880707e-1
1.0444121e0 1.3272093e0 -7.6594482e-1 -7.6594482e-1
1.088856e0 1.3272093e0 -6.9665515e-1 -6.9665515e-1
1.1333e0 1.3272093e0 -6.3114505e-1 -6.3114505e-1
1.177744e0 1.3272093e0 -5.6954086e-1 -5.6954086e-1
1.222188e0 1.3272093e0 -5.1191066e-1 -5.1191066e-1
1.2666321e0 1.3272093e0 -4.583091e-1 -4.583091e-1
1.311076e0 1.3272093e0 -4.0869954e-1 -4.0869954e-1
1.35552e0 1.3272093e0 -3.6302144e-1 -3.6302144e-1
1.399964e0 1.3272093e0 -3.2118242e-1 -3.2118242e-1
1.444408e0 1.3272093e0 -2.830379e-1 -2.830379e-1
1.4888521e0 1.3272093e0 -2.4844228e-1 -2.4844228e-1
1.533296e0 1.3272093e0 -2.1721571e-1 -2.1721571e-1
1.57774e0 1.3272093e0 -1.8916643e-1 -1.8916643e-1
1.622184e0 1.3272093e0 -1.6408784e-1 -1.6408784e-1
1.666628e0 1.3272093e0 -1.4177402e-1 -1.4177402e-1
1.7110721e0 1.3272093e0 -1.22013759e-1 -1.22013759e-1
1.755516e0 1.3272093e0 -1.04592252e-1 -1.04592252e-1
1.79996e0 1.3272093e0 -8.9304472e-2 -8.9304472e-2
1.844404e0 1.3272093e0 -7.594963e-2 -7.594963e-2
1.888848e0 1.3272093e0 -6.4338553e-2 -6.4338553e-2
1.9332921e0 1.3272093e0 -5.428691e-2 -5.428691e-2
1.977736e0 1.3272093e0 -4.5624951e-2 -4.5624951e-2
2.02218e0 1.3272093e0 -3.8194312e-2 -3.8194312e-2
2.066624e0 1.3272093e0 -3.1847559e-2 -3.1847559e-2
2.111068e0 1.3272093e0 -2.6450708e-2 -2.6450708e-2
2.1555121e0 1.3272093e0 -2.1882066e-2 -2.1882066e-2
2.199956e0 1.3272093e0 -1.8030939e-2 -1.8030939e-2

-2.2e0 1.3635722e0 -1.6794835e-2 -1.6794835e-2
-2.155556e0 1.3635722e0 -2.038185e-2 -2.038185e-2
-2.111112e0 1.3635722e0 -2.4637874e-2 -2.4637874e-2
-2.0666681e0 1.3635722e0 -2.9664738e-2 -2.9664738e-2
-2.0222241e0 1.3635722e0 -3.5576729e-2 -3.5576729e-2
-1.97778e0 1.3635722e0 -4.2498146e-2 -4.2498146e-2
-1.933336e0 1.3635722e0 -5.0566458e-2 -5.0566458e-2
-1.888892e0 1.3635722e0 -5.9929556e-2 -5.9929556e-2
-1.8444481e0 1.3635722e0 -7.0746027e-2 -7.0746027e-2
-1.8000041e0 1.3635722e0 -8.3184404e-2 -8.3184404e-2
-1.75556e0 1.3635722e0 -9.7427055e-2 -9.7427055e-2
-1.711116e0 1.3635722e0 -1.13655165e-1 -1.13655165e-1
-1.666672e0 1.3635722e0 -1.32064166e-1 -1.32064166e-1
-1.6222281e0 1.3635722e0 -1.5284846e-1 -1.5284846e-1
-1.5777841e0 1.3635722e0 -1.762056e-1 -1.762056e-1
-1.53334e0 1.3635722e0 -2.0233769e-1 -2.0233769e-1
-1.488896e0 1.3635722e0 -2.3142847e-1 -2.3142847e-1
-1.444452e0 1.3635722e0 -2.6365393e-1 -2.6365393e-1
-1.4000081e0 1.3635722e0 -2.9918202e-1 -2.9918202e-1
-1.3555641e0 1.3635722e0 -3.3816232e-1 -3.3816232e-1
-1.31112e0 1.3635722e0 -3.8071237e-1 -3.8071237e-1
-1.266676e0 1.3635722e0 -4.2692563e-1 -4.2692563e-1
-1.222232e0 1.3635722e0 -4.7686697e-1 -4.7686697e-1
-1.177788e0 1.3635722e0 -5.3053912e-1 -5.3053912e-1
-1.133344e0 1.3635722e0 -5.8793877e-1 -5.8793877e-1
-1.0889e0 1.3635722e0 -6.4896872e-1 -6.4896872e-1
-1.044456e0 1.3635722e0 -7.1351184e-1 -7.1351184e-1
-1.000012e0 1.3635722e0 -7.8137796e-1 -7.8137796e-1
-9.55568e-1 1.3635722e0 -8.523303e-1 -8.523303e-1
-9.11124e-1 1.3635722e0 -9.2606302e-1 -9.2606302e-1
-8.6668e-1 1.3635722e0 -1.00220782e0 -1.00220782e0
-8.22236e-1 1.3635722e0 -1.08032965e0 -1.08032965e0
-7.77792e-1 1.3635722e0 -1.15994727e0 -1.15994727e0
-7.33348e-1 1.3635722e0 -1.24053987e0 -1.24053987e0
-6.88904e-1 1.3635722e0 -1.32146935e0 -1.32146935e0
-6.4446e-1 1.3635722e0 -1.4018898e0 -1.4018898e0
-6.00016e-1 1.3635722e0 -1.4809752e0 -1.4809752e0
-5.55572e-1 1.3635722e0 -1.5603352e0 -1.5603352e0
-5.11128e-1 1.3635722e0 -1.6351968e0 -1.6351968e0
-4.66684e-1 1.3635722e0 -1.7076013e0 -1.7076013e0
-4.2224e-1 1.3635722e0 -1.777145e0 -1.777145e0
-3.77796e-1 1.3635722e0 -1.8412329e0 -1.8412329e0
-3.33352e-1 1.3635722e0 -1.8998656e0 -1.8998656e0
-2.88908e-1 1.3635722e0 -1.9544077e0 -1.9544077e0
-2.44464e-1 1.3635722e0 -2.0007707e0 -2.0007707e0
-2.0002e-1 1.3635722e0 -2.0403134e0 -2.0403134e0
-1.55576e-1 1.3635722e0 -2.0729025e0 -2.0729025e0
-1.11132e-1 1.3635722e0 -2.097448e0 -2.097448e0
-6.6688e-2 1.3635722e0 -2.1139474e0 -2.1139474e0
-2.2244e-2 1.3635722e0 -2.1234914e0 -2.1234914e0
2.22e-2 1.3635722e0 -2.1234914e0 -2.1234914e0
6.6644e-2 1.3635722e0 -2.1139474e0 -2.1139474e0
1.11088e-1 1.3635722e0 -2.097448e0 -2.097448e0
1.55532e-1 1.3635722e0 -2.0729025e0 -2.0729025e0
1.99976e-1 1.3635722e0 -2.0403134e0 -2.0403134e0
2.4442e-1 1.3635722e0 -2.0007707e0 -2.0007707e0
2.88864e-1 1.3635722e0 -1.9544077e0 -1.9544077e0
3.33308e-1 1.3635722e0 -1.9010931e0 -1.9010931e0
3.77752e-1 1.3635722e0 -1.8412329e0 -1.8412329e0
4.22196e-1 1.3635722e0 -1.777145e0 -1.777145e0
4.6664e-1 1.3635722e0 -1.7088289e0 -1.7088289e0
5.11084e-1 1.3635722e0 -1.6351968e0 -1.6351968e0
5.55528e-1 1.3635722e0 -1.5603352e0 -1.5603352e0
5.999721e-1 1.3635722e0 -1.4809752e0 -1.4809752e0
6.44416e-1 1.3635722e0 -1.4018898e0 -1.4018898e0
6.8886e-1 1.3635722e0 -1.32155444e0 -1.32155444e0
7.33304e-1 1.3635722e0 -1.24061458e0 -1.24061458e0
7.77748e-1 1.3635722e0 -1.16003528e0 -1.16003528e0
8.221921e-1 1.3635722e0 -1.08041142e0 -1.08041142e0
8.66636e-1 1.3635722e0 -1.0022902e0 -1.0022902e0
9.1108e-1 1.3635722e0 -9.2614478e-1 -9.2614478e-1
9.55524e-1 1.3635722e0 -8.5240833e-1 -8.5240833e-1
9.99968e-1 1.3635722e0 -7.8144661e-1 -7.8144661e-1
1.0444121e0 1.3635722e0 -7.135782e-1 -7.135782e-1
1.088856e0 1.3635722e0 -6.4902759e-1 -6.4902759e-1
1.1333e0 1.3635722e0 -5.8799577e-1 -5.8799577e-1
1.177744e0 1.3635722e0 -5.3059343e-1 -5.3059343e-1
1.222188e0 1.3635722e0 -4.769142e-1 -4.769142e-1
1.2666321e0 1.3635722e0 -4.2697847e-1 -4.2697847e-1
1.311076e0 1.3635722e0 -3.8075856e-1 -3.8075856e-1
1.35552e0 1.3635722e0 -3.3820372e-1 -3.3820372e-1
1.399964e0 1.3635722e0 -2.992203e-1 -2.992203e-1
1.444408e0 1.3635722e0 -2.6368619e-1 -2.6368619e-1
1.4888521e0 1.3635722e0 -2.3145738e-1 -2.3145738e-1
1.533296e0 1.3635722e0 -2.0236682e-1 -2.0236682e-1
1.57774e0 1.3635722e0 -1.7623224e-1 -1.7623224e-1
1.622184e0 1.3635722e0 -1.5287053e-1 -1.5287053e-1
1.666628e0 1.3635722e0 -1.3208441e-1 -1.3208441e-1
1.7110721e0 1.3635722e0 -1.13672913e-1 -1.13672913e-1
1.755516e0 1.3635722e0 -9.744239e-2 -9.744239e-2
1.79996e0 1.3635722e0 -8.3199281e-2 -8.3199281e-2
1.844404e0 1.3635722e0 -7.0757596e-2 -7.0757596e-2
1.888848e0 1.3635722e0 -5.9939626e-2 -5.9939626e-2
1.9332921e0 1.3635722e0 -5.0575467e-2 -5.0575467e-2
1.977736e0 1.3635722e0 -4.2505637e-2 -4.2505637e-2
2.02218e0 1.3635722e0 -3.5582805e-2 -3.5582805e-2
2.066624e0 1.3635722e0 -2.9670335e-2 -2.9670335e-2
2.111068e0 1.3635722e0 -2.4642097e-2 -2.4642097e-2
2.1555121e0 1.3635722e0 -2.0386177e-2 -2.0386177e-2
2.199956e0 1.3635722e0 -1.6798059e-2 -1.6798059e-2

-2.2e0 1.3999352e0 -1.5594217e-2 -1.5594217e-2
-2.155556e0 1.3999352e0 -1.8924704e-2 -1.8924704e-2
-2.111112e0 1.3999352e0 -2.2876357e-2 -2.2876357e-2
-2.0666681e0 1.3999352e0 -2.754402e-2 -2.754402e-2
-2.0222241e0 1.3999352e0 -3.3033432e-2 -3.3033432e-2
-1.97778e0 1.3999352e0 -3.946048e-2 -3.946048e-2
-1.933336e0 1.3999352e0 -4.695243e-2 -4.695243e-2
-1.888892e0 1.3999352e0 -5.56457e-2 -5.56457e-2
-1.8444481e0 1.3999352e0 -6.5688023e-2 -6.5688023e-2
-1.8000041e0 1.3999352e0 -7.7239267e-2 -7.7239267e-2
-1.75556e0 1.3999352e0 -9.0462015e-2 -9.0462015e-2
-1.711116e0 1.3999352e0 -1.05529887e-1 -1.05529887e-1
-1.666672e0 1.3999352e0 -1.22625145e-1 -1.22625145e-1
-1.6222281e0 1.3999352e0 -1.4192145e-1 -1.4192145e-1
-1.5777841e0 1.3999352e0 -1.6361345e-1 -1.6361345e-1
-1.53334e0 1.3999352e0 -1.8787137e-1 -1.8787137e-1
-1.488896e0 1.3999352e0 -2.1488191e-1 -2.1488191e-1
-1.444452e0 1.3999352e0 -2.448055e-1 -2.448055e-1
-1.4000081e0 1.3999352e0 -2.7779572e-1 -2.7779572e-1
-1.3555641e0 1.3999352e0 -3.1398523e-1 -3.1398523e-1
-1.31112e0 1.3999352e0 -3.5349449e-1 -3.5349449e-1
-1.266676e0 1.3999352e0 -3.9640897e-1 -3.9640897e-1
-1.222232e0 1.3999352e0 -4.4277458e-1 -4.4277458e-1
-1.177788e0 1.3999352e0 -4.9261569e-1 -4.9261569e-1
-1.133344e0 1.3999352e0 -5.4590195e-1 -5.4590195e-1
-1.0889e0 1.3999352e0 -6.0257547e-1 -6.0257547e-1
-1.044456e0 1.3999352e0 -6.6250702e-1 -6.6250702e-1
-1.000012e0 1.3999352e0 -7.25527e-1 -7.25527e-1
-9.55568e-1 1.3999352e0 -7.9140959e-1 -7.9140959e-1
-9.11124e-1 1.3999352e0 -8.5986731e-1 -8.5986731e-1
-8.6668e-1 1.3999352e0 -9.3055386e-1 -9.3055386e-1
-8.22236e-1 1.3999352e0 -1.00309607e0 -1.00309607e0
-7.77792e-1 1.3999352e0 -1.0770351e0 -1.0770351e0
-7.33348e-1 1.3999352e0 -1.15185144e0 -1.15185144e0
-6.88904e-1 1.3999352e0 -1.22701062e0 -1.22701062e0
-6.4446e-1 1.3999352e0 -1.30191583e0 -1.30191583e0
-6.00016e-1 1.3999352e0 -1.37595738e0 -1.37595738e0
-5.55572e-1 1.3999352e0 -1.447813e0 -1.447813e0
-5.11128e-1 1.3999352e0 -1.5176709e0 -1.5176709e0
-4.66684e-1 1.3999352e0 -1.5862665e0 -1.5862665e0
-4.2224e-1 1.3999352e0 -1.6492653e0 -1.6492653e0
-3.77796e-1 1.3999352e0 -1.7096025e0 -1.7096025e0
-3.33352e-1 1.3999352e0 -1.7641998e0 -1.7641998e0
-2.88908e-1 1.3999352e0 -1.8145976e0 -1.8145976e0
-2.44464e-1 1.3999352e0 -1.8579953e0 -1.8579953e0
-2.0002e-1 1.3999352e0 -1.8945338e0 -1.8945338e0
-1.55576e-1 1.3999352e0 -1.9253326e0 -1.9253326e0
-1.11132e-1 1.3999352e0 -1.94773e0 -1.94773e0
-6.6688e-2 1.3999352e0 -1.9631294e0 -1.9631294e0
-2.2244e-2 1.3999352e0 -1.9713898e0 -1.9713898e0
2.22e-2 1.3999352e0 -1.9713898e0 -1.9713898e0
6.6644e-2 1.3999352e0 -1.9631294e0 -1.9631294e0
1.11088e-1 1.3999352e0 -1.94773e0 -1.94773e0
1.55532e-1 1.3999352e0 -1.9253326e0 -1.9253326e0
1.99976e-1 1.3999352e0 -1.8945338e0 -1.8945338e0
2.4442e-1 1.3999352e0 -1.8579953e0 -1.8579953e0
2.88864e-1 1.3999352e0 -1.8145976e0 -1.8145976e0
3.33308e-1 1.3999352e0 -1.7641998e0 -1.7641998e0
3.77752e-1 1.3999352e0 -1.7096025e0 -1.7096025e0
4.22196e-1 1.3999352e0 -1.6492653e0 -1.6492653e0
4.6664e-1 1.3999352e0 -1.5862665e0 -1.5862665e0
5.11084e-1 1.3999352e0 -1.5192111e0 -1.5192111e0
5.55528e-1 1.3999352e0 -1.447813e0 -1.447813e0
5.999721e-1 1.3999352e0 -1.37601933e0 -1.37601933e0
6.44416e-1 1.3999352e0 -1.30199315e0 -1.30199315e0
6.8886e-1 1.3999352e0 -1.2270841e0 -1.2270841e0
7.33304e-1 1.3999352e0 -1.15192087e0 -1.15192087e0
7.77748e-1 1.3999352e0 -1.07709406e0 -1.07709406e0
8.221921e-1 1.3999352e0 -1.00316656e0 -1.00316656e0
8.66636e-1 1.3999352e0 -9.3062776e-1 -9.3062776e-1
9.1108e-1 1.3999352e0 -8.5993524e-1 -8.5993524e-1
9.55524e-1 1.3999352e0 -7.9146748e-1 -7.9146748e-1
9.99968e-1 1.3999352e0 -7.2558318e-1 -7.2558318e-1
1.0444121e0 1.3999352e0 -6.6256512e-1 -6.6256512e-1
1.088856e0 1.3999352e0 -6.0262589e-1 -6.0262589e-1
1.1333e0 1.3999352e0 -5.4595792e-1 -5.4595792e-1
1.177744e0 1.3999352e0 -4.9265755e-1 -4.9265755e-1
1.222188e0 1.3999352e0 -4.4281795e-1 -4.4281795e-1
1.2666321e0 1.3999352e0 -3.964502e-1 -3.964502e-1
1.311076e0 1.3999352e0 -3.5353743e-1 -3.5353743e-1
1.35552e0 1.3999352e0 -3.140241e-1 -3.140241e-1
1.399964e0 1.3999352e0 -2.7782733e-1 -2.7782733e-1
1.444408e0 1.3999352e0 -2.4483754e-1 -2.4483754e-1
1.4888521e0 1.3999352e0 -2.1491075e-1 -2.1491075e-1
1.533296e0 1.3999352e0 -1.8789828e-1 -1.8789828e-1
1.57774e0 1.3999352e0 -1.6363567e-1 -1.6363567e-1
1.622184e0 1.3999352e0 -1.4194196e-1 -1.4194196e-1
1.666628e0 1.3999352e0 -1.22641058e-1 -1.22641058e-1
1.7110721e0 1.3999352e0 -1.05545418e-1 -1.05545418e-1
1.755516e0 1.3999352e0 -9.0475685e-2 -9.0475685e-2
1.79996e0 1.3999352e0 -7.7250952e-2 -7.7250952e-2
1.844404e0 1.3999352e0 -6.5699109e-2 -6.5699109e-2
1.888848e0 1.3999352e0 -5.5655356e-2 -5.5655356e-2
1.9332921e0 1.3999352e0 -4.6959822e-2 -4.6959822e-2
1.977736e0 1.3999352e0 -3.9466866e-2 -3.9466866e-2
2.02218e0 1.3999352e0 -3.303937e-2 -3.303937e-2
2.066624e0 1.3999352e0 -2.7549083e-2 -2.7549083e-2
2.111068e0 1.3999352e0 -2.2880629e-2 -2.2880629e-2
2.1555121e0 1.3999352e0 -1.892857e-2 -1.892857e-2
2.199956e0 1.3999352e0 -1.5597357e-2 -1.5597357e-2

-2.2e0 1.436298e0 -1.4431332e-2 -1.4431332e-2
-2.155556e0 1.436298e0 -1.7513928e-2 -1.7513928e-2
-2.111112e0 1.436298e0 -2.1170705e-2 -2.1170705e-2
-2.0666681e0 1.436298e0 -2.5490205e-2 -2.5490205e-2
-2.0222241e0 1.436298e0 -3.0570197e-2 -3.0570197e-2
-1.97778e0 1.436298e0 -3.6518045e-2 -3.6518045e-2
-1.933336e0 1.436298e0 -4.3450829e-2 -4.3450829e-2
-1.888892e0 1.436298e0 -5.149634e-2 -5.149634e-2
-1.8444481e0 1.436298e0 -6.0791203e-2 -6.0791203e-2
-1.8000041e0 1.436298e0 -7.1479672e-2 -7.1479672e-2
-1.75556e0 1.436298e0 -8.3716298e-2 -8.3716298e-2
-1.711116e0 1.436298e0 -9.7662473e-2 -9.7662473e-2
-1.666672e0 1.436298e0 -1.13480682e-1 -1.13480682e-1
-1.6222281e0 1.436298e0 -1.31343648e-1 -1.31343648e-1
-1.5777841e0 1.436298e0 -1.5141328e-1 -1.5141328e-1
-1.53334e0 1.436298e0 -1.7386617e-1 -1.7386617e-1
-1.488896e0 1.436298e0 -1.9885739e-1 -1.9885739e-1
-1.444452e0 1.436298e0 -2.2654955e-1 -2.2654955e-1
-1.4000081e0 1.436298e0 -2.5708272e-1 -2.5708272e-1
-1.3555641e0 1.436298e0 -2.9057872e-1 -2.9057872e-1
-1.31112e0 1.436298e0 -3.2714255e-1 -3.2714255e-1
-1.266676e0 1.436298e0 -3.6685156e-1 -3.6685156e-1
-1.222232e0 1.436298e0 -4.0976253e-1 -4.0976253e-1
-1.177788e0 1.436298e0 -4.5588618e-1 -4.5588618e-1
-1.133344e0 1.436298e0 -5.0520699e-1 -5.0520699e-1
-1.0889e0 1.436298e0 -5.5764513e-1 -5.5764513e-1
-1.044456e0 1.436298e0 -6.1310966e-1 -6.1310966e-1
-1.000012e0 1.436298e0 -6.714253e-1 -6.714253e-1
-9.55568e-1 1.436298e0 -7.323932e-1 -7.323932e-1
-9.11124e-1 1.436298e0 -7.9575195e-1 -7.9575195e-1
-8.6668e-1 1.436298e0 -8.6117061e-1 -8.6117061e-1
-8.22236e-1 1.436298e0 -9.2829608e-1 -9.2829608e-1
-7.77792e-1 1.436298e0 -9.9672513e-1 -9.9672513e-1
-7.33348e-1 1.436298e0 -1.0659561e0 -1.0659561e0
-6.88904e-1 1.436298e0 -1.13552676e0 -1.13552676e0
-6.4446e-1 1.436298e0 -1.20485504e0 -1.20485504e0
-6.00016e-1 1.436298e0 -1.27335553e0 -1.27335553e0
-5.55572e-1 1.436298e0 -1.34046524e0 -1.34046524e0
-5.11128e-1 1.436298e0 -1.40553827e0 -1.40553827e0
-4.66684e-1 1.436298e0 -1.4681833e0 -1.4681833e0
-4.2224e-1 1.436298e0 -1.5270721e0 -1.5270721e0
-3.77796e-1 1.436298e0 -1.58165e0 -1.58165e0
-3.33352e-1 1.436298e0 -1.6333566e0 -1.6333566e0
-2.88908e-1 1.436298e0 -1.6791747e0 -1.6791747e0
-2.44464e-1 1.436298e0 -1.7195354e0 -1.7195354e0
-2.0002e-1 1.436298e0 -1.7540074e0 -1.7540074e0
-1.55576e-1 1.436298e0 -1.7812952e0 -1.7812952e0
-1.11132e-1 1.436298e0 -1.802841e0 -1.802841e0
-6.6688e-2 1.436298e0 -1.8173473e0 -1.8173473e0
-2.2244e-2 1.436298e0 -1.8245293e0 -1.8245293e0
2.22e-2 1.436298e0 -1.8245293e0 -1.8245293e0
6.6644e-2 1.436298e0 -1.8173473e0 -1.8173473e0
1.11088e-1 1.436298e0 -1.802841e0 -1.802841e0
1.55532e-1 1.436298e0 -1.7812952e0 -1.7812952e0
1.99976e-1 1.436298e0 -1.7540074e0 -1.7540074e0
2.4442e-1 1.436298e0 -1.7195354e0 -1.7195354e0
2.88864e-1 1.436298e0 -1.6791747e0 -1.6791747e0
3.33308e-1 1.436298e0 -1.6333566e0 -1.6333566e0
3.77752e-1 1.436298e0 -1.58165e0 -1.58165e0
4.22196e-1 1.436298e0 -1.5270721e0 -1.5270721e0
4.6664e-1 1.436298e0 -1.4681833e0 -1.4681833e0
5.11084e-1 1.436298e0 -1.40561037e0 -1.40561037e0
5.55528e-1 1.436298e0 -1.34053186e0 -1.34053186e0
5.999721e-1 1.436298e0 -1.27343158e0 -1.27343158e0
6.44416e-1 1.436298e0 -1.20490633e0 -1.20490633e0
6.8886e-1 1.436298e0 -1.13558813e0 -1.13558813e0
7.33304e-1 1.436298e0 -1.06603873e0 -1.06603873e0
7.77748e-1 1.436298e0 -9.9678496e-1 -9.9678496e-1
8.221921e-1 1.436298e0 -9.2837059e-1 -9.2837059e-1
8.66636e-1 1.436298e0 -8.6123723e-1 -8.6123723e-1
9.1108e-1 1.436298e0 -7.9581068e-1 -7.9581068e-1
9.55524e-1 1.436298e0 -7.3245413e-1 -7.3245413e-1
9.99968e-1 1.436298e0 -6.7148512e-1 -6.7148512e-1
1.0444121e0 1.436298e0 -6.131627e-1 -6.131627e-1
1.088856e0 1.436298e0 -5.5770299e-1 -5.5770299e-1
1.1333e0 1.436298e0 -5.0525212e-1 -5.0525212e-1
1.177744e0 1.436298e0 -4.5593332e-1 -4.5593332e-1
1.222188e0 1.436298e0 -4.0980592e-1 -4.0980592e-1
1.2666321e0 1.436298e0 -3.668897e-1 -3.668897e-1
1.311076e0 1.436298e0 -3.2717586e-1 -3.2717586e-1
1.35552e0 1.436298e0 -2.9060875e-1 -2.9060875e-1
1.399964e0 1.436298e0 -2.5711624e-1 -2.5711624e-1
1.444408e0 1.436298e0 -2.2658308e-1 -2.2658308e-1
1.4888521e0 1.436298e0 -1.9888654e-1 -1.9888654e-1
1.533296e0 1.436298e0 -1.7389137e-1 -1.7389137e-1
1.57774e0 1.436298e0 -1.5143344e-1 -1.5143344e-1
1.622184e0 1.436298e0 -1.31361552e-1 -1.31361552e-1
1.666628e0 1.436298e0 -1.13498193e-1 -1.13498193e-1
1.7110721e0 1.436298e0 -9.7676016e-2 -9.7676016e-2
1.755516e0 1.436298e0 -8.3728812e-2 -8.3728812e-2
1.79996e0 1.436298e0 -7.1490761e-2 -7.1490761e-2
1.844404e0 1.436298e0 -6.0800671e-2 -6.0800671e-2
1.888848e0 1.436298e0 -5.1505063e-2 -5.1505063e-2
1.9332921e0 1.436298e0 -4.3458347e-2 -4.3458347e-2
1.977736e0 1.436298e0 -3.6523962e-2 -3.6523962e-2
2.02218e0 1.436298e0 -3.0575653e-2 -3.0575653e-2
2.066624e0 1.436298e0 -2.5494852e-2 -2.5494852e-2
2.111068e0 1.436298e0 -2.1174606e-2 -2.1174606e-2
2.1555121e0 1.436298e0 -1.7517018e-2 -1.7517018e-2
2.199956e0 1.436298e0 -1.4434268e-2 -1.4434268e-2

-2.2e0 1.472661e0 -1.33118304e-2 -1.33118304e-2
-2.155556e0 1.472661e0 -1.6154573e-2 -1.6154573e-2
-2.111112e0 1.472661e0 -1.9527878e-2 -1.9527878e-2
-2.0666681e0 1.472661e0 -2.3512148e-2 -2.3512148e-2
-2.0222241e0 1.472661e0 -2.8198007e-2 -2.8198007e-2
-1.97778e0 1.472661e0 -3.3684486e-2 -3.3684486e-2
-1.933336e0 1.472661e0 -4.0079356e-2 -4.0079356e-2
-1.888892e0 1.472661e0 -4.749958e-2 -4.749958e-2
-1.8444481e0 1.472661e0 -5.6072522e-2 -5.6072522e-2
-1.8000041e0 1.472661e0 -6.5932176e-2 -6.5932176e-2
-1.75556e0 1.472661e0 -7.7220134e-2 -7.7220134e-2
-1.711116e0 1.472661e0 -9.0082794e-2 -9.0082794e-2
-1.666672e0 1.472661e0 -1.04675475e-1 -1.04675475e-1
-1.6222281e0 1.472661e0 -1.2114997e-1 -1.2114997e-1
-1.5777841e0 1.472661e0 -1.3966427e-1 -1.3966427e-1
-1.53334e0 1.472661e0 -1.603723e-1 -1.603723e-1
-1.488896e0 1.472661e0 -1.8342914e-1 -1.8342914e-1
-1.444452e0 1.472661e0 -2.0897037e-1 -2.0897037e-1
-1.4000081e0 1.472661e0 -2.3713466e-1 -2.3713466e-1
-1.3555641e0 1.472661e0 -2.6802692e-1 -2.6802692e-1
-1.31112e0 1.472661e0 -3.017494e-1 -3.017494e-1
-1.266676e0 1.472661e0 -3.3838548e-1 -3.3838548e-1
-1.222232e0 1.472661e0 -3.7796188e-1 -3.7796188e-1
-1.177788e0 1.472661e0 -4.2050987e-1 -4.2050987e-1
-1.133344e0 1.472661e0 -4.6599683e-1 -4.6599683e-1
-1.0889e0 1.472661e0 -5.1437402e-1 -5.1437402e-1
-1.044456e0 1.472661e0 -5.6553223e-1 -5.6553223e-1
-1.000012e0 1.472661e0 -6.1931728e-1 -6.1931728e-1
-9.55568e-1 1.472661e0 -6.7556427e-1 -6.7556427e-1
-9.11124e-1 1.472661e0 -7.3400488e-1 -7.3400488e-1
-8.6668e-1 1.472661e0 -7.9434586e-1 -7.9434586e-1
-8.22236e-1 1.472661e0 -8.5626274e-1 -8.5626274e-1
-7.77792e-1 1.472661e0 -9.1936743e-1 -9.1936743e-1
-7.33348e-1 1.472661e0 -9.8324176e-1 -9.8324176e-1
-6.88904e-1 1.472661e0 -1.04738843e0 -1.04738843e0
-6.4446e-1 1.472661e0 -1.11134096e0 -1.11134096e0
-6.00016e-1 1.472661e0 -1.17454745e0 -1.17454745e0
-5.55572e-1 1.472661e0 -1.23645174e0 -1.23645174e0
-5.11128e-1 1.472661e0 -1.2964788e0 -1.2964788e0
-4.66684e-1 1.472661e0 -1.35405945e0 -1.35405945e0
-4.2224e-1 1.472661e0 -1.40863257e0 -1.40863257e0
-3.77796e-1 1.472661e0 -1.45961617e0 -1.45961617e0
-3.33352e-1 1.472661e0 -1.5066797e0 -1.5066797e0
-2.88908e-1 1.472661e0 -1.54806e0 -1.54806e0
-2.44464e-1 1.472661e0 -1.5848766e0 -1.5848766e0
-2.0002e-1 1.472661e0 -1.6172752e0 -1.6172752e0
-1.55576e-1 1.472661e0 -1.6421642e0 -1.6421642e0
-1.11132e-1 1.472661e0 -1.6629297e0 -1.6629297e0
-6.6688e-2 1.472661e0 -1.676183e0 -1.676183e0
-2.2244e-2 1.472661e0 -1.6819266e0 -1.6819266e0
2.22e-2 1.472661e0 -1.6819266e0 -1.6819266e0
6.6644e-2 1.472661e0 -1.676183e0 -1.676183e0
1.11088e-1 1.472661e0 -1.6629297e0 -1.6629297e0
1.55532e-1 1.472661e0 -1.6421642e0 -1.6421642e0
1.99976e-1 1.472661e0 -1.6172752e0 -1.6172752e0
2.4442e-1 1.472661e0 -1.5848766e0 -1.5848766e0
2.88864e-1 1.472661e0 -1.54806e0 -1.54806e0
3.33308e-1 1.472661e0 -1.5066797e0 -1.5066797e0
3.77752e-1 1.472661e0 -1.45965796e0 -1.45965796e0
4.22196e-1 1.472661e0 -1.40867413e0 -1.40867413e0
4.6664e-1 1.472661e0 -1.35410124e0 -1.35410124e0
5.11084e-1 1.472661e0 -1.29654352e0 -1.29654352e0
5.55528e-1 1.472661e0 -1.23650522e0 -1.23650522e0
5.999721e-1 1.472661e0 -1.17459914e0 -1.17459914e0
6.44416e-1 1.472661e0 -1.11140814e0 -1.11140814e0
6.8886e-1 1.472661e0 -1.0474509e0 -1.0474509e0
7.33304e-1 1.472661e0 -9.8330086e-1 -9.8330086e-1
7.77748e-1 1.472661e0 -9.1944092e-1 -9.1944092e-1
8.221921e-1 1.472661e0 -8.563333e-1 -8.563333e-1
8.66636e-1 1.472661e0 -7.9440608e-1 -7.9440608e-1
9.1108e-1 1.472661e0 -7.3405656e-1 -7.3405656e-1
9.55524e-1 1.472661e0 -6.7562e-1 -6.7562e-1
9.99968e-1 1.472661e0 -6.1937392e-1 -6.1937392e-1
1.0444121e0 1.472661e0 -5.6558571e-1 -5.6558571e-1
1.088856e0 1.472661e0 -5.144212e-1 -5.144212e-1
1.1333e0 1.472661e0 -4.6604536e-1 -4.6604536e-1
1.177744e0 1.472661e0 -4.2054716e-1 -4.2054716e-1
1.222188e0 1.472661e0 -3.7800279e-1 -3.7800279e-1
1.2666321e0 1.472661e0 -3.3841986e-1 -3.3841986e-1
1.311076e0 1.472661e0 -3.0178693e-1 -3.0178693e-1
1.35552e0 1.472661e0 -2.6805995e-1 -2.6805995e-1
1.399964e0 1.472661e0 -2.3716116e-1 -2.3716116e-1
1.444408e0 1.472661e0 -2.0900072e-1 -2.0900072e-1
1.4888521e0 1.472661e0 -1.8345363e-1 -1.8345363e-1
1.533296e0 1.472661e0 -1.6039388e-1 -1.6039388e-1
1.57774e0 1.472661e0 -1.39685506e-1 -1.39685506e-1
1.622184e0 1.472661e0 -1.21166396e-1 -1.21166396e-1
1.666628e0 1.472661e0 -1.04689835e-1 -1.04689835e-1
1.7110721e0 1.472661e0 -9.0096457e-2 -9.0096457e-2
1.755516e0 1.472661e0 -7.7231775e-2 -7.7231775e-2
1.79996e0 1.472661e0 -6.5943053e-2 -6.5943053e-2
1.844404e0 1.472661e0 -5.6082027e-2 -5.6082027e-2
1.888848e0 1.472661e0 -4.7507782e-2 -4.7507782e-2
1.9332921e0 1.472661e0 -4.008621e-2 -4.008621e-2
1.977736e0 1.472661e0 -3.3689992e-2 -3.3689992e-2
2.02218e0 1.472661e0 -2.8202725e-2 -2.8202725e-2
2.066624e0 1.472661e0 -2.3516304e-2 -2.3516304e-2
2.111068e0 1.472661e0 -1.9531519e-2 -1.9531519e-2
2.1555121e0 1.472661e0 -1.615781e-2 -1.615781e-2
2.199956e0 1.472661e0 -1.33143967e-2 -1.33143967e-2

-2.2e0 1.5090239e0 -1.22388121e-2 -1.22388121e-2
-2.155556e0 1.5090239e0 -1.4852938e-2 -1.4852938e-2
-2.111112e0 1.5090239e0 -1.7954037e-2 -1.7954037e-2
-2.0666681e0 1.5090239e0 -2.161711e-2 -2.161711e-2
-2.0222241e0 1.5090239e0 -2.5925252e-2 -2.5925252e-2
-1.97778e0 1.5090239e0 -3.0969255e-2 -3.0969255e-2
-1.933336e0 1.5090239e0 -3.6848868e-2 -3.6848868e-2
-1.888892e0 1.5090239e0 -4.3671872e-2 -4.3671872e-2
-1.8444481e0 1.5090239e0 -5.1553885e-2 -5.1553885e-2
-1.8000041e0 1.5090239e0 -6.0618597e-2 -6.0618597e-2
-1.75556e0 1.5090239e0 -7.099551e-2 -7.099551e-2
-1.711116e0 1.5090239e0 -8.2822177e-2 -8.2822177e-2
-1.666672e0 1.5090239e0 -9.6238206e-2 -9.6238206e-2
-1.6222281e0 1.5090239e0 -1.11385988e-1 -1.11385988e-1
-1.5777841e0 1.5090239e0 -1.2840879e-1 -1.2840879e-1
-1.53334e0 1.5090239e0 -1.47450365e-1 -1.47450365e-1
-1.488896e0 1.5090239e0 -1.6864476e-1 -1.6864476e-1
-1.444452e0 1.5090239e0 -1.9212978e-1 -1.9212978e-1
-1.4000081e0 1.5090239e0 -2.1801984e-1 -2.1801984e-1
-1.3555641e0 1.5090239e0 -2.4642664e-1 -2.4642664e-1
-1.31112e0 1.5090239e0 -2.774342e-1 -2.774342e-1
-1.266676e0 1.5090239e0 -3.1110956e-1 -3.1110956e-1
-1.222232e0 1.5090239e0 -3.4750357e-1 -3.4750357e-1
-1.177788e0 1.5090239e0 -3.8661925e-1 -3.8661925e-1
-1.133344e0 1.5090239e0 -4.2844046e-1 -4.2844046e-1
-1.0889e0 1.5090239e0 -4.7291241e-1 -4.7291241e-1
-1.044456e0 1.5090239e0 -5.1994922e-1 -5.1994922e-1
-1.000012e0 1.5090239e0 -5.6940858e-1 -5.6940858e-1
-9.55568e-1 1.5090239e0 -6.211102e-1 -6.211102e-1
-9.11124e-1 1.5090239e0 -6.7483763e-1 -6.7483763e-1
-8.6668e-1 1.5090239e0 -7.3032172e-1 -7.3032172e-1
-8.22236e-1 1.5090239e0 -7.8724307e-1 -7.8724307e-1
-7.77792e-1 1.5090239e0 -8.4527428e-1 -8.4527428e-1
-7.33348e-1 1.5090239e0 -9.0399074e-1 -9.0399074e-1
-6.88904e-1 1.5090239e0 -9.6298602e-1 -9.6298602e-1
-6.4446e-1 1.5090239e0 -1.02177847e0 -1.02177847e0
-6.00016e-1 1.5090239e0 -1.07987415e0 -1.07987415e0
-5.55572e-1 1.5090239e0 -1.1367895e0 -1.1367895e0
-5.11128e-1 1.5090239e0 -1.19198209e0 -1.19198209e0
-4.66684e-1 1.5090239e0 -1.24491605e0 -1.24491605e0
-4.2224e-1 1.5090239e0 -1.29508575e0 -1.29508575e0
-3.77796e-1 1.5090239e0 -1.34197658e0 -1.34197658e0
-3.33352e-1 1.5090239e0 -1.38507089e0 -1.38507089e0
-2.88908e-1 1.5090239e0 -1.4238992e0 -1.4238992e0
-2.44464e-1 1.5090239e0 -1.4580673e0 -1.4580673e0
-2.0002e-1 1.5090239e0 -1.48715843e0 -1.48715843e0
-1.55576e-1 1.5090239e0 -1.5106842e0 -1.5106842e0
-1.11132e-1 1.5090239e0 -1.5289436e0 -1.5289436e0
-6.6688e-2 1.5090239e0 -1.5408641e0 -1.5408641e0
-2.2244e-2 1.5090239e0 -1.5470512e0 -1.5470512e0
2.22e-2 1.5090239e0 -1.5470512e0 -1.5470512e0
6.6644e-2 1.5090239e0 -1.5408641e0 -1.5408641e0
1.11088e-1 1.5090239e0 -1.5289436e0 -1.5289436e0
1.55532e-1 1.5090239e0 -1.5106842e0 -1.5106842e0
1.99976e-1 1.5090239e0 -1.4871886e0 -1.4871886e0
2.4442e-1 1.5090239e0 -1.4580878e0 -1.4580878e0
2.88864e-1 1.5090239e0 -1.42394203e0 -1.42394203e0
3.33308e-1 1.5090239e0 -1.38511327e0 -1.38511327e0
3.77752e-1 1.5090239e0 -1.34201619e0 -1.34201619e0
4.22196e-1 1.5090239e0 -1.2951447e0 -1.2951447e0
4.6664e-1 1.5090239e0 -1.24497868e0 -1.24497868e0
5.11084e-1 1.5090239e0 -1.19203275e0 -1.19203275e0
5.55528e-1 1.5090239e0 -1.13683626e0 -1.13683626e0
5.999721e-1 1.5090239e0 -1.0799423e0 -1.0799423e0
6.44416e-1 1.5090239e0 -1.02182567e0 -1.02182567e0
6.8886e-1 1.5090239e0 -9.630459e-1 -9.630459e-1
7.33304e-1 1.5090239e0 -9.0406027e-1 -9.0406027e-1
7.77748e-1 1.5090239e0 -8.4533046e-1 -8.4533046e-1
8.221921e-1 1.5090239e0 -7.8730824e-1 -7.8730824e-1
8.66636e-1 1.5090239e0 -7.3037146e-1 -7.3037146e-1
9.1108e-1 1.5090239e0 -6.7488945e-1 -6.7488945e-1
9.55524e-1 1.5090239e0 -6.2115833e-1 -6.2115833e-1
9.99968e-1 1.5090239e0 -5.6945808e-1 -5.6945808e-1
1.0444121e0 1.5090239e0 -5.1999643e-1 -5.1999643e-1
1.088856e0 1.5090239e0 -4.7295616e-1 -4.7295616e-1
1.1333e0 1.5090239e0 -4.2848167e-1 -4.2848167e-1
1.177744e0 1.5090239e0 -3.8665886e-1 -3.8665886e-1
1.222188e0 1.5090239e0 -3.475388e-1 -3.475388e-1
1.2666321e0 1.5090239e0 -3.1114249e-1 -3.1114249e-1
1.311076e0 1.5090239e0 -2.7746092e-1 -2.7746092e-1
1.35552e0 1.5090239e0 -2.464529e-1 -2.464529e-1
1.399964e0 1.5090239e0 -2.1804655e-1 -2.1804655e-1
1.444408e0 1.5090239e0 -1.9215234e-1 -1.9215234e-1
1.4888521e0 1.5090239e0 -1.686671e-1 -1.686671e-1
1.533296e0 1.5090239e0 -1.47468509e-1 -1.47468509e-1
1.57774e0 1.5090239e0 -1.28426889e-1 -1.28426889e-1
1.622184e0 1.5090239e0 -1.11401599e-1 -1.11401599e-1
1.666628e0 1.5090239e0 -9.625209e-2 -9.625209e-2
1.7110721e0 1.5090239e0 -8.2834496e-2 -8.2834496e-2
1.755516e0 1.5090239e0 -7.1006378e-2 -7.1006378e-2
1.79996e0 1.5090239e0 -6.0627463e-2 -6.0627463e-2
1.844404e0 1.5090239e0 -5.156192e-2 -5.156192e-2
1.888848e0 1.5090239e0 -4.367931e-2 -4.367931e-2
1.9332921e0 1.5090239e0 -3.6855199e-2 -3.6855199e-2
1.977736e0 1.5090239e0 -3.0974873e-2 -3.0974873e-2
2.02218e0 1.5090239e0 -2.5929834e-2 -2.5929834e-2
2.066624e0 1.5090239e0 -2.1621162e-2 -2.1621162e-2
2.111068e0 1.5090239e0 -1.7957262e-2 -1.7957262e-2
2.1555121e0 1.5090239e0 -1.48557288e-2 -1.48557288e-2
2.199956e0 1.5090239e0 -1.22412645e-2 -1.22412645e-2

-2.2e0 1.5453868e0 -1.12161734e-2 -1.12161734e-2
-2.155556e0 1.5453868e0 -1.36119221e-2 -1.36119221e-2
-2.111112e0 1.5453868e0 -1.6453506e-2 -1.6453506e-2
-2.0666681e0 1.5453868e0 -1.9810672e-2 -1.9810672e-2
-2.0222241e0 1.5453868e0 -2.3758748e-2 -2.3758748e-2
-1.97778e0 1.5453868e0 -2.838154e-2 -2.838154e-2
-1.933336e0 1.5453868e0 -3.3769786e-2 -3.3769786e-2
-1.888892e0 1.5453868e0 -4.0022667e-2 -4.0022667e-2
-1.8444481e0 1.5453868e0 -4.7246225e-2 -4.7246225e-2
-1.8000041e0 1.5453868e0 -5.5553366e-2 -5.5553366e-2
-1.75556e0 1.5453868e0 -6.5063431e-2 -6.5063431e-2
-1.711116e0 1.5453868e0 -7.5902553e-2 -7.5902553e-2
-1.666672e0 1.5453868e0 -8.8196724e-2 -8.8196724e-2
-1.6222281e0 1.5453868e0 -1.02079247e-1 -1.02079247e-1
-1.5777841e0 1.5453868e0 -1.17679132e-1 -1.17679132e-1
-1.53334e0 1.5453868e0 -1.35129892e-1 -1.35129892e-1
-1.488896e0 1.5453868e0 -1.5455075e-1 -1.5455075e-1
-1.444452e0 1.5453868e0 -1.7607289e-1 -1.7607289e-1
-1.4000081e0 1.5453868e0 -1.9980383e-1 -1.9980383e-1
-1.3555641e0 1.5453868e0 -2.2583698e-1 -2.2583698e-1
-1.31112e0 1.5453868e0 -2.5425105e-1 -2.5425105e-1
-1.266676e0 1.5453868e0 -2.8511258e-1 -2.8511258e-1
-1.222232e0 1.5453868e0 -3.1846494e-1 -3.1846494e-1
-1.177788e0 1.5453868e0 -3.5431049e-1 -3.5431049e-1
-1.133344e0 1.5453868e0 -3.9263815e-1 -3.9263815e-1
-1.0889e0 1.5453868e0 -4.3339227e-1 -4.3339227e-1
-1.044456e0 1.5453868e0 -4.765028e-1 -4.765028e-1
-1.000012e0 1.5453868e0 -5.2182805e-1 -5.2182805e-1
-9.55568e-1 1.5453868e0 -5.6921143e-1 -5.6921143e-1
-9.11124e-1 1.5453868e0 -6.184473e-1 -6.184473e-1
-8.6668e-1 1.5453868e0 -6.692928e-1 -6.692928e-1
-8.22236e-1 1.5453868e0 -7.21464e-1 -7.21464e-1
-7.77792e-1 1.5453868e0 -7.7464398e-1 -7.7464398e-1
-7.33348e-1 1.5453868e0 -8.2845193e-1 -8.2845193e-1
-6.88904e-1 1.5453868e0 -8.8251242e-1 -8.8251242e-1
-6.4446e-1 1.5453868e0 -9.3639182e-1 -9.3639182e-1
-6.00016e-1 1.5453868e0 -9.8963853e-1 -9.8963853e-1
-5.55572e-1 1.5453868e0 -1.04179489e0 -1.04179489e0
-5.11128e-1 1.5453868e0 -1.09238359e0 -1.09238359e0
-4.66684e-1 1.5453868e0 -1.14090025e0 -1.14090025e0
-4.2224e-1 1.5453868e0 -1.18686972e0 -1.18686972e0
-3.77796e-1 1.5453868e0 -1.22984586e0 -1.22984586e0
-3.33352e-1 1.5453868e0 -1.26933133e0 -1.26933133e0
-2.88908e-1 1.5453868e0 -1.3049149e0 -1.3049149e0
-2.44464e-1 1.5453868e0 -1.33623296e0 -1.33623296e0
-2.0002e-1 1.5453868e0 -1.36289499e0 -1.36289499e0
-1.55576e-1 1.5453868e0 -1.38458809e0 -1.38458809e0
-1.11132e-1 1.5453868e0 -1.40110498e0 -1.40110498e0
-6.6688e-2 1.5453868e0 -1.41222377e0 -1.41222377e0
-2.2244e-2 1.5453868e0 -1.41781122e0 -1.41781122e0
2.22e-2 1.5453868e0 -1.41781122e0 -1.41781122e0
6.6644e-2 1.5453868e0 -1.41222377e0 -1.41222377e0
1.11088e-1 1.5453868e0 -1.40112195e0 -1.40112195e0
1.55532e-1 1.5453868e0 -1.38461473e0 -1.38461473e0
1.99976e-1 1.5453868e0 -1.3629155e0 -1.3629155e0
2.4442e-1 1.5453868e0 -1.33625252e0 -1.33625252e0
2.88864e-1 1.5453868e0 -1.30495735e0 -1.30495735e0
3.33308e-1 1.5453868e0 -1.26936623e0 -1.26936623e0
3.77752e-1 1.5453868e0 -1.22988405e0 -1.22988405e0
4.22196e-1 1.5453868e0 -1.18692915e0 -1.18692915e0
4.6664e-1 1.5453868e0 -1.14094011e0 -1.14094011e0
5.11084e-1 1.5453868e0 -1.09242368e0 -1.09242368e0
5.55528e-1 1.5453868e0 -1.04184488e0 -1.04184488e0
5.999721e-1 1.5453868e0 -9.8970056e-1 -9.8970056e-1
6.44416e-1 1.5453868e0 -9.3644559e-1 -9.3644559e-1
6.8886e-1 1.5453868e0 -8.8257043e-1 -8.8257043e-1
7.33304e-1 1.5453868e0 -8.2851018e-1 -8.2851018e-1
7.77748e-1 1.5453868e0 -7.7469398e-1 -7.7469398e-1
8.221921e-1 1.5453868e0 -7.2151895e-1 -7.2151895e-1
8.66636e-1 1.5453868e0 -6.6934868e-1 -6.6934868e-1
9.1108e-1 1.5453868e0 -6.1849776e-1 -6.1849776e-1
9.55524e-1 1.5453868e0 -5.6925175e-1 -5.6925175e-1
9.99968e-1 1.5453868e0 -5.2187474e-1 -5.2187474e-1
1.0444121e0 1.5453868e0 -4.7654408e-1 -4.7654408e-1
1.088856e0 1.5453868e0 -4.3343471e-1 -4.3343471e-1
1.1333e0 1.5453868e0 -3.9267659e-1 -3.9267659e-1
1.177744e0 1.5453868e0 -3.5434752e-1 -3.5434752e-1
1.222188e0 1.5453868e0 -3.1850055e-1 -3.1850055e-1
1.2666321e0 1.5453868e0 -2.8514276e-1 -2.8514276e-1
1.311076e0 1.5453868e0 -2.5427864e-1 -2.5427864e-1
1.35552e0 1.5453868e0 -2.258589e-1 -2.258589e-1
1.399964e0 1.5453868e0 -1.9982907e-1 -1.9982907e-1
1.444408e0 1.5453868e0 -1.7609741e-1 -1.7609741e-1
1.4888521e0 1.5453868e0 -1.5457173e-1 -1.5457173e-1
1.533296e0 1.5453868e0 -1.35147035e-1 -1.35147035e-1
1.57774e0 1.5453868e0 -1.17694742e-1 -1.17694742e-1
1.622184e0 1.5453868e0 -1.02093018e-1 -1.02093018e-1
1.666628e0 1.5453868e0 -8.8210071e-2 -8.8210071e-2
1.7110721e0 1.5453868e0 -7.591281e-2 -7.591281e-2
1.755516e0 1.5453868e0 -6.5073311e-2 -6.5073311e-2
1.79996e0 1.5453868e0 -5.5561737e-2 -5.5561737e-2
1.844404e0 1.5453868e0 -4.7253252e-2 -4.7253252e-2
1.888848e0 1.5453868e0 -4.0029411e-2 -4.0029411e-2
1.9332921e0 1.5453868e0 -3.3775351e-2 -3.3775351e-2
1.977736e0 1.5453868e0 -2.8386186e-2 -2.8386186e-2
2.02218e0 1.5453868e0 -2.3763087e-2 -2.3763087e-2
2.066624e0 1.5453868e0 -1.9814304e-2 -1.9814304e-2
2.111068e0 1.5453868e0 -1.6456667e-2 -1.6456667e-2
2.1555121e0 1.5453868e0 -1.36144312e-2 -1.36144312e-2
2.199956e0 1.5453868e0 -1.1218423e-2 -1.1218423e-2

-2.2e0 1.5817497e0 -1.02461206e-2 -1.02461206e-2
-2.155556e0 1.5817497e0 -1.24347488e-2 -1.24347488e-2
-2.111112e0 1.5817497e0 -1.50309932e-2 -1.50309932e-2
-2.0666681e0 1.5817497e0 -1.8097383e-2 -1.8097383e-2
-2.0222241e0 1.5817497e0 -2.1704108e-2 -2.1704108e-2
-1.97778e0 1.5817497e0 -2.5927036e-2 -2.5927036e-2
-1.933336e0 1.5817497e0 -3.0849294e-2 -3.0849294e-2
-1.888892e0 1.5817497e0 -3.6561629e-2 -3.6561629e-2
-1.8444481e0 1.5817497e0 -4.3159981e-2 -4.3159981e-2
-1.8000041e0 1.5817497e0 -5.0748784e-2 -5.0748784e-2
-1.75556e0 1.5817497e0 -5.9436891e-2 -5.9436891e-2
-1.711116e0 1.5817497e0 -6.9338606e-2 -6.9338606e-2
-1.666672e0 1.5817497e0 -8.0569661e-2 -8.0569661e-2
-1.6222281e0 1.5817497e0 -9.3249309e-2 -9.3249309e-2
-1.5777841e0 1.5817497e0 -1.0750221e-1 -1.0750221e-1
-1.53334e0 1.5817497e0 -1.2344349e-1 -1.2344349e-1
-1.488896e0 1.5817497e0 -1.4118811e-1 -1.4118811e-1
-1.444452e0 1.5817497e0 -1.6084886e-1 -1.6084886e-1
-1.4000081e0 1.5817497e0 -1.8252237e-1 -1.8252237e-1
-1.3555641e0 1.5817497e0 -2.0630437e-1 -2.0630437e-1
-1.31112e0 1.5817497e0 -2.322612e-1 -2.322612e-1
-1.266676e0 1.5817497e0 -2.6045445e-1 -2.6045445e-1
-1.222232e0 1.5817497e0 -2.9091837e-1 -2.9091837e-1
-1.177788e0 1.5817497e0 -3.236672e-1 -3.236672e-1
-1.133344e0 1.5817497e0 -3.5868382e-1 -3.5868382e-1
-1.0889e0 1.5817497e0 -3.959132e-1 -3.959132e-1
-1.044456e0 1.5817497e0 -4.3529062e-1 -4.3529062e-1
-1.000012e0 1.5817497e0 -4.7670146e-1 -4.7670146e-1
-9.55568e-1 1.5817497e0 -5.1998476e-1 -5.1998476e-1
-9.11124e-1 1.5817497e0 -5.6496284e-1 -5.6496284e-1
-8.6668e-1 1.5817497e0 -6.114108e-1 -6.114108e-1
-8.22236e-1 1.5817497e0 -6.5907108e-1 -6.5907108e-1
-7.77792e-1 1.5817497e0 -7.0764825e-1 -7.0764825e-1
-7.33348e-1 1.5817497e0 -7.5680663e-1 -7.5680663e-1
-6.88904e-1 1.5817497e0 -8.0619453e-1 -8.0619453e-1
-6.4446e-1 1.5817497e0 -8.5541685e-1 -8.5541685e-1
-6.00016e-1 1.5817497e0 -9.0405246e-1 -9.0405246e-1
-5.55572e-1 1.5817497e0 -9.5169922e-1 -9.5169922e-1
-5.11128e-1 1.5817497e0 -9.9790652e-1 -9.9790652e-1
-4.66684e-1 1.5817497e0 -1.0422349e0 -1.0422349e0
-4.2224e-1 1.5817497e0 -1.08422452e0 -1.08422452e0
-3.77796e-1 1.5817497e0 -1.12349019e0 -1.12349019e0
-3.33352e-1 1.5817497e0 -1.15955598e0 -1.15955598e0
-2.88908e-1 1.5817497e0 -1.1920625e0 -1.1920625e0
-2.44464e-1 1.5817497e0 -1.22066629e0 -1.22066629e0
-2.0002e-1 1.5817497e0 -1.24503284e0 -1.24503284e0
-1.55576e-1 1.5817497e0 -1.26484236e0 -1.26484236e0
-1.11132e-1 1.5817497e0 -1.2799312e0 -1.2799312e0
-6.6688e-2 1.5817497e0 -1.29009154e0 -1.29009154e0
-2.2244e-2 1.5817497e0 -1.2951967e0 -1.2951967e0
2.22e-2 1.5817497e0 -1.2951967e0 -1.2951967e0
6.6644e-2 1.5817497e0 -1.29009154e0 -1.29009154e0
1.11088e-1 1.5817497e0 -1.2799505e0 -1.2799505e0
1.55532e-1 1.5817497e0 -1.26487155e0 -1.26487155e0
1.99976e-1 1.5817497e0 -1.24504419e0 -1.24504419e0
2.4442e-1 1.5817497e0 -1.22068704e0 -1.22068704e0
2.88864e-1 1.5817497e0 -1.19209846e0 -1.19209846e0
3.33308e-1 1.5817497e0 -1.1595946e0 -1.1595946e0
3.77752e-1 1.5817497e0 -1.12352495e0 -1.12352495e0
4.22196e-1 1.5817497e0 -1.08428003e0 -1.08428003e0
4.6664e-1 1.5817497e0 -1.04227737e0 -1.04227737e0
5.11084e-1 1.5817497e0 -9.9795215e-1 -9.9795215e-1
5.55528e-1 1.5817497e0 -9.5174628e-1 -9.5174628e-1
5.999721e-1 1.5817497e0 -9.0410773e-1 -9.0410773e-1
6.44416e-1 1.5817497e0 -8.5545282e-1 -8.5545282e-1
6.8886e-1 1.5817497e0 -8.0624545e-1 -8.0624545e-1
7.33304e-1 1.5817497e0 -7.5686287e-1 -7.5686287e-1
7.77748e-1 1.5817497e0 -7.0769025e-1 -7.0769025e-1
8.221921e-1 1.5817497e0 -6.5912152e-1 -6.5912152e-1
8.66636e-1 1.5817497e0 -6.1145859e-1 -6.1145859e-1
9.1108e-1 1.5817497e0 -5.6500726e-1 -5.6500726e-1
9.55524e-1 1.5817497e0 -5.2002362e-1 -5.2002362e-1
9.99968e-1 1.5817497e0 -4.767425e-1 -4.767425e-1
1.0444121e0 1.5817497e0 -4.3533165e-1 -4.3533165e-1
1.088856e0 1.5817497e0 -3.959576e-1 -3.959576e-1
1.1333e0 1.5817497e0 -3.5871375e-1 -3.5871375e-1
1.177744e0 1.5817497e0 -3.2370221e-1 -3.2370221e-1
1.222188e0 1.5817497e0 -2.9095457e-1 -2.9095457e-1
1.2666321e0 1.5817497e0 -2.6048341e-1 -2.6048341e-1
1.311076e0 1.5817497e0 -2.3228654e-1 -2.3228654e-1
1.35552e0 1.5817497e0 -2.0632608e-1 -2.0632608e-1
1.399964e0 1.5817497e0 -1.8254868e-1 -1.8254868e-1
1.444408e0 1.5817497e0 -1.6086794e-1 -1.6086794e-1
1.4888521e0 1.5817497e0 -1.41207129e-1 -1.41207129e-1
1.533296e0 1.5817497e0 -1.23458673e-1 -1.23458673e-1
1.57774e0 1.5817497e0 -1.07516618e-1 -1.07516618e-1
1.622184e0 1.5817497e0 -9.3263766e-2 -9.3263766e-2
1.666628e0 1.5817497e0 -8.058156e-2 -8.058156e-2
1.7110721e0 1.5817497e0 -6.9347803e-2 -6.9347803e-2
1.755516e0 1.5817497e0 -5.944587e-2 -5.944587e-2
1.79996e0 1.5817497e0 -5.0756749e-2 -5.0756749e-2
1.844404e0 1.5817497e0 -4.3166498e-2 -4.3166498e-2
1.888848e0 1.5817497e0 -3.6567711e-2 -3.6567711e-2
1.9332921e0 1.5817497e0 -3.085441e-2 -3.085441e-2
1.977736e0 1.5817497e0 -2.5931357e-2 -2.5931357e-2
2.02218e0 1.5817497e0 -2.1708041e-2 -2.1708041e-2
2.066624e0 1.5817497e0 -1.8100594e-2 -1.8100594e-2
2.111068e0 1.5817497e0 -1.50337689e-2 -1.50337689e-2
2.1555121e0 1.5817497e0 -1.24369717e-2 -1.24369717e-2
2.199956e0 1.5817497e0 -1.02481987e-2 -1.02481987e-2

-2.2e0 1.6181126e0 -9.3304453e-3 -9.3304453e-3
-2.155556e0 1.6181126e0 -1.1323257e-2 -1.1323257e-2
-2.111112e0 1.6181126e0 -1.36877066e-2 -1.36877066e-2
-2.0666681e0 1.6181126e0 -1.6480048e-2 -1.6480048e-2
-2.0222241e0 1.6181126e0 -1.976442e-2 -1.976442e-2
-1.97778e0 1.6181126e0 -2.3609485e-2 -2.3609485e-2
-1.933336e0 1.6181126e0 -2.8091959e-2 -2.8091959e-2
-1.888892e0 1.6181126e0 -3.3293146e-2 -3.3293146e-2
-1.8444481e0 1.6181126e0 -3.930218e-2 -3.930218e-2
-1.8000041e0 1.6181126e0 -4.6212589e-2 -4.6212589e-2
-1.75556e0 1.6181126e0 -5.4124884e-2 -5.4124884e-2
-1.711116e0 1.6181126e0 -6.3140472e-2 -6.3140472e-2
-1.666672e0 1.6181126e0 -7.3367397e-2 -7.3367397e-2
-1.6222281e0 1.6181126e0 -8.4916075e-2 -8.4916075e-2
-1.5777841e0 1.6181126e0 -9.7892972e-2 -9.7892972e-2
-1.53334e0 1.6181126e0 -1.12410008e-1 -1.12410008e-1
-1.488896e0 1.6181126e0 -1.28569106e-1 -1.28569106e-1
-1.444452e0 1.6181126e0 -1.4647399e-1 -1.4647399e-1
-1.4000081e0 1.6181126e0 -1.6620956e-1 -1.6620956e-1
-1.3555641e0 1.6181126e0 -1.8786333e-1 -1.8786333e-1
-1.31112e0 1.6181126e0 -2.1150194e-1 -2.1150194e-1
-1.266676e0 1.6181126e0 -2.3717284e-1 -2.3717284e-1
-1.222232e0 1.6181126e0 -2.649187e-1 -2.649187e-1
-1.177788e0 1.6181126e0 -2.9473561e-1 -2.9473561e-1
-1.133344e0 1.6181126e0 -3.2662132e-1 -3.2662132e-1
-1.0889e0 1.6181126e0 -3.6053241e-1 -3.6053241e-1
-1.044456e0 1.6181126e0 -3.9638118e-1 -3.9638118e-1
-1.000012e0 1.6181126e0 -4.3408865e-1 -4.3408865e-1
-9.55568e-1 1.6181126e0 -4.7350891e-1 -4.7350891e-1
-9.11124e-1 1.6181126e0 -5.1446194e-1 -5.1446194e-1
-8.6668e-1 1.6181126e0 -5.5677048e-1 -5.5677048e-1
-8.22236e-1 1.6181126e0 -6.0016441e-1 -6.0016441e-1
-7.77792e-1 1.6181126e0 -6.4439929e-1 -6.4439929e-1
-7.33348e-1 1.6181126e0 -6.8916774e-1 -6.8916774e-1
-6.88904e-1 1.6181126e0 -7.3413074e-1 -7.3413074e-1
-6.4446e-1 1.6181126e0 -7.7895795e-1 -7.7895795e-1
-6.00016e-1 1.6181126e0 -8.2325851e-1 -8.2325851e-1
-5.55572e-1 1.6181126e0 -8.6665047e-1 -8.6665047e-1
-5.11128e-1 1.6181126e0 -9.0870741e-1 -9.0870741e-1
-4.66684e-1 1.6181126e0 -9.4908194e-1 -9.4908194e-1
-4.2224e-1 1.6181126e0 -9.8733038e-1 -9.8733038e-1
-3.77796e-1 1.6181126e0 -1.0230656e0 -1.0230656e0
-3.33352e-1 1.6181126e0 -1.05590016e0 -1.05590016e0
-2.88908e-1 1.6181126e0 -1.08553116e0 -1.08553116e0
-2.44464e-1 1.6181126e0 -1.11155191e0 -1.11155191e0
-2.0002e-1 1.6181126e0 -1.13374292e0 -1.13374292e0
-1.55576e-1 1.6181126e0 -1.15180792e0 -1.15180792e0
-1.11132e-1 1.6181126e0 -1.1655437e0 -1.1655437e0
-6.6688e-2 1.6181126e0 -1.17477719e0 -1.17477719e0
-2.2244e-2 1.6181126e0 -1.1794259e0 -1.1794259e0
2.22e-2 1.6181126e0 -1.17945035e0 -1.17945035e0
6.6644e-2 1.6181126e0 -1.17479521e0 -1.17479521e0
1.11088e-1 1.6181126e0 -1.1655437e0 -1.1655437e0
1.55532e-1 1.6181126e0 -1.15182446e0 -1.15182446e0
1.99976e-1 1.6181126e0 -1.13376045e0 -1.13376045e0
2.4442e-1 1.6181126e0 -1.11159042e0 -1.11159042e0
2.88864e-1 1.6181126e0 -1.0855393e0 -1.0855393e0
3.33308e-1 1.6181126e0 -1.05593918e0 -1.05593918e0
3.77752e-1 1.6181126e0 -1.02309448e0 -1.02309448e0
4.22196e-1 1.6181126e0 -9.873615e-1 -9.873615e-1
4.6664e-1 1.6181126e0 -9.4910886e-1 -9.4910886e-1
5.11084e-1 1.6181126e0 -9.0874641e-1 -9.0874641e-1
5.55528e-1 1.6181126e0 -8.6668405e-1 -8.6668405e-1
5.999721e-1 1.6181126e0 -8.2329308e-1 -8.2329308e-1
6.44416e-1 1.6181126e0 -7.7900017e-1 -7.7900017e-1
6.8886e-1 1.6181126e0 -7.3417296e-1 -7.3417296e-1
7.33304e-1 1.6181126e0 -6.8921045e-1 -6.8921045e-1
7.77748e-1 1.6181126e0 -6.4444891e-1 -6.4444891e-1
8.221921e-1 1.6181126e0 -6.0021355e-1 -6.0021355e-1
8.66636e-1 1.6181126e0 -5.5680925e-1 -5.5680925e-1
9.1108e-1 1.6181126e0 -5.1450984e-1 -5.1450984e-1
9.55524e-1 1.6181126e0 -4.7354842e-1 -4.7354842e-1
9.99968e-1 1.6181126e0 -4.3412866e-1 -4.3412866e-1
1.0444121e0 1.6181126e0 -3.9641673e-1 -3.9641673e-1
1.088856e0 1.6181126e0 -3.6056525e-1 -3.6056525e-1
1.1333e0 1.6181126e0 -3.2665811e-1 -3.2665811e-1
1.177744e0 1.6181126e0 -2.9476944e-1 -2.9476944e-1
1.222188e0 1.6181126e0 -2.6494661e-1 -2.6494661e-1
1.2666321e0 1.6181126e0 -2.3720122e-1 -2.3720122e-1
1.311076e0 1.6181126e0 -2.115281e-1 -2.115281e-1
1.35552e0 1.6181126e0 -1.878848e-1 -1.878848e-1
1.399964e0 1.6181126e0 -1.6622931e-1 -1.6622931e-1
1.444408e0 1.6181126e0 -1.46491249e-1 -1.46491249e-1
1.4888521e0 1.6181126e0 -1.2858782e-1 -1.2858782e-1
1.533296e0 1.6181126e0 -1.12424773e-1 -1.12424773e-1
1.57774e0 1.6181126e0 -9.7906058e-2 -9.7906058e-2
1.622184e0 1.6181126e0 -8.4927483e-2 -8.4927483e-2
1.666628e0 1.6181126e0 -7.3378459e-2 -7.3378459e-2
1.7110721e0 1.6181126e0 -6.3149928e-2 -6.3149928e-2
1.755516e0 1.6181126e0 -5.4132858e-2 -5.4132858e-2
1.79996e0 1.6181126e0 -4.622071e-2 -4.622071e-2
1.844404e0 1.6181126e0 -3.9308995e-2 -3.9308995e-2
1.888848e0 1.6181126e0 -3.3298874e-2 -3.3298874e-2
1.9332921e0 1.6181126e0 -2.8096896e-2 -2.8096896e-2
1.977736e0 1.6181126e0 -2.361383e-2 -2.361383e-2
2.02218e0 1.6181126e0 -1.976758e-2 -1.976758e-2
2.066624e0 1.6181126e0 -1.6482986e-2 -1.6482986e-2
2.111068e0 1.6181126e0 -1.3689862e-2 -1.3689862e-2
2.1555121e0 1.6181126e0 -1.13254791e-2 -1.13254791e-2
2.199956e0 1.6181126e0 -9.332129e-3 -9.332129e-3

-2.2e0 1.6544756e0 -8.4697345e-3 -8.4697345e-3
-2.155556e0 1.6544756e0 -1.02787036e-2 -1.02787036e-2
-2.111112e0 1.6544756e0 -1.24250557e-2 -1.24250557e-2
-2.0666681e0 1.6544756e0 -1.49599985e-2 -1.49599985e-2
-2.0222241e0 1.6544756e0 -1.794102e-2 -1.794102e-2
-1.97778e0 1.6544756e0 -2.143151e-2 -2.143151e-2
-1.933336e0 1.6544756e0 -2.5500444e-2 -2.5500444e-2
-1.888892e0 1.6544756e0 -3.0222324e-2 -3.0222324e-2
-1.8444481e0 1.6544756e0 -3.5676796e-2 -3.5676796e-2
-1.8000041e0 1.6544756e0 -4.194967e-2 -4.194967e-2
-1.75556e0 1.6544756e0 -4.9131905e-2 -4.9131905e-2
-1.711116e0 1.6544756e0 -5.7316176e-2 -5.7316176e-2
-1.666672e0 1.6544756e0 -6.6600461e-2 -6.6600461e-2
-1.6222281e0 1.6544756e0 -7.7082507e-2 -7.7082507e-2
-1.5777841e0 1.6544756e0 -8.8862592e-2 -8.8862592e-2
-1.53334e0 1.6544756e0 -1.02040608e-1 -1.02040608e-1
-1.488896e0 1.6544756e0 -1.16710193e-1 -1.16710193e-1
-1.444452e0 1.6544756e0 -1.32962581e-1 -1.32962581e-1
-1.4000081e0 1.6544756e0 -1.50878987e-1 -1.50878987e-1
-1.3555641e0 1.6544756e0 -1.7053268e-1 -1.7053268e-1
-1.31112e0 1.6544756e0 -1.9199245e-1 -1.9199245e-1
-1.266676e0 1.6544756e0 -2.1529764e-1 -2.1529764e-1
-1.222232e0 1.6544756e0 -2.4048259e-1 -2.4048259e-1
-1.177788e0 1.6544756e0 -2.6755086e-1 -2.6755086e-1
-1.133344e0 1.6544756e0 -2.964918e-1 -2.964918e-1
-1.0889e0 1.6544756e0 -3.272739e-1 -3.272739e-1
-1.044456e0 1.6544756e0 -3.5982188e-1 -3.5982188e-1
-1.000012e0 1.6544756e0 -3.9404465e-1 -3.9404465e-1
-9.55568e-1 1.6544756e0 -4.2982556e-1 -4.2982556e-1
-9.11124e-1 1.6544756e0 -4.6700734e-1 -4.6700734e-1
-8.6668e-1 1.6544756e0 -5.0541173e-1 -5.0541173e-1
-8.22236e-1 1.6544756e0 -5.44806e-1 -5.44806e-1
-7.77792e-1 1.6544756e0 -5.8495485e-1 -5.8495485e-1
-7.33348e-1 1.6544756e0 -6.2559825e-1 -6.2559825e-1
-6.88904e-1 1.6544756e0 -6.6641484e-1 -6.6641484e-1
-6.4446e-1 1.6544756e0 -7.0710242e-1 -7.0710242e-1
-6.00016e-1 1.6544756e0 -7.4731136e-1 -7.4731136e-1
-5.55572e-1 1.6544756e0 -7.8670082e-1 -7.8670082e-1
-5.11128e-1 1.6544756e0 -8.2490048e-1 -8.2490048e-1
-4.66684e-1 1.6544756e0 -8.6154074e-1 -8.6154074e-1
-4.2224e-1 1.6544756e0 -8.9624998e-1 -8.9624998e-1
-3.77796e-1 1.6544756e0 -9.2869145e-1 -9.2869145e-1
-3.33352e-1 1.6544756e0 -9.5850993e-1 -9.5850993e-1
-2.88908e-1 1.6544756e0 -9.8538606e-1 -9.8538606e-1
-2.44464e-1 1.6544756e0 -1.00902298e0 -1.00902298e0
-2.0002e-1 1.6544756e0 -1.02915811e0 -1.02915811e0
-1.55576e-1 1.6544756e0 -1.04555695e0 -1.04555695e0
-1.11132e-1 1.6544756e0 -1.05802635e0 -1.05802635e0
-6.6688e-2 1.6544756e0 -1.06642723e0 -1.06642723e0
-2.2244e-2 1.6544756e0 -1.07064194e0 -1.07064194e0
2.22e-2 1.6544756e0 -1.07064194e0 -1.07064194e0
6.6644e-2 1.6544756e0 -1.06642723e0 -1.06642723e0
1.11088e-1 1.6544756e0 -1.05802635e0 -1.05802635e0
1.55532e-1 1.6544756e0 -1.04557664e0 -1.04557664e0
1.99976e-1 1.6544756e0 -1.02917427e0 -1.02917427e0
2.4442e-1 1.6544756e0 -1.00905403e0 -1.00905403e0
2.88864e-1 1.6544756e0 -9.854209e-1 -9.854209e-1
3.33308e-1 1.6544756e0 -9.5853593e-1 -9.5853593e-1
3.77752e-1 1.6544756e0 -9.2871494e-1 -9.2871494e-1
4.22196e-1 1.6544756e0 -8.9627876e-1 -8.9627876e-1
4.6664e-1 1.6544756e0 -8.6156322e-1 -8.6156322e-1
5.11084e-1 1.6544756e0 -8.2493532e-1 -8.2493532e-1
5.55528e-1 1.6544756e0 -7.8674147e-1 -7.8674147e-1
5.999721e-1 1.6544756e0 -7.4735098e-1 -7.4735098e-1
6.44416e-1 1.6544756e0 -7.0714685e-1 -7.0714685e-1
6.8886e-1 1.6544756e0 -6.6645169e-1 -6.6645169e-1
7.33304e-1 1.6544756e0 -6.2563309e-1 -6.2563309e-1
7.77748e-1 1.6544756e0 -5.8500053e-1 -5.8500053e-1
8.221921e-1 1.6544756e0 -5.4484589e-1 -5.4484589e-1
8.66636e-1 1.6544756e0 -5.054501e-1 -5.054501e-1
9.1108e-1 1.6544756e0 -4.670505e-1 -4.670505e-1
9.55524e-1 1.6544756e0 -4.2986621e-1 -4.2986621e-1
9.99968e-1 1.6544756e0 -3.9408379e-1 -3.9408379e-1
1.0444121e0 1.6544756e0 -3.5985143e-1 -3.5985143e-1
1.088856e0 1.6544756e0 -3.2730469e-1 -3.2730469e-1
1.1333e0 1.6544756e0 -2.9652513e-1 -2.9652513e-1
1.177744e0 1.6544756e0 -2.6757811e-1 -2.6757811e-1
1.222188e0 1.6544756e0 -2.4050708e-1 -2.4050708e-1
1.2666321e0 1.6544756e0 -2.1532364e-1 -2.1532364e-1
1.311076e0 1.6544756e0 -1.9201466e-1 -1.9201466e-1
1.35552e0 1.6544756e0 -1.705539e-1 -1.705539e-1
1.399964e0 1.6544756e0 -1.50897997e-1 -1.50897997e-1
1.444408e0 1.6544756e0 -1.3297894e-1 -1.3297894e-1
1.4888521e0 1.6544756e0 -1.16726299e-1 -1.16726299e-1
1.533296e0 1.6544756e0 -1.0205477e-1 -1.0205477e-1
1.57774e0 1.6544756e0 -8.887486e-2 -8.887486e-2
1.622184e0 1.6544756e0 -7.7093338e-2 -7.7093338e-2
1.666628e0 1.6544756e0 -6.660975e-2 -6.660975e-2
1.7110721e0 1.6544756e0 -5.7324507e-2 -5.7324507e-2
1.755516e0 1.6544756e0 -4.9139328e-2 -4.9139328e-2
1.79996e0 1.6544756e0 -4.1956966e-2 -4.1956966e-2
1.844404e0 1.6544756e0 -3.5682654e-2 -3.5682654e-2
1.888848e0 1.6544756e0 -3.0227045e-2 -3.0227045e-2
1.9332921e0 1.6544756e0 -2.550504e-2 -2.550504e-2
1.977736e0 1.6544756e0 -2.1435474e-2 -2.1435474e-2
2.02218e0 1.6544756e0 -1.7944302e-2 -1.7944302e-2
2.066624e0 1.6544756e0 -1.49627477e-2 -1.49627477e-2
2.111068e0 1.6544756e0 -1.24272873e-2 -1.24272873e-2
2.1555121e0 1.6544756e0 -1.02807863e-2 -1.02807863e-2
2.199956e0 1.6544756e0 -8.4714664e-3 -8.4714664e-3

-2.2e0 1.6908383e0 -7.6644814e-3 -7.6644814e-3
-2.155556e0 1.6908383e0 -9.3014674e-3 -9.3014674e-3
-2.111112e0 1.6908383e0 -1.12437363e-2 -1.12437363e-2
-2.0666681e0 1.6908383e0 -1.35377359e-2 -1.35377359e-2
-2.0222241e0 1.6908383e0 -1.62355544e-2 -1.62355544e-2
-1.97778e0 1.6908383e0 -1.9394101e-2 -1.9394101e-2
-1.933336e0 1.6908383e0 -2.3075937e-2 -2.3075937e-2
-1.888892e0 1.6908383e0 -2.7348726e-2 -2.7348726e-2
-1.8444481e0 1.6908383e0 -3.2284734e-2 -3.2284734e-2
-1.8000041e0 1.6908383e0 -3.796123e-2 -3.796123e-2
-1.75556e0 1.6908383e0 -4.4460287e-2 -4.4460287e-2
-1.711116e0 1.6908383e0 -5.1866737e-2 -5.1866737e-2
-1.666672e0 1.6908383e0 -6.0267705e-2 -6.0267705e-2
-1.6222281e0 1.6908383e0 -6.9754213e-2 -6.9754213e-2
-1.5777841e0 1.6908383e0 -8.04137e-2 -8.04137e-2
-1.53334e0 1.6908383e0 -9.2339148e-2 -9.2339148e-2
-1.488896e0 1.6908383e0 -1.05614229e-1 -1.05614229e-1
-1.444452e0 1.6908383e0 -1.20320804e-1 -1.20320804e-1
-1.4000081e0 1.6908383e0 -1.36534753e-1 -1.36534753e-1
-1.3555641e0 1.6908383e0 -1.54322797e-1 -1.54322797e-1
-1.31112e0 1.6908383e0 -1.7373846e-1 -1.7373846e-1
-1.266676e0 1.6908383e0 -1.948288e-1 -1.948288e-1
-1.222232e0 1.6908383e0 -2.1761755e-1 -2.1761755e-1
-1.177788e0 1.6908383e0 -2.4211066e-1 -2.4211066e-1
-1.133344e0 1.6908383e0 -2.6830376e-1 -2.6830376e-1
-1.0889e0 1.6908383e0 -2.9615553e-1 -2.9615553e-1
-1.044456e0 1.6908383e0 -3.2560898e-1 -3.2560898e-1
-1.000012e0 1.6908383e0 -3.5658102e-1 -3.5658102e-1
-9.55568e-1 1.6908383e0 -3.8896046e-1 -3.8896046e-1
-9.11124e-1 1.6908383e0 -4.22608e-1 -4.22608e-1
-8.6668e-1 1.6908383e0 -4.5735254e-1 -4.5735254e-1
-8.22236e-1 1.6908383e0 -4.9300783e-1 -4.9300783e-1
-7.77792e-1 1.6908383e0 -5.2934296e-1 -5.2934296e-1
-7.33348e-1 1.6908383e0 -5.6611952e-1 -5.6611952e-1
-6.88904e-1 1.6908383e0 -6.030514e-1 -6.030514e-1
-6.4446e-1 1.6908383e0 -6.3987648e-1 -6.3987648e-1
-6.00016e-1 1.6908383e0 -6.7626294e-1 -6.7626294e-1
-5.55572e-1 1.6908383e0 -7.118945e-1 -7.118945e-1
-5.11128e-1 1.6908383e0 -7.4645973e-1 -7.4645973e-1
-4.66684e-1 1.6908383e0 -7.7961499e-1 -7.7961499e-1
-4.2224e-1 1.6908383e0 -8.110388e-1 -8.110388e-1
-3.77796e-1 1.6908383e0 -8.4039343e-1 -8.4039343e-1
-3.33352e-1 1.6908383e0 -8.673742e-1 -8.673742e-1
-2.88908e-1 1.6908383e0 -8.9170813e-1 -8.9170813e-1
-2.44464e-1 1.6908383e0 -9.1308871e-1 -9.1308871e-1
-2.0002e-1 1.6908383e0 -9.3131367e-1 -9.3131367e-1
-1.55576e-1 1.6908383e0 -9.4614928e-1 -9.4614928e-1
-1.11132e-1 1.6908383e0 -9.5741776e-1 -9.5741776e-1
-6.6688e-2 1.6908383e0 -9.650208e-1 -9.650208e-1
-2.2244e-2 1.6908383e0 -9.6883948e-1 -9.6883948e-1
2.22e-2 1.6908383e0 -9.6885315e-1 -9.6885315e-1
6.6644e-2 1.6908383e0 -9.6503447e-1 -9.6503447e-1
1.11088e-1 1.6908383e0 -9.5743478e-1 -9.5743478e-1
1.55532e-1 1.6908383e0 -9.4614928e-1 -9.4614928e-1
1.99976e-1 1.6908383e0 -9.3133148e-1 -9.3133148e-1
2.4442e-1 1.6908383e0 -9.1311838e-1 -9.1311838e-1
2.88864e-1 1.6908383e0 -8.9172284e-1 -8.9172284e-1
3.33308e-1 1.6908383e0 -8.6740309e-1 -8.6740309e-1
3.77752e-1 1.6908383e0 -8.404182e-1 -8.404182e-1
4.22196e-1 1.6908383e0 -8.1106305e-1 -8.1106305e-1
4.6664e-1 1.6908383e0 -7.7964983e-1 -7.7964983e-1
5.11084e-1 1.6908383e0 -7.4649379e-1 -7.4649379e-1
5.55528e-1 1.6908383e0 -7.1193707e-1 -7.1193707e-1
5.999721e-1 1.6908383e0 -6.7629494e-1 -6.7629494e-1
6.44416e-1 1.6908383e0 -6.3991621e-1 -6.3991621e-1
6.8886e-1 1.6908383e0 -6.0309216e-1 -6.0309216e-1
7.33304e-1 1.6908383e0 -5.661572e-1 -5.661572e-1
7.77748e-1 1.6908383e0 -5.2938037e-1 -5.2938037e-1
8.221921e-1 1.6908383e0 -4.9304318e-1 -4.9304318e-1
8.66636e-1 1.6908383e0 -4.5738402e-1 -4.5738402e-1
9.1108e-1 1.6908383e0 -4.2264514e-1 -4.2264514e-1
9.55524e-1 1.6908383e0 -3.889966e-1 -3.889966e-1
9.99968e-1 1.6908383e0 -3.5661095e-1 -3.5661095e-1
1.0444121e0 1.6908383e0 -3.2563814e-1 -3.2563814e-1
1.088856e0 1.6908383e0 -2.9618442e-1 -2.9618442e-1
1.1333e0 1.6908383e0 -2.6833264e-1 -2.6833264e-1
1.177744e0 1.6908383e0 -2.4213724e-1 -2.4213724e-1
1.222188e0 1.6908383e0 -2.1763974e-1 -2.1763974e-1
1.2666321e0 1.6908383e0 -1.9485278e-1 -1.9485278e-1
1.311076e0 1.6908383e0 -1.7376013e-1 -1.7376013e-1
1.35552e0 1.6908383e0 -1.54341656e-1 -1.54341656e-1
1.399964e0 1.6908383e0 -1.36551524e-1 -1.36551524e-1
1.444408e0 1.6908383e0 -1.20335098e-1 -1.20335098e-1
1.4888521e0 1.6908383e0 -1.05627077e-1 -1.05627077e-1
1.533296e0 1.6908383e0 -9.2352126e-2 -9.2352126e-2
1.57774e0 1.6908383e0 -8.0425182e-2 -8.0425182e-2
1.622184e0 1.6908383e0 -6.9763527e-2 -6.9763527e-2
1.666628e0 1.6908383e0 -6.0276347e-2 -6.0276347e-2
1.7110721e0 1.6908383e0 -5.1874323e-2 -5.1874323e-2
1.755516e0 1.6908383e0 -4.4467513e-2 -4.4467513e-2
1.79996e0 1.6908383e0 -3.7967912e-2 -3.7967912e-2
1.844404e0 1.6908383e0 -3.2290125e-2 -3.2290125e-2
1.888848e0 1.6908383e0 -2.7353215e-2 -2.7353215e-2
1.9332921e0 1.6908383e0 -2.308004e-2 -2.308004e-2
1.977736e0 1.6908383e0 -1.9397585e-2 -1.9397585e-2
2.02218e0 1.6908383e0 -1.62385059e-2 -1.62385059e-2
2.066624e0 1.6908383e0 -1.35402075e-2 -1.35402075e-2
2.111068e0 1.6908383e0 -1.12456635e-2 -1.12456635e-2
2.1555121e0 1.6908383e0 -9.3033508e-3 -9.3033508e-3
2.199956e0 1.6908383e0 -7.6658643e-3 -7.6658643e-3

-2.2e0 1.7272012e0 -6.9141759e-3 -6.9141759e-3
-2.155556e0 1.7272012e0 -8.3911078e-3 -8.3911078e-3
-2.111112e0 1.7272012e0 -1.01430438e-2 -1.01430438e-2
-2.0666681e0 1.7272012e0 -1.22124971e-2 -1.22124971e-2
-2.0222241e0 1.7272012e0 -1.46463269e-2 -1.46463269e-2
-1.97778e0 1.7272012e0 -1.7495718e-2 -1.7495718e-2
-1.933336e0 1.7272012e0 -2.0817372e-2 -2.0817372e-2
-1.888892e0 1.7272012e0 -2.4671977e-2 -2.4671977e-2
-1.8444481e0 1.7272012e0 -2.9124419e-2 -2.9124419e-2
-1.8000041e0 1.7272012e0 -3.4245671e-2 -3.4245671e-2
-1.75556e0 1.7272012e0 -4.010858e-2 -4.010858e-2
-1.711116e0 1.7272012e0 -4.6789522e-2 -4.6789522e-2
-1.666672e0 1.7272012e0 -5.436909e-2 -5.436909e-2
-1.6222281e0 1.7272012e0 -6.292564e-2 -6.292564e-2
-1.5777841e0 1.7272012e0 -7.2543268e-2 -7.2543268e-2
-1.53334e0 1.7272012e0 -8.3300908e-2 -8.3300908e-2
-1.488896e0 1.7272012e0 -9.5275148e-2 -9.5275148e-2
-1.444452e0 1.7272012e0 -1.08542786e-1 -1.08542786e-1
-1.4000081e0 1.7272012e0 -1.23169104e-1 -1.23169104e-1
-1.3555641e0 1.7272012e0 -1.3921651e-1 -1.3921651e-1
-1.31112e0 1.7272012e0 -1.5673371e-1 -1.5673371e-1
-1.266676e0 1.7272012e0 -1.7575706e-1 -1.7575706e-1
-1.222232e0 1.7272012e0 -1.9631396e-1 -1.9631396e-1
-1.177788e0 1.7272012e0 -2.184137e-1 -2.184137e-1
-1.133344e0 1.7272012e0 -2.4203859e-1 -2.4203859e-1
-1.0889e0 1.7272012e0 -2.6716467e-1 -2.6716467e-1
-1.044456e0 1.7272012e0 -2.9373763e-1 -2.9373763e-1
-1.000012e0 1.7272012e0 -3.2168158e-1 -3.2168158e-1
-9.55568e-1 1.7272012e0 -3.5089215e-1 -3.5089215e-1
-9.11124e-1 1.7272012e0 -3.8123943e-1 -3.8123943e-1
-8.6668e-1 1.7272012e0 -4.1258449e-1 -4.1258449e-1
-8.22236e-1 1.7272012e0 -4.4474709e-1 -4.4474709e-1
-7.77792e-1 1.7272012e0 -4.7752719e-1 -4.7752719e-1
-7.33348e-1 1.7272012e0 -5.106997e-1 -5.106997e-1
-6.88904e-1 1.7272012e0 -5.440235e-1 -5.440235e-1
-6.4446e-1 1.7272012e0 -5.7723477e-1 -5.7723477e-1
-6.00016e-1 1.7272012e0 -6.1006653e-1 -6.1006653e-1
-5.55572e-1 1.7272012e0 -6.4221384e-1 -6.4221384e-1
-5.11128e-1 1.7272012e0 -6.7339761e-1 -6.7339761e-1
-4.66684e-1 1.7272012e0 -7.0330765e-1 -7.0330765e-1
-4.2224e-1 1.7272012e0 -7.3164218e-1 -7.3164218e-1
-3.77796e-1 1.7272012e0 -7.581279e-1 -7.581279e-1
-3.33352e-1 1.7272012e0 -7.8247968e-1 -7.8247968e-1
-2.88908e-1 1.7272012e0 -8.0441257e-1 -8.0441257e-1
-2.44464e-1 1.7272012e0 -8.2371735e-1 -8.2371735e-1
-2.0002e-1 1.7272012e0 -8.4014442e-1 -8.4014442e-1
-1.55576e-1 1.7272012e0 -8.5353198e-1 -8.5353198e-1
-1.11132e-1 1.7272012e0 -8.6371346e-1 -8.6371346e-1
-6.6688e-2 1.7272012e0 -8.705668e-1 -8.705668e-1
-2.2244e-2 1.7272012e0 -8.7401114e-1 -8.7401114e-1
2.22e-2 1.7272012e0 -8.7401114e-1 -8.7401114e-1
6.6644e-2 1.7272012e0 -8.705668e-1 -8.705668e-1
1.11088e-1 1.7272012e0 -8.6372136e-1 -8.6372136e-1
1.55532e-1 1.7272012e0 -8.5354674e-1 -8.5354674e-1
1.99976e-1 1.7272012e0 -8.4015787e-1 -8.4015787e-1
2.4442e-1 1.7272012e0 -8.2373053e-1 -8.2373053e-1
2.88864e-1 1.7272012e0 -8.0443681e-1 -8.0443681e-1
3.33308e-1 1.7272012e0 -7.8250154e-1 -7.8250154e-1
3.77752e-1 1.7272012e0 -7.5816138e-1 -7.5816138e-1
4.22196e-1 1.7272012e0 -7.3168408e-1 -7.3168408e-1
4.6664e-1 1.7272012e0 -7.0333769e-1 -7.0333769e-1
5.11084e-1 1.7272012e0 -6.7342923e-1 -6.7342923e-1
5.55528e-1 1.7272012e0 -6.4224889e-1 -6.4224889e-1
5.999721e-1 1.7272012e0 -6.1010078e-1 -6.1010078e-1
6.44416e-1 1.7272012e0 -5.7727403e-1 -5.7727403e-1
6.8886e-1 1.7272012e0 -5.4406277e-1 -5.4406277e-1
7.33304e-1 1.7272012e0 -5.1073476e-1 -5.1073476e-1
7.77748e-1 1.7272012e0 -4.7755855e-1 -4.7755855e-1
8.221921e-1 1.7272012e0 -4.4478267e-1 -4.4478267e-1
8.66636e-1 1.7272012e0 -4.1261717e-1 -4.1261717e-1
9.1108e-1 1.7272012e0 -3.8127052e-1 -3.8127052e-1
9.55524e-1 1.7272012e0 -3.5091588e-1 -3.5091588e-1
9.99968e-1 1.7272012e0 -3.2170293e-1 -3.2170293e-1
1.0444121e0 1.7272012e0 -2.9376505e-1 -2.9376505e-1
1.088856e0 1.7272012e0 -2.6718918e-1 -2.6718918e-1
1.1333e0 1.7272012e0 -2.4206494e-1 -2.4206494e-1
1.177744e0 1.7272012e0 -2.1843715e-1 -2.1843715e-1
1.222188e0 1.7272012e0 -1.9633241e-1 -1.9633241e-1
1.2666321e0 1.7272012e0 -1.7577841e-1 -1.7577841e-1
1.311076e0 1.7272012e0 -1.5675266e-1 -1.5675266e-1
1.35552e0 1.7272012e0 -1.39232692e-1 -1.39232692e-1
1.399964e0 1.7272012e0 -1.23183862e-1 -1.23183862e-1
1.444408e0 1.7272012e0 -1.08556912e-1 -1.08556912e-1
1.4888521e0 1.7272012e0 -9.5288167e-2 -9.5288167e-2
1.533296e0 1.7272012e0 -8.3311053e-2 -8.3311053e-2
1.57774e0 1.7272012e0 -7.2552597e-2 -7.2552597e-2
1.622184e0 1.7272012e0 -6.2934021e-2 -6.2934021e-2
1.666628e0 1.7272012e0 -5.4376154e-2 -5.4376154e-2
1.7110721e0 1.7272012e0 -4.6796321e-2 -4.6796321e-2
1.755516e0 1.7272012e0 -4.0114563e-2 -4.0114563e-2
1.79996e0 1.7272012e0 -3.4250916e-2 -3.4250916e-2
1.844404e0 1.7272012e0 -2.9129294e-2 -2.9129294e-2
1.888848e0 1.7272012e0 -2.4676009e-2 -2.4676009e-2
1.9332921e0 1.7272012e0 -2.082093e-2 -2.082093e-2
1.977736e0 1.7272012e0 -1.7498645e-2 -1.7498645e-2
2.02218e0 1.7272012e0 -1.46490941e-2 -1.46490941e-2
2.066624e0 1.7272012e0 -1.2214748e-2 -1.2214748e-2
2.111068e0 1.7272012e0 -1.01448808e-2 -1.01448808e-2
2.1555121e0 1.7272012e0 -8.3926128e-3 -8.3926128e-3
2.199956e0 1.7272012e0 -6.9155858e-3 -6.9155858e-3

-2.2e0 1.7635641e0 -6.2181894e-3 -6.2181894e-3
-2.155556e0 1.7635641e0 -7.5463518e-3 -7.5463518e-3
-2.111112e0 1.7635641e0 -9.1219418e-3 -9.1219418e-3
-2.0666681e0 1.7635641e0 -1.09832205e-2 -1.09832205e-2
-2.0222241e0 1.7635641e0 -1.31719838e-2 -1.31719838e-2
-1.97778e0 1.7635641e0 -1.5734654e-2 -1.5734654e-2
-1.933336e0 1.7635641e0 -1.8721582e-2 -1.8721582e-2
-1.888892e0 1.7635641e0 -2.2188e-2 -2.2188e-2
-1.8444481e0 1.7635641e0 -2.6192911e-2 -2.6192911e-2
-1.8000041e0 1.7635641e0 -3.0798586e-2 -3.0798586e-2
-1.75556e0 1.7635641e0 -3.6070627e-2 -3.6070627e-2
-1.711116e0 1.7635641e0 -4.2079703e-2 -4.2079703e-2
-1.666672e0 1.7635641e0 -4.8895267e-2 -4.8895267e-2
-1.6222281e0 1.7635641e0 -5.6591536e-2 -5.6591536e-2
-1.5777841e0 1.7635641e0 -6.5239876e-2 -6.5239876e-2
-1.53334e0 1.7635641e0 -7.4915013e-2 -7.4915013e-2
-1.488896e0 1.7635641e0 -8.5685303e-2 -8.5685303e-2
-1.444452e0 1.7635641e0 -9.7617235e-2 -9.7617235e-2
-1.4000081e0 1.7635641e0 -1.10771573e-1 -1.10771573e-1
-1.3555641e0 1.7635641e0 -1.25203539e-1 -1.25203539e-1
-1.31112e0 1.7635641e0 -1.40957584e-1 -1.40957584e-1
-1.266676e0 1.7635641e0 -1.58067857e-1 -1.58067857e-1
-1.222232e0 1.7635641e0 -1.765552e-1 -1.765552e-1
-1.177788e0 1.7635641e0 -1.9642786e-1 -1.9642786e-1
-1.133344e0 1.7635641e0 -2.1767749e-1 -2.1767749e-1
-1.0889e0 1.7635641e0 -2.4027046e-1 -2.4027046e-1
-1.044456e0 1.7635641e0 -2.6416774e-1 -2.6416774e-1
-1.000012e0 1.7635641e0 -2.8929697e-1 -2.8929697e-1
-9.55568e-1 1.7635641e0 -3.1556447e-1 -3.1556447e-1
-9.11124e-1 1.7635641e0 -3.4286288e-1 -3.4286288e-1
-8.6668e-1 1.7635641e0 -3.7105284e-1 -3.7105284e-1
-8.22236e-1 1.7635641e0 -3.9998065e-1 -3.9998065e-1
-7.77792e-1 1.7635641e0 -4.2945769e-1 -4.2945769e-1
-7.33348e-1 1.7635641e0 -4.5929613e-1 -4.5929613e-1
-6.88904e-1 1.7635641e0 -4.8925783e-1 -4.8925783e-1
-6.4446e-1 1.7635641e0 -5.1913556e-1 -5.1913556e-1
-6.00016e-1 1.7635641e0 -5.4865512e-1 -5.4865512e-1
-5.55572e-1 1.7635641e0 -5.7756866e-1 -5.7756866e-1
-5.11128e-1 1.7635641e0 -6.0560388e-1 -6.0560388e-1
-4.66684e-1 1.7635641e0 -6.325035e-1 -6.325035e-1
-4.2224e-1 1.7635641e0 -6.5799977e-1 -6.5799977e-1
-3.77796e-1 1.7635641e0 -6.8181229e-1 -6.8181229e-1
-3.33352e-1 1.7635641e0 -7.0370856e-1 -7.0370856e-1
-2.88908e-1 1.7635641e0 -7.2344316e-1 -7.2344316e-1
-2.44464e-1 1.7635641e0 -7.4079382e-1 -7.4079382e-1
-2.0002e-1 1.7635641e0 -7.5557997e-1 -7.5557997e-1
-1.55576e-1 1.7635641e0 -7.6761513e-1 -7.6761513e-1
-1.11132e-1 1.7635641e0 -7.7676233e-1 -7.7676233e-1
-6.6688e-2 1.7635641e0 -7.8292468e-1 -7.8292468e-1
-2.2244e-2 1.7635641e0 -7.8602605e-1 -7.8602605e-1
2.22e-2 1.7635641e0 -7.8603627e-1 -7.8603627e-1
6.6644e-2 1.7635641e0 -7.8294164e-1 -7.8294164e-1
1.11088e-1 1.7635641e0 -7.7677364e-1 -7.7677364e-1
1.55532e-1 1.7635641e0 -7.6761513e-1 -7.6761513e-1
1.99976e-1 1.7635641e0 -7.5559396e-1 -7.5559396e-1
2.4442e-1 1.7635641e0 -7.4081158e-1 -7.4081158e-1
2.88864e-1 1.7635641e0 -7.2345905e-1 -7.2345905e-1
3.33308e-1 1.7635641e0 -7.0372821e-1 -7.0372821e-1
3.77752e-1 1.7635641e0 -6.8183247e-1 -6.8183247e-1
4.22196e-1 1.7635641e0 -6.5802237e-1 -6.5802237e-1
4.6664e-1 1.7635641e0 -6.3253418e-1 -6.3253418e-1
5.11084e-1 1.7635641e0 -6.056359e-1 -6.056359e-1
5.55528e-1 1.7635641e0 -5.7760042e-1 -5.7760042e-1
5.999721e-1 1.7635641e0 -5.4868417e-1 -5.4868417e-1
6.44416e-1 1.7635641e0 -5.1916461e-1 -5.1916461e-1
6.8886e-1 1.7635641e0 -4.8929012e-1 -4.8929012e-1
7.33304e-1 1.7635641e0 -4.593217e-1 -4.593217e-1
7.77748e-1 1.7635641e0 -4.2948944e-1 -4.2948944e-1
8.221921e-1 1.7635641e0 -4.0000674e-1 -4.0000674e-1
8.66636e-1 1.7635641e0 -3.7108109e-1 -3.7108109e-1
9.1108e-1 1.7635641e0 -3.4289249e-1 -3.4289249e-1
9.55524e-1 1.7635641e0 -3.1559514e-1 -3.1559514e-1
9.99968e-1 1.7635641e0 -2.8932414e-1 -2.8932414e-1
1.0444121e0 1.7635641e0 -2.6419357e-1 -2.6419357e-1
1.088856e0 1.7635641e0 -2.4029521e-1 -2.4029521e-1
1.1333e0 1.7635641e0 -2.1769902e-1 -2.1769902e-1
1.177744e0 1.7635641e0 -1.9644751e-1 -1.9644751e-1
1.222188e0 1.7635641e0 -1.7657297e-1 -1.7657297e-1
1.2666321e0 1.7635641e0 -1.5808656e-1 -1.5808656e-1
1.311076e0 1.7635641e0 -1.40974806e-1 -1.40974806e-1
1.35552e0 1.7635641e0 -1.25218257e-1 -1.25218257e-1
1.399964e0 1.7635641e0 -1.10785298e-1 -1.10785298e-1
1.444408e0 1.7635641e0 -9.7628859e-2 -9.7628859e-2
1.4888521e0 1.7635641e0 -8.5696631e-2 -8.5696631e-2
1.533296e0 1.7635641e0 -7.4925482e-2 -7.4925482e-2
1.57774e0 1.7635641e0 -6.5249509e-2 -6.5249509e-2
1.622184e0 1.7635641e0 -5.6599582e-2 -5.6599582e-2
1.666628e0 1.7635641e0 -4.890264e-2 -4.890264e-2
1.7110721e0 1.7635641e0 -4.2086215e-2 -4.2086215e-2
1.755516e0 1.7635641e0 -3.607695e-2 -3.607695e-2
1.79996e0 1.7635641e0 -3.0803644e-2 -3.0803644e-2
1.844404e0 1.7635641e0 -2.619719e-2 -2.619719e-2
1.888848e0 1.7635641e0 -2.2191875e-2 -2.2191875e-2
1.9332921e0 1.7635641e0 -1.8724864e-2 -1.8724864e-2
1.977736e0 1.7635641e0 -1.5737598e-2 -1.5737598e-2
2.02218e0 1.7635641e0 -1.31743652e-2 -1.31743652e-2
2.066624e0 1.7635641e0 -1.09852763e-2 -1.09852763e-2
2.111068e0 1.7635641e0 -9.1236426e-3 -9.1236426e-3
2.1555121e0 1.7635641e0 -7.5478586e-3 -7.5478586e-3
2.199956e0 1.7635641e0 -6.2193304e-3 -6.2193304e-3

-2.2e0 1.799927e0 -5.5750627e-3 -5.5750627e-3
-2.155556e0 1.799927e0 -6.7659074e-3 -6.7659074e-3
-2.111112e0 1.799927e0 -8.1785791e-3 -8.1785791e-3
-2.0666681e0 1.799927e0 -9.8473894e-3 -9.8473894e-3
-2.0222241e0 1.799927e0 -1.18097424e-2 -1.18097424e-2
-1.97778e0 1.799927e0 -1.41074669e-2 -1.41074669e-2
-1.933336e0 1.799927e0 -1.67857259e-2 -1.67857259e-2
-1.888892e0 1.799927e0 -1.9893727e-2 -1.9893727e-2
-1.8444481e0 1.799927e0 -2.3483858e-2 -2.3483858e-2
-1.8000041e0 1.799927e0 -2.7613011e-2 -2.7613011e-2
-1.75556e0 1.799927e0 -3.2340318e-2 -3.2340318e-2
-1.711116e0 1.799927e0 -3.7727766e-2 -3.7727766e-2
-1.666672e0 1.799927e0 -4.3838635e-2 -4.3838635e-2
-1.6222281e0 1.799927e0 -5.0738922e-2 -5.0738922e-2
-1.5777841e0 1.799927e0 -5.8492868e-2 -5.8492868e-2
-1.53334e0 1.799927e0 -6.716688e-2 -6.716688e-2
-1.488896e0 1.799927e0 -7.682358e-2 -7.682358e-2
-1.444452e0 1.799927e0 -8.7521274e-2 -8.7521274e-2
-1.4000081e0 1.799927e0 -9.9315495e-2 -9.9315495e-2
-1.3555641e0 1.799927e0 -1.12254309e-1 -1.12254309e-1
-1.31112e0 1.799927e0 -1.2637924e-1 -1.2637924e-1
-1.266676e0 1.799927e0 -1.41719788e-1 -1.41719788e-1
-1.222232e0 1.799927e0 -1.58297455e-1 -1.58297455e-1
-1.177788e0 1.799927e0 -1.76114989e-1 -1.76114989e-1
-1.133344e0 1.799927e0 -1.9516527e-1 -1.9516527e-1
-1.0889e0 1.799927e0 -2.1542186e-1 -2.1542186e-1
-1.044456e0 1.799927e0 -2.3684708e-1 -2.3684708e-1
-1.000012e0 1.799927e0 -2.593761e-1 -2.593761e-1
-9.55568e-1 1.799927e0 -2.8293037e-1 -2.8293037e-1
-9.11124e-1 1.799927e0 -3.0740555e-1 -3.0740555e-1
-8.6668e-1 1.799927e0 -3.3267609e-1 -3.3267609e-1
-8.22236e-1 1.799927e0 -3.5861595e-1 -3.5861595e-1
-7.77792e-1 1.799927e0 -3.8504332e-1 -3.8504332e-1
-7.33348e-1 1.799927e0 -4.1178706e-1 -4.1178706e-1
-6.88904e-1 1.799927e0 -4.3865991e-1 -4.3865991e-1
-6.4446e-1 1.799927e0 -4.6544156e-1 -4.6544156e-1
-6.00016e-1 1.799927e0 -4.9190958e-1 -4.9190958e-1
-5.55572e-1 1.799927e0 -5.1783351e-1 -5.1783351e-1
-5.11128e-1 1.799927e0 -5.429725e-1 -5.429725e-1
-4.66684e-1 1.799927e0 -5.6709035e-1 -5.6709035e-1
-4.2224e-1 1.799927e0 -5.8994373e-1 -5.8994373e-1
-3.77796e-1 1.799927e0 -6.113022e-1 -6.113022e-1
-3.33352e-1 1.799927e0 -6.309293e-1 -6.309293e-1
-2.88908e-1 1.799927e0 -6.4861685e-1 -6.4861685e-1
-2.44464e-1 1.799927e0 -6.6417944e-1 -6.6417944e-1
-2.0002e-1 1.799927e0 -6.7743474e-1 -6.7743474e-1
-1.55576e-1 1.799927e0 -6.8821875e-1 -6.8821875e-1
-1.11132e-1 1.799927e0 -6.9642355e-1 -6.9642355e-1
-6.6688e-2 1.799927e0 -7.0194946e-1 -7.0194946e-1
-2.2244e-2 1.799927e0 -7.0473355e-1 -7.0473355e-1
2.22e-2 1.799927e0 -7.0473355e-1 -7.0473355e-1
6.6644e-2 1.799927e0 -7.0196375e-1 -7.0196375e-1
1.11088e-1 1.799927e0 -6.9643839e-1 -6.9643839e-1
1.55532e-1 1.799927e0 -6.8822864e-1 -6.8822864e-1
1.99976e-1 1.799927e0 -6.7744847e-1 -6.7744847e-1
2.4442e-1 1.799927e0 -6.6418631e-1 -6.6418631e-1
2.88864e-1 1.799927e0 -6.4863937e-1 -6.4863937e-1
3.33308e-1 1.799927e0 -6.3094716e-1 -6.3094716e-1
3.77752e-1 1.799927e0 -6.113217e-1 -6.113217e-1
4.22196e-1 1.799927e0 -5.8996927e-1 -5.8996927e-1
4.6664e-1 1.799927e0 -5.6711754e-1 -5.6711754e-1
5.11084e-1 1.799927e0 -5.4299776e-1 -5.4299776e-1
5.55528e-1 1.799927e0 -5.1785547e-1 -5.1785547e-1
5.999721e-1 1.799927e0 -4.919365e-1 -4.919365e-1
6.44416e-1 1.799927e0 -4.6546463e-1 -4.6546463e-1
6.8886e-1 1.799927e0 -4.3868655e-1 -4.3868655e-1
7.33304e-1 1.799927e0 -4.1182057e-1 -4.1182057e-1
7.77748e-1 1.799927e0 -3.8506804e-1 -3.8506804e-1
8.221921e-1 1.799927e0 -3.5863655e-1 -3.5863655e-1
8.66636e-1 1.799927e0 -3.3269943e-1 -3.3269943e-1
9.1108e-1 1.799927e0 -3.0742697e-1 -3.0742697e-1
9.55524e-1 1.799927e0 -2.8295564e-1 -2.8295564e-1
9.99968e-1 1.799927e0 -2.594e-1 -2.594e-1
1.0444121e0 1.799927e0 -2.3686932e-1 -2.3686932e-1
1.088856e0 1.799927e0 -2.1544328e-1 -2.1544328e-1
1.1333e0 1.799927e0 -1.9518202e-1 -1.9518202e-1
1.177744e0 1.799927e0 -1.76133115e-1 -1.76133115e-1
1.222188e0 1.799927e0 -1.5831399e-1 -1.5831399e-1
1.2666321e0 1.799927e0 -1.41737256e-1 -1.41737256e-1
1.311076e0 1.799927e0 -1.26392644e-1 -1.26392644e-1
1.35552e0 1.799927e0 -1.12267053e-1 -1.12267053e-1
1.399964e0 1.799927e0 -9.9326839e-2 -9.9326839e-2
1.444408e0 1.799927e0 -8.7531929e-2 -8.7531929e-2
1.4888521e0 1.799927e0 -7.6833138e-2 -7.6833138e-2
1.533296e0 1.799927e0 -6.717641e-2 -6.717641e-2
1.57774e0 1.799927e0 -5.8501106e-2 -5.8501106e-2
1.622184e0 1.799927e0 -5.0746228e-2 -5.0746228e-2
1.666628e0 1.799927e0 -4.3845364e-2 -4.3845364e-2
1.7110721e0 1.799927e0 -3.7733287e-2 -3.7733287e-2
1.755516e0 1.799927e0 -3.2345042e-2 -3.2345042e-2
1.79996e0 1.799927e0 -2.7617378e-2 -2.7617378e-2
1.844404e0 1.799927e0 -2.3487566e-2 -2.3487566e-2
1.888848e0 1.799927e0 -1.9896748e-2 -1.9896748e-2
1.9332921e0 1.799927e0 -1.67886426e-2 -1.67886426e-2
1.977736e0 1.799927e0 -1.41097987e-2 -1.41097987e-2
2.02218e0 1.799927e0 -1.18118326e-2 -1.18118326e-2
2.066624e0 1.799927e0 -9.8491444e-3 -9.8491444e-3
2.111068e0 1.799927e0 -8.1800842e-3 -8.1800842e-3
2.1555121e0 1.799927e0 -6.7670995e-3 -6.7670995e-3
2.199956e0 1.799927e0 -5.5761145e-3 -5.5761145e-3
